--
-- PostgreSQL database dump
--

-- Dumped from database version 16.6 (Ubuntu 16.6-1.pgdg20.04+1)
-- Dumped by pg_dump version 16.4

-- Started on 2025-02-08 17:13:33 CST

SET statement_timeout = 0;
SET lock_timeout = 0;
SET idle_in_transaction_session_timeout = 0;
SET client_encoding = 'UTF8';
SET standard_conforming_strings = on;
SELECT pg_catalog.set_config('search_path', '', false);
SET check_function_bodies = false;
SET xmloption = content;
SET client_min_messages = warning;
SET row_security = off;

--
-- TOC entry 5 (class 2615 OID 2200)
-- Name: public; Type: SCHEMA; Schema: -; Owner: postgres
--

-- *not* creating schema, since initdb creates it


ALTER SCHEMA public OWNER TO postgres;

SET default_tablespace = '';

SET default_table_access_method = heap;

--
-- TOC entry 226 (class 1259 OID 126248)
-- Name: account_user; Type: TABLE; Schema: public; Owner: giantcld
--

CREATE TABLE public.account_user (
    id bigint NOT NULL,
    password character varying(128) NOT NULL,
    last_login timestamp with time zone,
    is_superuser boolean NOT NULL,
    first_name character varying(150) NOT NULL,
    last_name character varying(150) NOT NULL,
    is_staff boolean NOT NULL,
    is_active boolean NOT NULL,
    date_joined timestamp with time zone NOT NULL,
    email character varying(254) NOT NULL,
    username character varying(255)
);


ALTER TABLE public.account_user OWNER TO giantcld;

--
-- TOC entry 228 (class 1259 OID 126258)
-- Name: account_user_groups; Type: TABLE; Schema: public; Owner: giantcld
--

CREATE TABLE public.account_user_groups (
    id bigint NOT NULL,
    user_id bigint NOT NULL,
    group_id integer NOT NULL
);


ALTER TABLE public.account_user_groups OWNER TO giantcld;

--
-- TOC entry 227 (class 1259 OID 126257)
-- Name: account_user_groups_id_seq; Type: SEQUENCE; Schema: public; Owner: giantcld
--

ALTER TABLE public.account_user_groups ALTER COLUMN id ADD GENERATED BY DEFAULT AS IDENTITY (
    SEQUENCE NAME public.account_user_groups_id_seq
    START WITH 1
    INCREMENT BY 1
    NO MINVALUE
    NO MAXVALUE
    CACHE 1
);


--
-- TOC entry 225 (class 1259 OID 126247)
-- Name: account_user_id_seq; Type: SEQUENCE; Schema: public; Owner: giantcld
--

ALTER TABLE public.account_user ALTER COLUMN id ADD GENERATED BY DEFAULT AS IDENTITY (
    SEQUENCE NAME public.account_user_id_seq
    START WITH 1
    INCREMENT BY 1
    NO MINVALUE
    NO MAXVALUE
    CACHE 1
);


--
-- TOC entry 230 (class 1259 OID 126264)
-- Name: account_user_user_permissions; Type: TABLE; Schema: public; Owner: giantcld
--

CREATE TABLE public.account_user_user_permissions (
    id bigint NOT NULL,
    user_id bigint NOT NULL,
    permission_id integer NOT NULL
);


ALTER TABLE public.account_user_user_permissions OWNER TO giantcld;

--
-- TOC entry 229 (class 1259 OID 126263)
-- Name: account_user_user_permissions_id_seq; Type: SEQUENCE; Schema: public; Owner: giantcld
--

ALTER TABLE public.account_user_user_permissions ALTER COLUMN id ADD GENERATED BY DEFAULT AS IDENTITY (
    SEQUENCE NAME public.account_user_user_permissions_id_seq
    START WITH 1
    INCREMENT BY 1
    NO MINVALUE
    NO MAXVALUE
    CACHE 1
);


--
-- TOC entry 234 (class 1259 OID 126320)
-- Name: admin_interface_theme; Type: TABLE; Schema: public; Owner: giantcld
--

CREATE TABLE public.admin_interface_theme (
    id integer NOT NULL,
    name character varying(50) NOT NULL,
    active boolean NOT NULL,
    title character varying(50) NOT NULL,
    title_visible boolean NOT NULL,
    logo character varying(100) NOT NULL,
    logo_visible boolean NOT NULL,
    css_header_background_color character varying(10) NOT NULL,
    title_color character varying(10) NOT NULL,
    css_header_text_color character varying(10) NOT NULL,
    css_header_link_color character varying(10) NOT NULL,
    css_header_link_hover_color character varying(10) NOT NULL,
    css_module_background_color character varying(10) NOT NULL,
    css_module_text_color character varying(10) NOT NULL,
    css_module_link_color character varying(10) NOT NULL,
    css_module_link_hover_color character varying(10) NOT NULL,
    css_module_rounded_corners boolean NOT NULL,
    css_generic_link_color character varying(10) NOT NULL,
    css_generic_link_hover_color character varying(10) NOT NULL,
    css_save_button_background_color character varying(10) NOT NULL,
    css_save_button_background_hover_color character varying(10) NOT NULL,
    css_save_button_text_color character varying(10) NOT NULL,
    css_delete_button_background_color character varying(10) NOT NULL,
    css_delete_button_background_hover_color character varying(10) NOT NULL,
    css_delete_button_text_color character varying(10) NOT NULL,
    list_filter_dropdown boolean NOT NULL,
    related_modal_active boolean NOT NULL,
    related_modal_background_color character varying(10) NOT NULL,
    related_modal_rounded_corners boolean NOT NULL,
    logo_color character varying(10) NOT NULL,
    recent_actions_visible boolean NOT NULL,
    favicon character varying(100) NOT NULL,
    related_modal_background_opacity character varying(5) NOT NULL,
    env_name character varying(50) NOT NULL,
    env_visible_in_header boolean NOT NULL,
    env_color character varying(10) NOT NULL,
    env_visible_in_favicon boolean NOT NULL,
    related_modal_close_button_visible boolean NOT NULL,
    language_chooser_active boolean NOT NULL,
    language_chooser_display character varying(10) NOT NULL,
    list_filter_sticky boolean NOT NULL,
    form_pagination_sticky boolean NOT NULL,
    form_submit_sticky boolean NOT NULL,
    css_module_background_selected_color character varying(10) NOT NULL,
    css_module_link_selected_color character varying(10) NOT NULL,
    logo_max_height smallint NOT NULL,
    logo_max_width smallint NOT NULL,
    foldable_apps boolean NOT NULL,
    language_chooser_control character varying(20) NOT NULL,
    list_filter_highlight boolean NOT NULL,
    list_filter_removal_links boolean NOT NULL,
    show_fieldsets_as_tabs boolean NOT NULL,
    show_inlines_as_tabs boolean NOT NULL,
    css_generic_link_active_color character varying(10) NOT NULL,
    collapsible_stacked_inlines boolean NOT NULL,
    collapsible_stacked_inlines_collapsed boolean NOT NULL,
    collapsible_tabular_inlines boolean NOT NULL,
    collapsible_tabular_inlines_collapsed boolean NOT NULL,
    CONSTRAINT admin_interface_theme_logo_max_height_check CHECK ((logo_max_height >= 0)),
    CONSTRAINT admin_interface_theme_logo_max_width_check CHECK ((logo_max_width >= 0))
);


ALTER TABLE public.admin_interface_theme OWNER TO giantcld;

--
-- TOC entry 233 (class 1259 OID 126319)
-- Name: admin_interface_theme_id_seq; Type: SEQUENCE; Schema: public; Owner: giantcld
--

ALTER TABLE public.admin_interface_theme ALTER COLUMN id ADD GENERATED BY DEFAULT AS IDENTITY (
    SEQUENCE NAME public.admin_interface_theme_id_seq
    START WITH 1
    INCREMENT BY 1
    NO MINVALUE
    NO MAXVALUE
    CACHE 1
);


--
-- TOC entry 222 (class 1259 OID 126208)
-- Name: auth_group; Type: TABLE; Schema: public; Owner: giantcld
--

CREATE TABLE public.auth_group (
    id integer NOT NULL,
    name character varying(150) NOT NULL
);


ALTER TABLE public.auth_group OWNER TO giantcld;

--
-- TOC entry 221 (class 1259 OID 126207)
-- Name: auth_group_id_seq; Type: SEQUENCE; Schema: public; Owner: giantcld
--

ALTER TABLE public.auth_group ALTER COLUMN id ADD GENERATED BY DEFAULT AS IDENTITY (
    SEQUENCE NAME public.auth_group_id_seq
    START WITH 1
    INCREMENT BY 1
    NO MINVALUE
    NO MAXVALUE
    CACHE 1
);


--
-- TOC entry 224 (class 1259 OID 126216)
-- Name: auth_group_permissions; Type: TABLE; Schema: public; Owner: giantcld
--

CREATE TABLE public.auth_group_permissions (
    id bigint NOT NULL,
    group_id integer NOT NULL,
    permission_id integer NOT NULL
);


ALTER TABLE public.auth_group_permissions OWNER TO giantcld;

--
-- TOC entry 223 (class 1259 OID 126215)
-- Name: auth_group_permissions_id_seq; Type: SEQUENCE; Schema: public; Owner: giantcld
--

ALTER TABLE public.auth_group_permissions ALTER COLUMN id ADD GENERATED BY DEFAULT AS IDENTITY (
    SEQUENCE NAME public.auth_group_permissions_id_seq
    START WITH 1
    INCREMENT BY 1
    NO MINVALUE
    NO MAXVALUE
    CACHE 1
);


--
-- TOC entry 220 (class 1259 OID 126202)
-- Name: auth_permission; Type: TABLE; Schema: public; Owner: giantcld
--

CREATE TABLE public.auth_permission (
    id integer NOT NULL,
    name character varying(255) NOT NULL,
    content_type_id integer NOT NULL,
    codename character varying(100) NOT NULL
);


ALTER TABLE public.auth_permission OWNER TO giantcld;

--
-- TOC entry 219 (class 1259 OID 126201)
-- Name: auth_permission_id_seq; Type: SEQUENCE; Schema: public; Owner: giantcld
--

ALTER TABLE public.auth_permission ALTER COLUMN id ADD GENERATED BY DEFAULT AS IDENTITY (
    SEQUENCE NAME public.auth_permission_id_seq
    START WITH 1
    INCREMENT BY 1
    NO MINVALUE
    NO MAXVALUE
    CACHE 1
);


--
-- TOC entry 240 (class 1259 OID 126382)
-- Name: core_autodeskcredentials; Type: TABLE; Schema: public; Owner: giantcld
--

CREATE TABLE public.core_autodeskcredentials (
    id bigint NOT NULL,
    client_id character varying(255) NOT NULL,
    client_secret bytea NOT NULL,
    created_at timestamp with time zone NOT NULL,
    updated_at timestamp with time zone NOT NULL,
    company_id bigint NOT NULL,
    bucket_key character varying(255) NOT NULL
);


ALTER TABLE public.core_autodeskcredentials OWNER TO giantcld;

--
-- TOC entry 239 (class 1259 OID 126381)
-- Name: core_autodeskcredentials_id_seq; Type: SEQUENCE; Schema: public; Owner: giantcld
--

ALTER TABLE public.core_autodeskcredentials ALTER COLUMN id ADD GENERATED BY DEFAULT AS IDENTITY (
    SEQUENCE NAME public.core_autodeskcredentials_id_seq
    START WITH 1
    INCREMENT BY 1
    NO MINVALUE
    NO MAXVALUE
    CACHE 1
);


--
-- TOC entry 236 (class 1259 OID 126366)
-- Name: core_company; Type: TABLE; Schema: public; Owner: giantcld
--

CREATE TABLE public.core_company (
    id bigint NOT NULL,
    name character varying(255) NOT NULL
);


ALTER TABLE public.core_company OWNER TO giantcld;

--
-- TOC entry 235 (class 1259 OID 126365)
-- Name: core_company_id_seq; Type: SEQUENCE; Schema: public; Owner: giantcld
--

ALTER TABLE public.core_company ALTER COLUMN id ADD GENERATED BY DEFAULT AS IDENTITY (
    SEQUENCE NAME public.core_company_id_seq
    START WITH 1
    INCREMENT BY 1
    NO MINVALUE
    NO MAXVALUE
    CACHE 1
);


--
-- TOC entry 238 (class 1259 OID 126374)
-- Name: core_locale; Type: TABLE; Schema: public; Owner: giantcld
--

CREATE TABLE public.core_locale (
    id bigint NOT NULL,
    lang character varying(10) NOT NULL,
    name character varying(100) NOT NULL,
    is_active boolean NOT NULL
);


ALTER TABLE public.core_locale OWNER TO giantcld;

--
-- TOC entry 237 (class 1259 OID 126373)
-- Name: core_locale_id_seq; Type: SEQUENCE; Schema: public; Owner: giantcld
--

ALTER TABLE public.core_locale ALTER COLUMN id ADD GENERATED BY DEFAULT AS IDENTITY (
    SEQUENCE NAME public.core_locale_id_seq
    START WITH 1
    INCREMENT BY 1
    NO MINVALUE
    NO MAXVALUE
    CACHE 1
);


--
-- TOC entry 242 (class 1259 OID 126392)
-- Name: core_navigation; Type: TABLE; Schema: public; Owner: giantcld
--

CREATE TABLE public.core_navigation (
    id bigint NOT NULL,
    title_locale character varying(30) NOT NULL,
    subtitle_locale character varying(255),
    type character varying(20) NOT NULL,
    icon character varying(120),
    link character varying(255),
    is_active boolean NOT NULL,
    "order" integer NOT NULL,
    lft integer NOT NULL,
    rght integer NOT NULL,
    tree_id integer NOT NULL,
    level integer NOT NULL,
    parent_id bigint,
    CONSTRAINT core_navigation_level_check CHECK ((level >= 0)),
    CONSTRAINT core_navigation_lft_check CHECK ((lft >= 0)),
    CONSTRAINT core_navigation_rght_check CHECK ((rght >= 0)),
    CONSTRAINT core_navigation_tree_id_check CHECK ((tree_id >= 0))
);


ALTER TABLE public.core_navigation OWNER TO giantcld;

--
-- TOC entry 241 (class 1259 OID 126391)
-- Name: core_navigation_id_seq; Type: SEQUENCE; Schema: public; Owner: giantcld
--

ALTER TABLE public.core_navigation ALTER COLUMN id ADD GENERATED BY DEFAULT AS IDENTITY (
    SEQUENCE NAME public.core_navigation_id_seq
    START WITH 1
    INCREMENT BY 1
    NO MINVALUE
    NO MAXVALUE
    CACHE 1
);


--
-- TOC entry 244 (class 1259 OID 126404)
-- Name: core_navigation_permissions; Type: TABLE; Schema: public; Owner: giantcld
--

CREATE TABLE public.core_navigation_permissions (
    id bigint NOT NULL,
    navigation_id bigint NOT NULL,
    permission_id integer NOT NULL
);


ALTER TABLE public.core_navigation_permissions OWNER TO giantcld;

--
-- TOC entry 243 (class 1259 OID 126403)
-- Name: core_navigation_permissions_id_seq; Type: SEQUENCE; Schema: public; Owner: giantcld
--

ALTER TABLE public.core_navigation_permissions ALTER COLUMN id ADD GENERATED BY DEFAULT AS IDENTITY (
    SEQUENCE NAME public.core_navigation_permissions_id_seq
    START WITH 1
    INCREMENT BY 1
    NO MINVALUE
    NO MAXVALUE
    CACHE 1
);


--
-- TOC entry 248 (class 1259 OID 126418)
-- Name: core_translation; Type: TABLE; Schema: public; Owner: giantcld
--

CREATE TABLE public.core_translation (
    id bigint NOT NULL,
    key character varying(255) NOT NULL,
    value text NOT NULL,
    locale_id bigint NOT NULL
);


ALTER TABLE public.core_translation OWNER TO giantcld;

--
-- TOC entry 247 (class 1259 OID 126417)
-- Name: core_translation_id_seq; Type: SEQUENCE; Schema: public; Owner: giantcld
--

ALTER TABLE public.core_translation ALTER COLUMN id ADD GENERATED BY DEFAULT AS IDENTITY (
    SEQUENCE NAME public.core_translation_id_seq
    START WITH 1
    INCREMENT BY 1
    NO MINVALUE
    NO MAXVALUE
    CACHE 1
);


--
-- TOC entry 246 (class 1259 OID 126410)
-- Name: core_userprofile; Type: TABLE; Schema: public; Owner: giantcld
--

CREATE TABLE public.core_userprofile (
    id bigint NOT NULL,
    company_id bigint NOT NULL,
    user_id bigint NOT NULL
);


ALTER TABLE public.core_userprofile OWNER TO giantcld;

--
-- TOC entry 245 (class 1259 OID 126409)
-- Name: core_userprofile_id_seq; Type: SEQUENCE; Schema: public; Owner: giantcld
--

ALTER TABLE public.core_userprofile ALTER COLUMN id ADD GENERATED BY DEFAULT AS IDENTITY (
    SEQUENCE NAME public.core_userprofile_id_seq
    START WITH 1
    INCREMENT BY 1
    NO MINVALUE
    NO MAXVALUE
    CACHE 1
);


--
-- TOC entry 232 (class 1259 OID 126299)
-- Name: django_admin_log; Type: TABLE; Schema: public; Owner: giantcld
--

CREATE TABLE public.django_admin_log (
    id integer NOT NULL,
    action_time timestamp with time zone NOT NULL,
    object_id text,
    object_repr character varying(200) NOT NULL,
    action_flag smallint NOT NULL,
    change_message text NOT NULL,
    content_type_id integer,
    user_id bigint NOT NULL,
    CONSTRAINT django_admin_log_action_flag_check CHECK ((action_flag >= 0))
);


ALTER TABLE public.django_admin_log OWNER TO giantcld;

--
-- TOC entry 231 (class 1259 OID 126298)
-- Name: django_admin_log_id_seq; Type: SEQUENCE; Schema: public; Owner: giantcld
--

ALTER TABLE public.django_admin_log ALTER COLUMN id ADD GENERATED BY DEFAULT AS IDENTITY (
    SEQUENCE NAME public.django_admin_log_id_seq
    START WITH 1
    INCREMENT BY 1
    NO MINVALUE
    NO MAXVALUE
    CACHE 1
);


--
-- TOC entry 252 (class 1259 OID 126496)
-- Name: django_celery_results_chordcounter; Type: TABLE; Schema: public; Owner: giantcld
--

CREATE TABLE public.django_celery_results_chordcounter (
    id integer NOT NULL,
    group_id character varying(255) NOT NULL,
    sub_tasks text NOT NULL,
    count integer NOT NULL,
    CONSTRAINT django_celery_results_chordcounter_count_check CHECK ((count >= 0))
);


ALTER TABLE public.django_celery_results_chordcounter OWNER TO giantcld;

--
-- TOC entry 251 (class 1259 OID 126495)
-- Name: django_celery_results_chordcounter_id_seq; Type: SEQUENCE; Schema: public; Owner: giantcld
--

ALTER TABLE public.django_celery_results_chordcounter ALTER COLUMN id ADD GENERATED BY DEFAULT AS IDENTITY (
    SEQUENCE NAME public.django_celery_results_chordcounter_id_seq
    START WITH 1
    INCREMENT BY 1
    NO MINVALUE
    NO MAXVALUE
    CACHE 1
);


--
-- TOC entry 254 (class 1259 OID 126508)
-- Name: django_celery_results_groupresult; Type: TABLE; Schema: public; Owner: giantcld
--

CREATE TABLE public.django_celery_results_groupresult (
    id integer NOT NULL,
    group_id character varying(255) NOT NULL,
    date_created timestamp with time zone NOT NULL,
    date_done timestamp with time zone NOT NULL,
    content_type character varying(128) NOT NULL,
    content_encoding character varying(64) NOT NULL,
    result text
);


ALTER TABLE public.django_celery_results_groupresult OWNER TO giantcld;

--
-- TOC entry 253 (class 1259 OID 126507)
-- Name: django_celery_results_groupresult_id_seq; Type: SEQUENCE; Schema: public; Owner: giantcld
--

ALTER TABLE public.django_celery_results_groupresult ALTER COLUMN id ADD GENERATED BY DEFAULT AS IDENTITY (
    SEQUENCE NAME public.django_celery_results_groupresult_id_seq
    START WITH 1
    INCREMENT BY 1
    NO MINVALUE
    NO MAXVALUE
    CACHE 1
);


--
-- TOC entry 250 (class 1259 OID 126475)
-- Name: django_celery_results_taskresult; Type: TABLE; Schema: public; Owner: giantcld
--

CREATE TABLE public.django_celery_results_taskresult (
    id integer NOT NULL,
    task_id character varying(255) NOT NULL,
    status character varying(50) NOT NULL,
    content_type character varying(128) NOT NULL,
    content_encoding character varying(64) NOT NULL,
    result text,
    date_done timestamp with time zone NOT NULL,
    traceback text,
    meta text,
    task_args text,
    task_kwargs text,
    task_name character varying(255),
    worker character varying(100),
    date_created timestamp with time zone NOT NULL,
    periodic_task_name character varying(255)
);


ALTER TABLE public.django_celery_results_taskresult OWNER TO giantcld;

--
-- TOC entry 249 (class 1259 OID 126474)
-- Name: django_celery_results_taskresult_id_seq; Type: SEQUENCE; Schema: public; Owner: giantcld
--

ALTER TABLE public.django_celery_results_taskresult ALTER COLUMN id ADD GENERATED BY DEFAULT AS IDENTITY (
    SEQUENCE NAME public.django_celery_results_taskresult_id_seq
    START WITH 1
    INCREMENT BY 1
    NO MINVALUE
    NO MAXVALUE
    CACHE 1
);


--
-- TOC entry 218 (class 1259 OID 126194)
-- Name: django_content_type; Type: TABLE; Schema: public; Owner: giantcld
--

CREATE TABLE public.django_content_type (
    id integer NOT NULL,
    app_label character varying(100) NOT NULL,
    model character varying(100) NOT NULL
);


ALTER TABLE public.django_content_type OWNER TO giantcld;

--
-- TOC entry 217 (class 1259 OID 126193)
-- Name: django_content_type_id_seq; Type: SEQUENCE; Schema: public; Owner: giantcld
--

ALTER TABLE public.django_content_type ALTER COLUMN id ADD GENERATED BY DEFAULT AS IDENTITY (
    SEQUENCE NAME public.django_content_type_id_seq
    START WITH 1
    INCREMENT BY 1
    NO MINVALUE
    NO MAXVALUE
    CACHE 1
);


--
-- TOC entry 216 (class 1259 OID 126186)
-- Name: django_migrations; Type: TABLE; Schema: public; Owner: giantcld
--

CREATE TABLE public.django_migrations (
    id bigint NOT NULL,
    app character varying(255) NOT NULL,
    name character varying(255) NOT NULL,
    applied timestamp with time zone NOT NULL
);


ALTER TABLE public.django_migrations OWNER TO giantcld;

--
-- TOC entry 215 (class 1259 OID 126185)
-- Name: django_migrations_id_seq; Type: SEQUENCE; Schema: public; Owner: giantcld
--

ALTER TABLE public.django_migrations ALTER COLUMN id ADD GENERATED BY DEFAULT AS IDENTITY (
    SEQUENCE NAME public.django_migrations_id_seq
    START WITH 1
    INCREMENT BY 1
    NO MINVALUE
    NO MAXVALUE
    CACHE 1
);


--
-- TOC entry 255 (class 1259 OID 126525)
-- Name: django_session; Type: TABLE; Schema: public; Owner: giantcld
--

CREATE TABLE public.django_session (
    session_key character varying(40) NOT NULL,
    session_data text NOT NULL,
    expire_date timestamp with time zone NOT NULL
);


ALTER TABLE public.django_session OWNER TO giantcld;

--
-- TOC entry 257 (class 1259 OID 126535)
-- Name: token_blacklist_blacklistedtoken; Type: TABLE; Schema: public; Owner: giantcld
--

CREATE TABLE public.token_blacklist_blacklistedtoken (
    id bigint NOT NULL,
    blacklisted_at timestamp with time zone NOT NULL,
    token_id bigint NOT NULL
);


ALTER TABLE public.token_blacklist_blacklistedtoken OWNER TO giantcld;

--
-- TOC entry 256 (class 1259 OID 126534)
-- Name: token_blacklist_blacklistedtoken_id_seq; Type: SEQUENCE; Schema: public; Owner: giantcld
--

ALTER TABLE public.token_blacklist_blacklistedtoken ALTER COLUMN id ADD GENERATED BY DEFAULT AS IDENTITY (
    SEQUENCE NAME public.token_blacklist_blacklistedtoken_id_seq
    START WITH 1
    INCREMENT BY 1
    NO MINVALUE
    NO MAXVALUE
    CACHE 1
);


--
-- TOC entry 259 (class 1259 OID 126541)
-- Name: token_blacklist_outstandingtoken; Type: TABLE; Schema: public; Owner: giantcld
--

CREATE TABLE public.token_blacklist_outstandingtoken (
    id bigint NOT NULL,
    token text NOT NULL,
    created_at timestamp with time zone,
    expires_at timestamp with time zone NOT NULL,
    user_id bigint,
    jti character varying(255) NOT NULL
);


ALTER TABLE public.token_blacklist_outstandingtoken OWNER TO giantcld;

--
-- TOC entry 258 (class 1259 OID 126540)
-- Name: token_blacklist_outstandingtoken_id_seq; Type: SEQUENCE; Schema: public; Owner: giantcld
--

ALTER TABLE public.token_blacklist_outstandingtoken ALTER COLUMN id ADD GENERATED BY DEFAULT AS IDENTITY (
    SEQUENCE NAME public.token_blacklist_outstandingtoken_id_seq
    START WITH 1
    INCREMENT BY 1
    NO MINVALUE
    NO MAXVALUE
    CACHE 1
);


--
-- TOC entry 3561 (class 0 OID 126248)
-- Dependencies: 226
-- Data for Name: account_user; Type: TABLE DATA; Schema: public; Owner: giantcld
--

COPY public.account_user (id, password, last_login, is_superuser, first_name, last_name, is_staff, is_active, date_joined, email, username) FROM stdin;
1	pbkdf2_sha256$870000$sWjy4vtLlxt0NGwn2ydbfe$Bx8xkJ74k1KzqjzlIH091d+ibdUBUbnyDNujO3gMXlc=	2025-02-08 16:29:59.652958+08	t			t	t	2025-02-08 16:23:41.746113+08	admin@example.com	\N
\.


--
-- TOC entry 3563 (class 0 OID 126258)
-- Dependencies: 228
-- Data for Name: account_user_groups; Type: TABLE DATA; Schema: public; Owner: giantcld
--

COPY public.account_user_groups (id, user_id, group_id) FROM stdin;
\.


--
-- TOC entry 3565 (class 0 OID 126264)
-- Dependencies: 230
-- Data for Name: account_user_user_permissions; Type: TABLE DATA; Schema: public; Owner: giantcld
--

COPY public.account_user_user_permissions (id, user_id, permission_id) FROM stdin;
\.


--
-- TOC entry 3569 (class 0 OID 126320)
-- Dependencies: 234
-- Data for Name: admin_interface_theme; Type: TABLE DATA; Schema: public; Owner: giantcld
--

COPY public.admin_interface_theme (id, name, active, title, title_visible, logo, logo_visible, css_header_background_color, title_color, css_header_text_color, css_header_link_color, css_header_link_hover_color, css_module_background_color, css_module_text_color, css_module_link_color, css_module_link_hover_color, css_module_rounded_corners, css_generic_link_color, css_generic_link_hover_color, css_save_button_background_color, css_save_button_background_hover_color, css_save_button_text_color, css_delete_button_background_color, css_delete_button_background_hover_color, css_delete_button_text_color, list_filter_dropdown, related_modal_active, related_modal_background_color, related_modal_rounded_corners, logo_color, recent_actions_visible, favicon, related_modal_background_opacity, env_name, env_visible_in_header, env_color, env_visible_in_favicon, related_modal_close_button_visible, language_chooser_active, language_chooser_display, list_filter_sticky, form_pagination_sticky, form_submit_sticky, css_module_background_selected_color, css_module_link_selected_color, logo_max_height, logo_max_width, foldable_apps, language_chooser_control, list_filter_highlight, list_filter_removal_links, show_fieldsets_as_tabs, show_inlines_as_tabs, css_generic_link_active_color, collapsible_stacked_inlines, collapsible_stacked_inlines_collapsed, collapsible_tabular_inlines, collapsible_tabular_inlines_collapsed) FROM stdin;
3	BIM	t		f		t	#112E51	#FFFFFF	#FFFFFF	#FFFFFF	#E1F3F8	#112E51	#FFFFFF	#FFFFFF	#E1F3F8	t	#112E51	#0071BC	#112E51	#205493	#FFFFFF	#CD2026	#981B1E	#FFFFFF	f	t	#000000	t	#FFFFFF	t		0.8	BIM模型管理服務系統	t	#E74C3C	t	t	t	code	t	f	f	#FFFFCC	#FFFFFF	100	400	t	default-select	t	f	f	f	#29B864	f	t	f	t
1	Django	f	Django administration	t		t	#0C4B33	#F5DD5D	#44B78B	#FFFFFF	#C9F0DD	#44B78B	#FFFFFF	#FFFFFF	#C9F0DD	t	#0C3C26	#156641	#0C4B33	#0C3C26	#FFFFFF	#BA2121	#A41515	#FFFFFF	t	t	#000000	t	#FFFFFF	t		0.3		t	#E74C3C	t	t	t	code	t	f	f	#FFFFCC	#FFFFFF	100	400	t	default-select	t	f	f	f	#29B864	f	t	f	t
\.


--
-- TOC entry 3557 (class 0 OID 126208)
-- Dependencies: 222
-- Data for Name: auth_group; Type: TABLE DATA; Schema: public; Owner: giantcld
--

COPY public.auth_group (id, name) FROM stdin;
\.


--
-- TOC entry 3559 (class 0 OID 126216)
-- Dependencies: 224
-- Data for Name: auth_group_permissions; Type: TABLE DATA; Schema: public; Owner: giantcld
--

COPY public.auth_group_permissions (id, group_id, permission_id) FROM stdin;
\.


--
-- TOC entry 3555 (class 0 OID 126202)
-- Dependencies: 220
-- Data for Name: auth_permission; Type: TABLE DATA; Schema: public; Owner: giantcld
--

COPY public.auth_permission (id, name, content_type_id, codename) FROM stdin;
1	Can add Theme	1	add_theme
2	Can change Theme	1	change_theme
3	Can delete Theme	1	delete_theme
4	Can view Theme	1	view_theme
5	Can add log entry	2	add_logentry
6	Can change log entry	2	change_logentry
7	Can delete log entry	2	delete_logentry
8	Can view log entry	2	view_logentry
9	Can add permission	3	add_permission
10	Can change permission	3	change_permission
11	Can delete permission	3	delete_permission
12	Can view permission	3	view_permission
13	Can add group	4	add_group
14	Can change group	4	change_group
15	Can delete group	4	delete_group
16	Can view group	4	view_group
17	Can add content type	5	add_contenttype
18	Can change content type	5	change_contenttype
19	Can delete content type	5	delete_contenttype
20	Can view content type	5	view_contenttype
21	Can add session	6	add_session
22	Can change session	6	change_session
23	Can delete session	6	delete_session
24	Can view session	6	view_session
25	Can add blacklisted token	7	add_blacklistedtoken
26	Can change blacklisted token	7	change_blacklistedtoken
27	Can delete blacklisted token	7	delete_blacklistedtoken
28	Can view blacklisted token	7	view_blacklistedtoken
29	Can add outstanding token	8	add_outstandingtoken
30	Can change outstanding token	8	change_outstandingtoken
31	Can delete outstanding token	8	delete_outstandingtoken
32	Can view outstanding token	8	view_outstandingtoken
33	Can add task result	9	add_taskresult
34	Can change task result	9	change_taskresult
35	Can delete task result	9	delete_taskresult
36	Can view task result	9	view_taskresult
37	Can add chord counter	10	add_chordcounter
38	Can change chord counter	10	change_chordcounter
39	Can delete chord counter	10	delete_chordcounter
40	Can view chord counter	10	view_chordcounter
41	Can add group result	11	add_groupresult
42	Can change group result	11	change_groupresult
43	Can delete group result	11	delete_groupresult
44	Can view group result	11	view_groupresult
45	Can add user	12	add_user
46	Can change user	12	change_user
47	Can delete user	12	delete_user
48	Can view user	12	view_user
49	Can add company	13	add_company
50	Can change company	13	change_company
51	Can delete company	13	delete_company
52	Can view company	13	view_company
53	Can add locale	14	add_locale
54	Can change locale	14	change_locale
55	Can delete locale	14	delete_locale
56	Can view locale	14	view_locale
57	Can add autodesk credentials	15	add_autodeskcredentials
58	Can change autodesk credentials	15	change_autodeskcredentials
59	Can delete autodesk credentials	15	delete_autodeskcredentials
60	Can view autodesk credentials	15	view_autodeskcredentials
61	Can add user profile	17	add_userprofile
62	Can change user profile	17	change_userprofile
63	Can delete user profile	17	delete_userprofile
64	Can view user profile	17	view_userprofile
65	Can add translation	18	add_translation
66	Can change translation	18	change_translation
67	Can delete translation	18	delete_translation
68	Can view translation	18	view_translation
\.


--
-- TOC entry 3575 (class 0 OID 126382)
-- Dependencies: 240
-- Data for Name: core_autodeskcredentials; Type: TABLE DATA; Schema: public; Owner: giantcld
--

COPY public.core_autodeskcredentials (id, client_id, client_secret, created_at, updated_at, company_id, bucket_key) FROM stdin;
3	94MGPGEtqunCJS6XyZAAnztSSIrtfOLsVWQEkLNQ7uracrAC	\\x674141414141426e70783646616d465a587a554332746f6a316f676d6c614a7a50464e4a3937513856735f576e6e514d49347776484b50736c4733526b30765163434b5247355a4770355f446a30586b6f356c5474314737636248343645415647757235496b334e326c4175636e33506d6463453470335159496b4b57626868465565696c61473733544457654333614e42694138765379424834316654767345733773686c46334465362d626f5f4c595651466452553d	2025-02-08 17:06:13.938191+08	2025-02-08 17:06:13.938218+08	1	bmms_oss
\.


--
-- TOC entry 3571 (class 0 OID 126366)
-- Dependencies: 236
-- Data for Name: core_company; Type: TABLE DATA; Schema: public; Owner: giantcld
--

COPY public.core_company (id, name) FROM stdin;
1	桃園機場公司
\.


--
-- TOC entry 3573 (class 0 OID 126374)
-- Dependencies: 238
-- Data for Name: core_locale; Type: TABLE DATA; Schema: public; Owner: giantcld
--

COPY public.core_locale (id, lang, name, is_active) FROM stdin;
1	en	English	t
2	zh	繁體中文	t
3	ja	日本語	f
\.


--
-- TOC entry 3577 (class 0 OID 126392)
-- Dependencies: 242
-- Data for Name: core_navigation; Type: TABLE DATA; Schema: public; Owner: giantcld
--

COPY public.core_navigation (id, title_locale, subtitle_locale, type, icon, link, is_active, "order", lft, rght, tree_id, level, parent_id) FROM stdin;
5	bim-information-listing	\N	basic	heroicons_outline:magnifying-glass	/process-functions	t	1	1	2	1	0	\N
6	bim-model-viewer	\N	basic	heroicons_outline:photo	bim-model-viewer	t	2	1	2	2	0	\N
7	bim-data-import	\N	basic	heroicons_outline:inbox-arrow-down	/bim-data-import	t	4	1	2	4	0	\N
8	user-management	\N	basic	heroicons_outline:users	/user-management	t	5	1	2	5	0	\N
9	system-administration	\N	basic	heroicons_outline:cog-6-tooth	/system-administration	t	6	1	2	6	0	\N
10	bim-media-viewer	\N	basic	heroicons_outline:folder	/bim-media-viewer	t	3	1	2	3	0	\N
\.


--
-- TOC entry 3579 (class 0 OID 126404)
-- Dependencies: 244
-- Data for Name: core_navigation_permissions; Type: TABLE DATA; Schema: public; Owner: giantcld
--

COPY public.core_navigation_permissions (id, navigation_id, permission_id) FROM stdin;
\.


--
-- TOC entry 3583 (class 0 OID 126418)
-- Dependencies: 248
-- Data for Name: core_translation; Type: TABLE DATA; Schema: public; Owner: giantcld
--

COPY public.core_translation (id, key, value, locale_id) FROM stdin;
1	app-title	BIM 模型管理服務系統	2
2	bim-information-listing	圖資檢索	2
3	bim-information-listing-desc	圖資檢索功能說明	2
4	bim-model-viewer	模型檢視	2
5	bim-data-import	模型匯入	2
6	user	使用者	2
7	user-management	使用者管理	2
8	system-administration	系統管理	2
9	advanced-search	COBie Data 進階查詢	2
10	search-keyword	查詢關鍵字...	2
11	user-account	帳戶管理	2
12	log-query	紀錄查詢	2
13	role	權限	2
14	role-list	權限設定	2
15	aps-account	APS帳號及憑證	2
16	backup-restore	資料庫備份及還原	2
17	system-administrator	系統管理員	2
18	security-manager	安控管理人員	2
19	bim-manager	圖模管理人員	2
20	bim-operator	圖資作業人員	2
21	inquiry-user	一般查詢使用者	2
22	client-id	Client ID	2
23	client-secret	Client Secret	2
24	bucket-key	Bucket Key	2
25	upload-object	上傳圖資	2
26	translate-job	圖資轉換	2
27	extract-metadata	擷取數據	2
28	module	模組	2
29	model-import-operations	模型匯入作業	2
30	model-import-operations-desc	使用 APS 服務將模型轉換 WebGL 格式	2
31	bim-file-management	BIM 檔案管理	2
32	bim-file-management-desc	可管理並下載 BIM 檔案	2
33	digital-files	數位化檔案	2
34	digital-files-desc	可管理數位化檔案並下載	2
35	bim-information-search	圖資檢索查詢	2
36	bim-information-search-desc	可查詢模型檢索列表資料	2
37	bim-data-export	圖資資料匯出	2
38	bim-data-export-desc	可匯出圖資查詢結果列表	2
39	3d-model-viewer	3D模型檢視器	2
40	3d-model-viewer-desc	可使用 3D WebGL 模型檢視器	2
41	user-management-desc	可新增、刪除、修改使用者帳戶	2
42	permission-group-management	權限群組管理	2
43	permission-group-management-desc	可新增、刪除、修改使用者權限群組	2
44	user-log-query	查詢使用者歷程	2
45	user-log-query-desc	可查詢使用者歷程記錄並匯出記錄檔	2
46	aps-account-desc	可修改 APS 帳號及憑證資料	2
47	database-management	資料庫管理	2
48	database-management-desc	可進行資料庫備份及還原作業	2
49	system-log-query	系統日誌	2
50	system-log-query-desc	可查詢系統記錄並匯出記錄檔	2
51	file-directory	數位化文件資料夾	2
52	search-bim-name	查詢圖資名稱	2
53	loading	載入中	2
54	sign-in	登入	2
55	sign-out	登出	2
56	username	帳號	2
57	password	密碼	2
58	no	編號	2
59	name	名稱	2
60	email	電子信箱	2
61	is-required	是必需的	2
62	remember-me	保持登入	2
63	forgot-username	忘記帳號	2
64	forgot-password	忘記密碼	2
65	wrong-email-password	請確認帳號或密碼是否正確	2
66	worng-email-format	請輸入有效的電子郵件地址	2
67	register	註冊帳號	2
68	create	新增	2
69	save	儲存	2
70	edit	編輯	2
71	confirm	確認	2
72	close	關閉	2
73	auth-user	授權帳戶	2
74	auth-permission	權限	2
75	auth-group	權限群組	2
76	cancel	取消	2
78	app-title	BIM Model Management System	1
79	bim-information-listing	BIM Information Listing	1
80	bim-information-listing-desc	BIM Information Listing function description	1
81	bim-model-viewer	BIM Model Viewer	1
82	bim-data-import	BIM Data Import	1
83	user	User	1
84	user-management	User Management	1
85	system-administration	System Administration	1
86	advanced-search	COBie Data Advanced Search	1
87	search-keyword	Search keyword...	1
88	user-account	Account Management	1
89	log-query	Log Query	1
90	role	Role	1
91	role-list	Permission Settings	1
92	aps-account	APS Account & Credentials	1
93	backup-restore	Database Backup & Restore	1
94	system-administrator	Administrator	1
95	security-manager	Security Manager	1
96	bim-manager	BIM Manager	1
97	bim-operator	BIM Operator	1
98	inquiry-user	Inquiry User	1
99	client-id	Client ID	1
100	client-secret	Client Secret	1
101	bucket-key	Bucket Key	1
102	upload-object	Upload Object	1
103	translate-job	Translate Job	1
104	extract-metadata	Extract Metadata	1
105	module	 Module	1
106	model-import-operations	Model Import Operations	1
107	model-import-operations-desc	Use APS service to convert models to WebGL format	1
108	bim-file-management	BIM File Management	1
109	bim-file-management-desc	Can manage and download BIM files	1
110	digital-files	Digital Files	1
111	digital-files-desc	Can manage and download digital files	1
112	bim-information-search	BIM Information Search	1
113	bim-information-search-desc	Can search model information list data	1
114	bim-data-export	BIM Data Export	1
115	bim-data-export-desc	Can export BIM information search result list	1
116	3d-model-viewer	3D Model Viewer	1
117	3d-model-viewer-desc	Can use 3D WebGL model viewer	1
118	user-management-desc	Can add, delete, and modify user accounts	1
119	permission-group-management	Permission Group Management	1
120	permission-group-management-desc	Can add, delete, and modify user permission groups	1
121	user-log-query	User Log Query	1
122	user-log-query-desc	Can query user log records and export log files	1
123	aps-account-desc	Can modify APS account and credential data	1
124	database-management	Database Management	1
125	database-management-desc	Can perform database backup and restore operations	1
126	system-log-query	System Log Query	1
127	system-log-query-desc	Can query system logs and export log files	1
128	file-directory	Digital files directory	1
129	search-bim-name	Search BIM Name	1
130	loading	Loading	1
131	sign-in	Sign in	1
132	sign-out	Sign out	1
133	username	Account	1
134	password	Password	1
135	no	No	1
136	name	Name	1
137	email	Email	1
138	is-required	is required	1
139	remember-me	Remember me	1
140	forgot-username	Forgot Username	1
141	forgot-password	Forgot Password	1
142	wrong-email-password	Wrong username or password	1
143	worng-email-format	Please enter a valid email address	1
144	register	Register Account	1
145	create	Create	1
146	save	Save	1
147	edit	Edit	1
148	confirm	Confirm	1
149	close	Close	1
150	auth-user	Authorized User	1
151	auth-permission	Authorized Permission	1
152	auth-group	Authorized Group	1
153	cancel	Cancel	1
154	email-already-exists	Email already exists	1
155	app-title	BIMモデル管理サービスシステム	3
157	bim-information-listing	図面データ検索	3
158	bim-information-listing-desc	図面データ検索機能の説明	3
159	bim-model-viewer	モデルビューア	3
160	bim-data-import	モデルインポート	3
161	user	ユーザー	3
162	user-management	ユーザー管理	3
163	system-administration	システム管理	3
164	advanced-search	COBieデータの高度な検索	3
165	search-keyword	検索キーワード...	3
166	user-account	アカウント管理	3
167	log-query	ログ検索	3
168	role	権限	3
169	role-list	権限設定	3
170	aps-account	APSアカウントと認証情報	3
171	backup-restore	データベースのバックアップと復元	3
172	system-administrator	システム管理者	3
173	security-manager	セキュリティ管理者	3
174	bim-manager	BIMマネージャー	3
175	bim-operator	BIMオペレーター	3
176	inquiry-user	一般検索ユーザー	3
177	client-id	クライアントID	3
178	client-secret	クライアントシークレット	3
179	bucket-key	バケットキー	3
180	upload-object	図面データのアップロード	3
181	translate-job	図面データの変換	3
182	extract-metadata	データ抽出	3
183	module	モジュール	3
184	model-import-operations	モデルインポート作業	3
185	model-import-operations-desc	APSサービスを使用してモデルをWebGL形式に変換	3
186	bim-file-management	BIMファイル管理	3
187	bim-file-management-desc	BIMファイルの管理とダウンロードが可能	3
188	digital-files	デジタルファイル	3
189	digital-files-desc	デジタルファイルの管理とダウンロードが可能	3
190	bim-information-search	図面データ検索	3
191	bim-information-search-desc	モデル検索リストデータを検索可能	3
192	bim-data-export	図面データエクスポート	3
193	bim-data-export-desc	図面データ検索結果リストをエクスポート可能	3
194	3d-model-viewer	3Dモデルビューア	3
195	3d-model-viewer-desc	3D WebGLモデルビューアを使用可能	3
196	user-management-desc	ユーザーアカウントの追加、削除、編集が可能	3
197	permission-group-management	権限グループ管理	3
198	permission-group-management-desc	ユーザーの権限グループを追加、削除、編集可能	3
199	user-log-query	ユーザーログ検索	3
200	user-log-query-desc	ユーザーログの検索およびログファイルのエクスポートが可能	3
201	aps-account-desc	APSアカウントと認証情報の編集が可能	3
202	database-management	データベース管理	3
203	database-management-desc	データベースのバックアップおよび復元作業が可能	3
204	system-log-query	システムログ	3
205	system-log-query-desc	システムログの検索およびログファイルのエクスポートが可能	3
206	file-directory	デジタルドキュメントフォルダ	3
207	search-bim-name	図面データ名を検索	3
208	loading	ロード中	3
209	sign-in	ログイン	3
210	sign-out	ログアウト	3
211	username	ユーザー名	3
212	password	パスワード	3
213	no	番号	3
214	name	名称	3
215	email	メールアドレス	3
216	is-required	必須項目です	3
217	remember-me	ログイン状態を保持	3
218	forgot-username	ユーザー名を忘れた	3
219	forgot-password	パスワードを忘れた	3
220	wrong-email-password	ユーザー名またはパスワードが正しくありません	3
221	worng-email-format	有効なメールアドレスを入力してください	3
222	register	アカウント登録	3
223	create	新規作成	3
224	save	保存	3
225	edit	編集	3
226	confirm	確認	3
227	close	閉じる	3
228	auth-user	認証ユーザー	3
229	auth-permission	権限	3
230	auth-group	権限グループ	3
231	cancel	キャンセル	3
232	email-already-exists	メールアドレスは既に存在しています	3
233	file-label	File Label/Name	1
234	upload-time	Upload Time	1
235	uploader	Uploader	1
236	download-cobie-csv	Download COBie CSV	1
237	download-bim-source	Download BIM Source File	1
238	previous-backup-version	Previous Backup Version	1
239	restore-previous-version	Restore Previous Version	1
240	file-label	標別/檔案名稱	2
241	upload-time	上傳時間	2
242	uploader	上傳者	2
243	download-cobie-csv	下載COBie CSV	2
244	download-bim-source	下載BIM原始檔	2
245	previous-backup-version	前次備份版本	2
246	restore-previous-version	還原前次版本	2
247	file-name	File Name	1
248	file-size	File Size	1
249	status	Status	1
250	message	Message	1
251	file-name	檔案名稱	2
252	file-size	檔案大小	2
253	status	狀態	2
254	message	訊息	2
77	email-already-exists	電子郵件已存在	2
255	already-exists	already exists	1
256	already-exists	已存在	2
258	select-file	選擇檔案	2
259	confirm-action	Confirm action	1
260	delete-confirm	Are you sure you want to remove this item? This action cannot be undone!	1
261	delete	Delete	1
262	confirm-action	確認操作	2
263	delete-confirm	您確定要刪除這個項目嗎？這個操作無法還原！	2
264	delete	刪除	2
265	delete-success	The item has been successfully deleted.	1
266	delete-success	項目已成功刪除	2
257	select-file	Select Files	1
267	bim-media-viewer	File Management	1
268	bim-media-viewer	文件管理	2
\.


--
-- TOC entry 3581 (class 0 OID 126410)
-- Dependencies: 246
-- Data for Name: core_userprofile; Type: TABLE DATA; Schema: public; Owner: giantcld
--

COPY public.core_userprofile (id, company_id, user_id) FROM stdin;
1	1	1
\.


--
-- TOC entry 3567 (class 0 OID 126299)
-- Dependencies: 232
-- Data for Name: django_admin_log; Type: TABLE DATA; Schema: public; Owner: giantcld
--

COPY public.django_admin_log (id, action_time, object_id, object_repr, action_flag, change_message, content_type_id, user_id) FROM stdin;
1	2025-02-08 16:38:12.09522+08	1	桃園機場公司	1	[{"added": {}}]	13	1
2	2025-02-08 16:38:36.81009+08	1	None - 桃園機場公司	1	[{"added": {}}]	17	1
3	2025-02-08 16:56:05.408529+08	2	Autodesk Credentials (94MGPGEtqunCJS6XyZAAnztSSIrtfOLsVWQEkLNQ7uracrAC)	1	[{"added": {}}]	15	1
4	2025-02-08 17:06:13.990696+08	3	Autodesk Credentials (94MGPGEtqunCJS6XyZAAnztSSIrtfOLsVWQEkLNQ7uracrAC)	1	[{"added": {}}]	15	1
\.


--
-- TOC entry 3587 (class 0 OID 126496)
-- Dependencies: 252
-- Data for Name: django_celery_results_chordcounter; Type: TABLE DATA; Schema: public; Owner: giantcld
--

COPY public.django_celery_results_chordcounter (id, group_id, sub_tasks, count) FROM stdin;
\.


--
-- TOC entry 3589 (class 0 OID 126508)
-- Dependencies: 254
-- Data for Name: django_celery_results_groupresult; Type: TABLE DATA; Schema: public; Owner: giantcld
--

COPY public.django_celery_results_groupresult (id, group_id, date_created, date_done, content_type, content_encoding, result) FROM stdin;
\.


--
-- TOC entry 3585 (class 0 OID 126475)
-- Dependencies: 250
-- Data for Name: django_celery_results_taskresult; Type: TABLE DATA; Schema: public; Owner: giantcld
--

COPY public.django_celery_results_taskresult (id, task_id, status, content_type, content_encoding, result, date_done, traceback, meta, task_args, task_kwargs, task_name, worker, date_created, periodic_task_name) FROM stdin;
\.


--
-- TOC entry 3553 (class 0 OID 126194)
-- Dependencies: 218
-- Data for Name: django_content_type; Type: TABLE DATA; Schema: public; Owner: giantcld
--

COPY public.django_content_type (id, app_label, model) FROM stdin;
1	admin_interface	theme
2	admin	logentry
3	auth	permission
4	auth	group
5	contenttypes	contenttype
6	sessions	session
7	token_blacklist	blacklistedtoken
8	token_blacklist	outstandingtoken
9	django_celery_results	taskresult
10	django_celery_results	chordcounter
11	django_celery_results	groupresult
12	account	user
13	core	company
14	core	locale
15	core	autodeskcredentials
16	core	navigation
17	core	userprofile
18	core	translation
\.


--
-- TOC entry 3551 (class 0 OID 126186)
-- Dependencies: 216
-- Data for Name: django_migrations; Type: TABLE DATA; Schema: public; Owner: giantcld
--

COPY public.django_migrations (id, app, name, applied) FROM stdin;
1	contenttypes	0001_initial	2025-02-08 16:01:19.748476+08
2	contenttypes	0002_remove_content_type_name	2025-02-08 16:01:19.969679+08
3	auth	0001_initial	2025-02-08 16:01:20.768253+08
4	auth	0002_alter_permission_name_max_length	2025-02-08 16:01:20.90482+08
5	auth	0003_alter_user_email_max_length	2025-02-08 16:01:20.993411+08
6	auth	0004_alter_user_username_opts	2025-02-08 16:01:21.156795+08
7	auth	0005_alter_user_last_login_null	2025-02-08 16:01:21.298532+08
8	auth	0006_require_contenttypes_0002	2025-02-08 16:01:21.423897+08
9	auth	0007_alter_validators_add_error_messages	2025-02-08 16:01:21.562874+08
10	auth	0008_alter_user_username_max_length	2025-02-08 16:01:21.679548+08
11	auth	0009_alter_user_last_name_max_length	2025-02-08 16:01:21.823812+08
12	auth	0010_alter_group_name_max_length	2025-02-08 16:01:22.046492+08
13	auth	0011_update_proxy_permissions	2025-02-08 16:01:22.148162+08
14	auth	0012_alter_user_first_name_max_length	2025-02-08 16:01:22.322639+08
15	account	0001_initial	2025-02-08 16:01:23.311034+08
16	admin	0001_initial	2025-02-08 16:01:23.715214+08
17	admin	0002_logentry_remove_auto_add	2025-02-08 16:01:23.766718+08
18	admin	0003_logentry_add_action_flag_choices	2025-02-08 16:01:23.91564+08
19	admin_interface	0001_initial	2025-02-08 16:01:24.146979+08
20	admin_interface	0002_add_related_modal	2025-02-08 16:01:24.649479+08
21	admin_interface	0003_add_logo_color	2025-02-08 16:01:24.884001+08
22	admin_interface	0004_rename_title_color	2025-02-08 16:01:25.05348+08
23	admin_interface	0005_add_recent_actions_visible	2025-02-08 16:01:25.257628+08
24	admin_interface	0006_bytes_to_str	2025-02-08 16:01:25.414193+08
25	admin_interface	0007_add_favicon	2025-02-08 16:01:25.714409+08
26	admin_interface	0008_change_related_modal_background_opacity_type	2025-02-08 16:01:26.055363+08
27	admin_interface	0009_add_enviroment	2025-02-08 16:01:26.429585+08
28	admin_interface	0010_add_localization	2025-02-08 16:01:26.537446+08
29	admin_interface	0011_add_environment_options	2025-02-08 16:01:27.008913+08
30	admin_interface	0012_update_verbose_names	2025-02-08 16:01:27.100377+08
31	admin_interface	0013_add_related_modal_close_button	2025-02-08 16:01:27.376081+08
32	admin_interface	0014_name_unique	2025-02-08 16:01:27.6319+08
33	admin_interface	0015_add_language_chooser_active	2025-02-08 16:01:27.896695+08
34	admin_interface	0016_add_language_chooser_display	2025-02-08 16:01:28.177389+08
35	admin_interface	0017_change_list_filter_dropdown	2025-02-08 16:01:28.272231+08
36	admin_interface	0018_theme_list_filter_sticky	2025-02-08 16:01:28.499153+08
37	admin_interface	0019_add_form_sticky	2025-02-08 16:01:28.856186+08
38	admin_interface	0020_module_selected_colors	2025-02-08 16:01:29.265631+08
39	admin_interface	0021_file_extension_validator	2025-02-08 16:01:29.359269+08
40	admin_interface	0022_add_logo_max_width_and_height	2025-02-08 16:01:29.718265+08
41	admin_interface	0023_theme_foldable_apps	2025-02-08 16:01:29.937285+08
42	admin_interface	0024_remove_theme_css	2025-02-08 16:01:30.130238+08
43	admin_interface	0025_theme_language_chooser_control	2025-02-08 16:01:30.390233+08
44	admin_interface	0026_theme_list_filter_highlight	2025-02-08 16:01:30.585926+08
45	admin_interface	0027_theme_list_filter_removal_links	2025-02-08 16:01:30.797522+08
46	admin_interface	0028_theme_show_fieldsets_as_tabs_and_more	2025-02-08 16:01:31.096371+08
47	admin_interface	0029_theme_css_generic_link_active_color	2025-02-08 16:01:31.335132+08
48	admin_interface	0030_theme_collapsible_stacked_inlines_and_more	2025-02-08 16:01:31.856329+08
49	core	0001_initial	2025-02-08 16:01:33.498344+08
50	django_celery_results	0001_initial	2025-02-08 16:01:33.798813+08
51	django_celery_results	0002_add_task_name_args_kwargs	2025-02-08 16:01:34.084003+08
52	django_celery_results	0003_auto_20181106_1101	2025-02-08 16:01:34.173907+08
53	django_celery_results	0004_auto_20190516_0412	2025-02-08 16:01:34.632488+08
54	django_celery_results	0005_taskresult_worker	2025-02-08 16:01:34.979891+08
55	django_celery_results	0006_taskresult_date_created	2025-02-08 16:01:35.330378+08
56	django_celery_results	0007_remove_taskresult_hidden	2025-02-08 16:01:35.454673+08
57	django_celery_results	0008_chordcounter	2025-02-08 16:01:35.828286+08
58	django_celery_results	0009_groupresult	2025-02-08 16:01:37.62932+08
59	django_celery_results	0010_remove_duplicate_indices	2025-02-08 16:01:37.88237+08
60	django_celery_results	0011_taskresult_periodic_task_name	2025-02-08 16:01:38.080435+08
61	sessions	0001_initial	2025-02-08 16:01:38.416825+08
62	token_blacklist	0001_initial	2025-02-08 16:01:38.891061+08
63	token_blacklist	0002_outstandingtoken_jti_hex	2025-02-08 16:01:39.036496+08
64	token_blacklist	0003_auto_20171017_2007	2025-02-08 16:01:39.237468+08
65	token_blacklist	0004_auto_20171017_2013	2025-02-08 16:01:39.543357+08
66	token_blacklist	0005_remove_outstandingtoken_jti	2025-02-08 16:01:39.71984+08
67	token_blacklist	0006_auto_20171017_2113	2025-02-08 16:01:39.915673+08
68	token_blacklist	0007_auto_20171017_2214	2025-02-08 16:01:40.40939+08
69	token_blacklist	0008_migrate_to_bigautofield	2025-02-08 16:01:41.119907+08
70	token_blacklist	0010_fix_migrate_to_bigautofield	2025-02-08 16:01:41.224061+08
71	token_blacklist	0011_linearizes_history	2025-02-08 16:01:41.34908+08
72	token_blacklist	0012_alter_outstandingtoken_user	2025-02-08 16:01:41.493413+08
73	core	0002_autodeskcredentials_bucket_key	2025-02-08 16:46:36.982675+08
74	core	0003_alter_autodeskcredentials_bucket_key	2025-02-08 16:52:02.583914+08
\.


--
-- TOC entry 3590 (class 0 OID 126525)
-- Dependencies: 255
-- Data for Name: django_session; Type: TABLE DATA; Schema: public; Owner: giantcld
--

COPY public.django_session (session_key, session_data, expire_date) FROM stdin;
h3b5igya8yrlgjbu7akoltkc7i98czfg	e30:1tgg82:-1kwjFJfeq9pUD30zRP1f5Z1aYNscpBHNxC4sPnaS6c	2025-02-22 16:23:54.303194+08
i1d6lhhl7ukuocbdws34mxd5q3k7yzjw	.eJxVjEEOwiAQRe_C2hAGCgWX7j0DGTqDVA0kpV0Z765NutDtf-_9l4i4rSVunZc4kzgLEKffLeH04LoDumO9NTm1ui5zkrsiD9rltRE_L4f7d1Cwl29ttHHBMimbNCvKThGDHxh40OBCRu8yBVDWOo86jayAiDKb4HRAGsX7A9dMN9o:1tgg84:fEQsiejIXBhyB8DyIQ_-ow-XmXs0B8XXNDEG-vtHv6s	2025-02-22 16:23:56.627912+08
\.


--
-- TOC entry 3592 (class 0 OID 126535)
-- Dependencies: 257
-- Data for Name: token_blacklist_blacklistedtoken; Type: TABLE DATA; Schema: public; Owner: giantcld
--

COPY public.token_blacklist_blacklistedtoken (id, blacklisted_at, token_id) FROM stdin;
1	2025-02-08 16:24:03.813047+08	1
2	2025-02-08 16:29:39.911961+08	2
3	2025-02-08 16:31:26.663985+08	3
\.


--
-- TOC entry 3594 (class 0 OID 126541)
-- Dependencies: 259
-- Data for Name: token_blacklist_outstandingtoken; Type: TABLE DATA; Schema: public; Owner: giantcld
--

COPY public.token_blacklist_outstandingtoken (id, token, created_at, expires_at, user_id, jti) FROM stdin;
1	eyJhbGciOiJIUzI1NiIsInR5cCI6IkpXVCJ9.eyJ0b2tlbl90eXBlIjoicmVmcmVzaCIsImV4cCI6MTc0MTU5MDkwOCwiaWF0IjoxNzM4OTk4OTA4LCJqdGkiOiI3OWRhYTliM2M3NzQ0YzAxODRmZTY4NGZjOTlmZGE5MSIsInVzZXJfaWQiOjF9.3ayQ9ofbAOoxcL_ddKJS40HKgL-P23cjddS7u4xHc8s	\N	2025-03-10 15:15:08+08	\N	79daa9b3c7744c0184fe684fc99fda91
2	eyJhbGciOiJIUzI1NiIsInR5cCI6IkpXVCJ9.eyJ0b2tlbl90eXBlIjoicmVmcmVzaCIsImV4cCI6MTc0MTU5NTI5MiwiaWF0IjoxNzM5MDAzMjkyLCJqdGkiOiJjNWRmZGU0OWYwM2I0YjUyYWExNGU1ZDY4OTI3NDEwOSIsInVzZXJfaWQiOjF9.L3utPkdXa-JHkA11nHPD4QUACixeeplTWmbqZPFmqpE	2025-02-08 16:28:12.366002+08	2025-03-10 16:28:12+08	1	c5dfde49f03b4b52aa14e5d689274109
3	eyJhbGciOiJIUzI1NiIsInR5cCI6IkpXVCJ9.eyJ0b2tlbl90eXBlIjoicmVmcmVzaCIsImV4cCI6MTc0MTU5NTM5OSwiaWF0IjoxNzM5MDAzMzk5LCJqdGkiOiJjMTI2YzNjYTA5NDA0NjlmYTM1MTkzMGI4NzM4OTEyYSIsInVzZXJfaWQiOjF9.xjG9VgxgbpCJHFsomRm7MZikaTjSsKbLSPKoqAvfJTA	2025-02-08 16:29:59.558254+08	2025-03-10 16:29:59+08	1	c126c3ca0940469fa351930b8738912a
\.


--
-- TOC entry 3601 (class 0 OID 0)
-- Dependencies: 227
-- Name: account_user_groups_id_seq; Type: SEQUENCE SET; Schema: public; Owner: giantcld
--

SELECT pg_catalog.setval('public.account_user_groups_id_seq', 1, false);


--
-- TOC entry 3602 (class 0 OID 0)
-- Dependencies: 225
-- Name: account_user_id_seq; Type: SEQUENCE SET; Schema: public; Owner: giantcld
--

SELECT pg_catalog.setval('public.account_user_id_seq', 1, true);


--
-- TOC entry 3603 (class 0 OID 0)
-- Dependencies: 229
-- Name: account_user_user_permissions_id_seq; Type: SEQUENCE SET; Schema: public; Owner: giantcld
--

SELECT pg_catalog.setval('public.account_user_user_permissions_id_seq', 1, false);


--
-- TOC entry 3604 (class 0 OID 0)
-- Dependencies: 233
-- Name: admin_interface_theme_id_seq; Type: SEQUENCE SET; Schema: public; Owner: giantcld
--

SELECT pg_catalog.setval('public.admin_interface_theme_id_seq', 1, true);


--
-- TOC entry 3605 (class 0 OID 0)
-- Dependencies: 221
-- Name: auth_group_id_seq; Type: SEQUENCE SET; Schema: public; Owner: giantcld
--

SELECT pg_catalog.setval('public.auth_group_id_seq', 1, false);


--
-- TOC entry 3606 (class 0 OID 0)
-- Dependencies: 223
-- Name: auth_group_permissions_id_seq; Type: SEQUENCE SET; Schema: public; Owner: giantcld
--

SELECT pg_catalog.setval('public.auth_group_permissions_id_seq', 1, false);


--
-- TOC entry 3607 (class 0 OID 0)
-- Dependencies: 219
-- Name: auth_permission_id_seq; Type: SEQUENCE SET; Schema: public; Owner: giantcld
--

SELECT pg_catalog.setval('public.auth_permission_id_seq', 68, true);


--
-- TOC entry 3608 (class 0 OID 0)
-- Dependencies: 239
-- Name: core_autodeskcredentials_id_seq; Type: SEQUENCE SET; Schema: public; Owner: giantcld
--

SELECT pg_catalog.setval('public.core_autodeskcredentials_id_seq', 3, true);


--
-- TOC entry 3609 (class 0 OID 0)
-- Dependencies: 235
-- Name: core_company_id_seq; Type: SEQUENCE SET; Schema: public; Owner: giantcld
--

SELECT pg_catalog.setval('public.core_company_id_seq', 1, true);


--
-- TOC entry 3610 (class 0 OID 0)
-- Dependencies: 237
-- Name: core_locale_id_seq; Type: SEQUENCE SET; Schema: public; Owner: giantcld
--

SELECT pg_catalog.setval('public.core_locale_id_seq', 1, false);


--
-- TOC entry 3611 (class 0 OID 0)
-- Dependencies: 241
-- Name: core_navigation_id_seq; Type: SEQUENCE SET; Schema: public; Owner: giantcld
--

SELECT pg_catalog.setval('public.core_navigation_id_seq', 1, false);


--
-- TOC entry 3612 (class 0 OID 0)
-- Dependencies: 243
-- Name: core_navigation_permissions_id_seq; Type: SEQUENCE SET; Schema: public; Owner: giantcld
--

SELECT pg_catalog.setval('public.core_navigation_permissions_id_seq', 1, false);


--
-- TOC entry 3613 (class 0 OID 0)
-- Dependencies: 247
-- Name: core_translation_id_seq; Type: SEQUENCE SET; Schema: public; Owner: giantcld
--

SELECT pg_catalog.setval('public.core_translation_id_seq', 1, false);


--
-- TOC entry 3614 (class 0 OID 0)
-- Dependencies: 245
-- Name: core_userprofile_id_seq; Type: SEQUENCE SET; Schema: public; Owner: giantcld
--

SELECT pg_catalog.setval('public.core_userprofile_id_seq', 1, true);


--
-- TOC entry 3615 (class 0 OID 0)
-- Dependencies: 231
-- Name: django_admin_log_id_seq; Type: SEQUENCE SET; Schema: public; Owner: giantcld
--

SELECT pg_catalog.setval('public.django_admin_log_id_seq', 4, true);


--
-- TOC entry 3616 (class 0 OID 0)
-- Dependencies: 251
-- Name: django_celery_results_chordcounter_id_seq; Type: SEQUENCE SET; Schema: public; Owner: giantcld
--

SELECT pg_catalog.setval('public.django_celery_results_chordcounter_id_seq', 1, false);


--
-- TOC entry 3617 (class 0 OID 0)
-- Dependencies: 253
-- Name: django_celery_results_groupresult_id_seq; Type: SEQUENCE SET; Schema: public; Owner: giantcld
--

SELECT pg_catalog.setval('public.django_celery_results_groupresult_id_seq', 1, false);


--
-- TOC entry 3618 (class 0 OID 0)
-- Dependencies: 249
-- Name: django_celery_results_taskresult_id_seq; Type: SEQUENCE SET; Schema: public; Owner: giantcld
--

SELECT pg_catalog.setval('public.django_celery_results_taskresult_id_seq', 1, false);


--
-- TOC entry 3619 (class 0 OID 0)
-- Dependencies: 217
-- Name: django_content_type_id_seq; Type: SEQUENCE SET; Schema: public; Owner: giantcld
--

SELECT pg_catalog.setval('public.django_content_type_id_seq', 18, true);


--
-- TOC entry 3620 (class 0 OID 0)
-- Dependencies: 215
-- Name: django_migrations_id_seq; Type: SEQUENCE SET; Schema: public; Owner: giantcld
--

SELECT pg_catalog.setval('public.django_migrations_id_seq', 74, true);


--
-- TOC entry 3621 (class 0 OID 0)
-- Dependencies: 256
-- Name: token_blacklist_blacklistedtoken_id_seq; Type: SEQUENCE SET; Schema: public; Owner: giantcld
--

SELECT pg_catalog.setval('public.token_blacklist_blacklistedtoken_id_seq', 3, true);


--
-- TOC entry 3622 (class 0 OID 0)
-- Dependencies: 258
-- Name: token_blacklist_outstandingtoken_id_seq; Type: SEQUENCE SET; Schema: public; Owner: giantcld
--

SELECT pg_catalog.setval('public.token_blacklist_outstandingtoken_id_seq', 3, true);


--
-- TOC entry 3290 (class 2606 OID 126256)
-- Name: account_user account_user_email_key; Type: CONSTRAINT; Schema: public; Owner: giantcld
--

ALTER TABLE ONLY public.account_user
    ADD CONSTRAINT account_user_email_key UNIQUE (email);


--
-- TOC entry 3295 (class 2606 OID 126262)
-- Name: account_user_groups account_user_groups_pkey; Type: CONSTRAINT; Schema: public; Owner: giantcld
--

ALTER TABLE ONLY public.account_user_groups
    ADD CONSTRAINT account_user_groups_pkey PRIMARY KEY (id);


--
-- TOC entry 3298 (class 2606 OID 126271)
-- Name: account_user_groups account_user_groups_user_id_group_id_4d09af3e_uniq; Type: CONSTRAINT; Schema: public; Owner: giantcld
--

ALTER TABLE ONLY public.account_user_groups
    ADD CONSTRAINT account_user_groups_user_id_group_id_4d09af3e_uniq UNIQUE (user_id, group_id);


--
-- TOC entry 3292 (class 2606 OID 126254)
-- Name: account_user account_user_pkey; Type: CONSTRAINT; Schema: public; Owner: giantcld
--

ALTER TABLE ONLY public.account_user
    ADD CONSTRAINT account_user_pkey PRIMARY KEY (id);


--
-- TOC entry 3300 (class 2606 OID 126285)
-- Name: account_user_user_permissions account_user_user_permis_user_id_permission_id_48bdd28b_uniq; Type: CONSTRAINT; Schema: public; Owner: giantcld
--

ALTER TABLE ONLY public.account_user_user_permissions
    ADD CONSTRAINT account_user_user_permis_user_id_permission_id_48bdd28b_uniq UNIQUE (user_id, permission_id);


--
-- TOC entry 3303 (class 2606 OID 126268)
-- Name: account_user_user_permissions account_user_user_permissions_pkey; Type: CONSTRAINT; Schema: public; Owner: giantcld
--

ALTER TABLE ONLY public.account_user_user_permissions
    ADD CONSTRAINT account_user_user_permissions_pkey PRIMARY KEY (id);


--
-- TOC entry 3311 (class 2606 OID 126341)
-- Name: admin_interface_theme admin_interface_theme_name_30bda70f_uniq; Type: CONSTRAINT; Schema: public; Owner: giantcld
--

ALTER TABLE ONLY public.admin_interface_theme
    ADD CONSTRAINT admin_interface_theme_name_30bda70f_uniq UNIQUE (name);


--
-- TOC entry 3313 (class 2606 OID 126326)
-- Name: admin_interface_theme admin_interface_theme_pkey; Type: CONSTRAINT; Schema: public; Owner: giantcld
--

ALTER TABLE ONLY public.admin_interface_theme
    ADD CONSTRAINT admin_interface_theme_pkey PRIMARY KEY (id);


--
-- TOC entry 3279 (class 2606 OID 126245)
-- Name: auth_group auth_group_name_key; Type: CONSTRAINT; Schema: public; Owner: giantcld
--

ALTER TABLE ONLY public.auth_group
    ADD CONSTRAINT auth_group_name_key UNIQUE (name);


--
-- TOC entry 3284 (class 2606 OID 126231)
-- Name: auth_group_permissions auth_group_permissions_group_id_permission_id_0cd325b0_uniq; Type: CONSTRAINT; Schema: public; Owner: giantcld
--

ALTER TABLE ONLY public.auth_group_permissions
    ADD CONSTRAINT auth_group_permissions_group_id_permission_id_0cd325b0_uniq UNIQUE (group_id, permission_id);


--
-- TOC entry 3287 (class 2606 OID 126220)
-- Name: auth_group_permissions auth_group_permissions_pkey; Type: CONSTRAINT; Schema: public; Owner: giantcld
--

ALTER TABLE ONLY public.auth_group_permissions
    ADD CONSTRAINT auth_group_permissions_pkey PRIMARY KEY (id);


--
-- TOC entry 3281 (class 2606 OID 126212)
-- Name: auth_group auth_group_pkey; Type: CONSTRAINT; Schema: public; Owner: giantcld
--

ALTER TABLE ONLY public.auth_group
    ADD CONSTRAINT auth_group_pkey PRIMARY KEY (id);


--
-- TOC entry 3274 (class 2606 OID 126222)
-- Name: auth_permission auth_permission_content_type_id_codename_01ab375a_uniq; Type: CONSTRAINT; Schema: public; Owner: giantcld
--

ALTER TABLE ONLY public.auth_permission
    ADD CONSTRAINT auth_permission_content_type_id_codename_01ab375a_uniq UNIQUE (content_type_id, codename);


--
-- TOC entry 3276 (class 2606 OID 126206)
-- Name: auth_permission auth_permission_pkey; Type: CONSTRAINT; Schema: public; Owner: giantcld
--

ALTER TABLE ONLY public.auth_permission
    ADD CONSTRAINT auth_permission_pkey PRIMARY KEY (id);


--
-- TOC entry 3326 (class 2606 OID 126608)
-- Name: core_autodeskcredentials core_autodeskcredentials_bucket_key_key; Type: CONSTRAINT; Schema: public; Owner: giantcld
--

ALTER TABLE ONLY public.core_autodeskcredentials
    ADD CONSTRAINT core_autodeskcredentials_bucket_key_key UNIQUE (bucket_key);


--
-- TOC entry 3329 (class 2606 OID 126390)
-- Name: core_autodeskcredentials core_autodeskcredentials_client_id_key; Type: CONSTRAINT; Schema: public; Owner: giantcld
--

ALTER TABLE ONLY public.core_autodeskcredentials
    ADD CONSTRAINT core_autodeskcredentials_client_id_key UNIQUE (client_id);


--
-- TOC entry 3332 (class 2606 OID 126388)
-- Name: core_autodeskcredentials core_autodeskcredentials_pkey; Type: CONSTRAINT; Schema: public; Owner: giantcld
--

ALTER TABLE ONLY public.core_autodeskcredentials
    ADD CONSTRAINT core_autodeskcredentials_pkey PRIMARY KEY (id);


--
-- TOC entry 3316 (class 2606 OID 126372)
-- Name: core_company core_company_name_key; Type: CONSTRAINT; Schema: public; Owner: giantcld
--

ALTER TABLE ONLY public.core_company
    ADD CONSTRAINT core_company_name_key UNIQUE (name);


--
-- TOC entry 3318 (class 2606 OID 126370)
-- Name: core_company core_company_pkey; Type: CONSTRAINT; Schema: public; Owner: giantcld
--

ALTER TABLE ONLY public.core_company
    ADD CONSTRAINT core_company_pkey PRIMARY KEY (id);


--
-- TOC entry 3321 (class 2606 OID 126380)
-- Name: core_locale core_locale_lang_key; Type: CONSTRAINT; Schema: public; Owner: giantcld
--

ALTER TABLE ONLY public.core_locale
    ADD CONSTRAINT core_locale_lang_key UNIQUE (lang);


--
-- TOC entry 3323 (class 2606 OID 126378)
-- Name: core_locale core_locale_pkey; Type: CONSTRAINT; Schema: public; Owner: giantcld
--

ALTER TABLE ONLY public.core_locale
    ADD CONSTRAINT core_locale_pkey PRIMARY KEY (id);


--
-- TOC entry 3338 (class 2606 OID 126442)
-- Name: core_navigation_permissions core_navigation_permissi_navigation_id_permission_4d4bd10a_uniq; Type: CONSTRAINT; Schema: public; Owner: giantcld
--

ALTER TABLE ONLY public.core_navigation_permissions
    ADD CONSTRAINT core_navigation_permissi_navigation_id_permission_4d4bd10a_uniq UNIQUE (navigation_id, permission_id);


--
-- TOC entry 3342 (class 2606 OID 126408)
-- Name: core_navigation_permissions core_navigation_permissions_pkey; Type: CONSTRAINT; Schema: public; Owner: giantcld
--

ALTER TABLE ONLY public.core_navigation_permissions
    ADD CONSTRAINT core_navigation_permissions_pkey PRIMARY KEY (id);


--
-- TOC entry 3335 (class 2606 OID 126402)
-- Name: core_navigation core_navigation_pkey; Type: CONSTRAINT; Schema: public; Owner: giantcld
--

ALTER TABLE ONLY public.core_navigation
    ADD CONSTRAINT core_navigation_pkey PRIMARY KEY (id);


--
-- TOC entry 3349 (class 2606 OID 126467)
-- Name: core_translation core_translation_key_locale_id_29de90de_uniq; Type: CONSTRAINT; Schema: public; Owner: giantcld
--

ALTER TABLE ONLY public.core_translation
    ADD CONSTRAINT core_translation_key_locale_id_29de90de_uniq UNIQUE (key, locale_id);


--
-- TOC entry 3352 (class 2606 OID 126424)
-- Name: core_translation core_translation_pkey; Type: CONSTRAINT; Schema: public; Owner: giantcld
--

ALTER TABLE ONLY public.core_translation
    ADD CONSTRAINT core_translation_pkey PRIMARY KEY (id);


--
-- TOC entry 3345 (class 2606 OID 126414)
-- Name: core_userprofile core_userprofile_pkey; Type: CONSTRAINT; Schema: public; Owner: giantcld
--

ALTER TABLE ONLY public.core_userprofile
    ADD CONSTRAINT core_userprofile_pkey PRIMARY KEY (id);


--
-- TOC entry 3347 (class 2606 OID 126416)
-- Name: core_userprofile core_userprofile_user_id_key; Type: CONSTRAINT; Schema: public; Owner: giantcld
--

ALTER TABLE ONLY public.core_userprofile
    ADD CONSTRAINT core_userprofile_user_id_key UNIQUE (user_id);


--
-- TOC entry 3307 (class 2606 OID 126306)
-- Name: django_admin_log django_admin_log_pkey; Type: CONSTRAINT; Schema: public; Owner: giantcld
--

ALTER TABLE ONLY public.django_admin_log
    ADD CONSTRAINT django_admin_log_pkey PRIMARY KEY (id);


--
-- TOC entry 3365 (class 2606 OID 126505)
-- Name: django_celery_results_chordcounter django_celery_results_chordcounter_group_id_key; Type: CONSTRAINT; Schema: public; Owner: giantcld
--

ALTER TABLE ONLY public.django_celery_results_chordcounter
    ADD CONSTRAINT django_celery_results_chordcounter_group_id_key UNIQUE (group_id);


--
-- TOC entry 3367 (class 2606 OID 126503)
-- Name: django_celery_results_chordcounter django_celery_results_chordcounter_pkey; Type: CONSTRAINT; Schema: public; Owner: giantcld
--

ALTER TABLE ONLY public.django_celery_results_chordcounter
    ADD CONSTRAINT django_celery_results_chordcounter_pkey PRIMARY KEY (id);


--
-- TOC entry 3372 (class 2606 OID 126516)
-- Name: django_celery_results_groupresult django_celery_results_groupresult_group_id_key; Type: CONSTRAINT; Schema: public; Owner: giantcld
--

ALTER TABLE ONLY public.django_celery_results_groupresult
    ADD CONSTRAINT django_celery_results_groupresult_group_id_key UNIQUE (group_id);


--
-- TOC entry 3374 (class 2606 OID 126514)
-- Name: django_celery_results_groupresult django_celery_results_groupresult_pkey; Type: CONSTRAINT; Schema: public; Owner: giantcld
--

ALTER TABLE ONLY public.django_celery_results_groupresult
    ADD CONSTRAINT django_celery_results_groupresult_pkey PRIMARY KEY (id);


--
-- TOC entry 3359 (class 2606 OID 126481)
-- Name: django_celery_results_taskresult django_celery_results_taskresult_pkey; Type: CONSTRAINT; Schema: public; Owner: giantcld
--

ALTER TABLE ONLY public.django_celery_results_taskresult
    ADD CONSTRAINT django_celery_results_taskresult_pkey PRIMARY KEY (id);


--
-- TOC entry 3362 (class 2606 OID 126483)
-- Name: django_celery_results_taskresult django_celery_results_taskresult_task_id_key; Type: CONSTRAINT; Schema: public; Owner: giantcld
--

ALTER TABLE ONLY public.django_celery_results_taskresult
    ADD CONSTRAINT django_celery_results_taskresult_task_id_key UNIQUE (task_id);


--
-- TOC entry 3269 (class 2606 OID 126200)
-- Name: django_content_type django_content_type_app_label_model_76bd3d3b_uniq; Type: CONSTRAINT; Schema: public; Owner: giantcld
--

ALTER TABLE ONLY public.django_content_type
    ADD CONSTRAINT django_content_type_app_label_model_76bd3d3b_uniq UNIQUE (app_label, model);


--
-- TOC entry 3271 (class 2606 OID 126198)
-- Name: django_content_type django_content_type_pkey; Type: CONSTRAINT; Schema: public; Owner: giantcld
--

ALTER TABLE ONLY public.django_content_type
    ADD CONSTRAINT django_content_type_pkey PRIMARY KEY (id);


--
-- TOC entry 3267 (class 2606 OID 126192)
-- Name: django_migrations django_migrations_pkey; Type: CONSTRAINT; Schema: public; Owner: giantcld
--

ALTER TABLE ONLY public.django_migrations
    ADD CONSTRAINT django_migrations_pkey PRIMARY KEY (id);


--
-- TOC entry 3377 (class 2606 OID 126531)
-- Name: django_session django_session_pkey; Type: CONSTRAINT; Schema: public; Owner: giantcld
--

ALTER TABLE ONLY public.django_session
    ADD CONSTRAINT django_session_pkey PRIMARY KEY (session_key);


--
-- TOC entry 3380 (class 2606 OID 126573)
-- Name: token_blacklist_blacklistedtoken token_blacklist_blacklistedtoken_pkey; Type: CONSTRAINT; Schema: public; Owner: giantcld
--

ALTER TABLE ONLY public.token_blacklist_blacklistedtoken
    ADD CONSTRAINT token_blacklist_blacklistedtoken_pkey PRIMARY KEY (id);


--
-- TOC entry 3382 (class 2606 OID 126594)
-- Name: token_blacklist_blacklistedtoken token_blacklist_blacklistedtoken_token_id_key; Type: CONSTRAINT; Schema: public; Owner: giantcld
--

ALTER TABLE ONLY public.token_blacklist_blacklistedtoken
    ADD CONSTRAINT token_blacklist_blacklistedtoken_token_id_key UNIQUE (token_id);


--
-- TOC entry 3385 (class 2606 OID 126564)
-- Name: token_blacklist_outstandingtoken token_blacklist_outstandingtoken_jti_hex_d9bdf6f7_uniq; Type: CONSTRAINT; Schema: public; Owner: giantcld
--

ALTER TABLE ONLY public.token_blacklist_outstandingtoken
    ADD CONSTRAINT token_blacklist_outstandingtoken_jti_hex_d9bdf6f7_uniq UNIQUE (jti);


--
-- TOC entry 3387 (class 2606 OID 126582)
-- Name: token_blacklist_outstandingtoken token_blacklist_outstandingtoken_pkey; Type: CONSTRAINT; Schema: public; Owner: giantcld
--

ALTER TABLE ONLY public.token_blacklist_outstandingtoken
    ADD CONSTRAINT token_blacklist_outstandingtoken_pkey PRIMARY KEY (id);


--
-- TOC entry 3288 (class 1259 OID 126269)
-- Name: account_user_email_0bd7c421_like; Type: INDEX; Schema: public; Owner: giantcld
--

CREATE INDEX account_user_email_0bd7c421_like ON public.account_user USING btree (email varchar_pattern_ops);


--
-- TOC entry 3293 (class 1259 OID 126283)
-- Name: account_user_groups_group_id_6c71f749; Type: INDEX; Schema: public; Owner: giantcld
--

CREATE INDEX account_user_groups_group_id_6c71f749 ON public.account_user_groups USING btree (group_id);


--
-- TOC entry 3296 (class 1259 OID 126282)
-- Name: account_user_groups_user_id_14345e7b; Type: INDEX; Schema: public; Owner: giantcld
--

CREATE INDEX account_user_groups_user_id_14345e7b ON public.account_user_groups USING btree (user_id);


--
-- TOC entry 3301 (class 1259 OID 126297)
-- Name: account_user_user_permissions_permission_id_66c44191; Type: INDEX; Schema: public; Owner: giantcld
--

CREATE INDEX account_user_user_permissions_permission_id_66c44191 ON public.account_user_user_permissions USING btree (permission_id);


--
-- TOC entry 3304 (class 1259 OID 126296)
-- Name: account_user_user_permissions_user_id_cc42d270; Type: INDEX; Schema: public; Owner: giantcld
--

CREATE INDEX account_user_user_permissions_user_id_cc42d270 ON public.account_user_user_permissions USING btree (user_id);


--
-- TOC entry 3309 (class 1259 OID 126342)
-- Name: admin_interface_theme_name_30bda70f_like; Type: INDEX; Schema: public; Owner: giantcld
--

CREATE INDEX admin_interface_theme_name_30bda70f_like ON public.admin_interface_theme USING btree (name varchar_pattern_ops);


--
-- TOC entry 3277 (class 1259 OID 126246)
-- Name: auth_group_name_a6ea08ec_like; Type: INDEX; Schema: public; Owner: giantcld
--

CREATE INDEX auth_group_name_a6ea08ec_like ON public.auth_group USING btree (name varchar_pattern_ops);


--
-- TOC entry 3282 (class 1259 OID 126242)
-- Name: auth_group_permissions_group_id_b120cbf9; Type: INDEX; Schema: public; Owner: giantcld
--

CREATE INDEX auth_group_permissions_group_id_b120cbf9 ON public.auth_group_permissions USING btree (group_id);


--
-- TOC entry 3285 (class 1259 OID 126243)
-- Name: auth_group_permissions_permission_id_84c5c92e; Type: INDEX; Schema: public; Owner: giantcld
--

CREATE INDEX auth_group_permissions_permission_id_84c5c92e ON public.auth_group_permissions USING btree (permission_id);


--
-- TOC entry 3272 (class 1259 OID 126228)
-- Name: auth_permission_content_type_id_2f476e4b; Type: INDEX; Schema: public; Owner: giantcld
--

CREATE INDEX auth_permission_content_type_id_2f476e4b ON public.auth_permission USING btree (content_type_id);


--
-- TOC entry 3324 (class 1259 OID 126609)
-- Name: core_autodeskcredentials_bucket_key_43c51618_like; Type: INDEX; Schema: public; Owner: giantcld
--

CREATE INDEX core_autodeskcredentials_bucket_key_43c51618_like ON public.core_autodeskcredentials USING btree (bucket_key varchar_pattern_ops);


--
-- TOC entry 3327 (class 1259 OID 126432)
-- Name: core_autodeskcredentials_client_id_8f68304e_like; Type: INDEX; Schema: public; Owner: giantcld
--

CREATE INDEX core_autodeskcredentials_client_id_8f68304e_like ON public.core_autodeskcredentials USING btree (client_id varchar_pattern_ops);


--
-- TOC entry 3330 (class 1259 OID 126433)
-- Name: core_autodeskcredentials_company_id_63fc5c77; Type: INDEX; Schema: public; Owner: giantcld
--

CREATE INDEX core_autodeskcredentials_company_id_63fc5c77 ON public.core_autodeskcredentials USING btree (company_id);


--
-- TOC entry 3314 (class 1259 OID 126425)
-- Name: core_company_name_230c8031_like; Type: INDEX; Schema: public; Owner: giantcld
--

CREATE INDEX core_company_name_230c8031_like ON public.core_company USING btree (name varchar_pattern_ops);


--
-- TOC entry 3319 (class 1259 OID 126426)
-- Name: core_locale_lang_7e4234f0_like; Type: INDEX; Schema: public; Owner: giantcld
--

CREATE INDEX core_locale_lang_7e4234f0_like ON public.core_locale USING btree (lang varchar_pattern_ops);


--
-- TOC entry 3333 (class 1259 OID 126440)
-- Name: core_navigation_parent_id_0a0ee36b; Type: INDEX; Schema: public; Owner: giantcld
--

CREATE INDEX core_navigation_parent_id_0a0ee36b ON public.core_navigation USING btree (parent_id);


--
-- TOC entry 3339 (class 1259 OID 126453)
-- Name: core_navigation_permissions_navigation_id_5025399d; Type: INDEX; Schema: public; Owner: giantcld
--

CREATE INDEX core_navigation_permissions_navigation_id_5025399d ON public.core_navigation_permissions USING btree (navigation_id);


--
-- TOC entry 3340 (class 1259 OID 126454)
-- Name: core_navigation_permissions_permission_id_dfacc148; Type: INDEX; Schema: public; Owner: giantcld
--

CREATE INDEX core_navigation_permissions_permission_id_dfacc148 ON public.core_navigation_permissions USING btree (permission_id);


--
-- TOC entry 3336 (class 1259 OID 126439)
-- Name: core_navigation_tree_id_9651f31f; Type: INDEX; Schema: public; Owner: giantcld
--

CREATE INDEX core_navigation_tree_id_9651f31f ON public.core_navigation USING btree (tree_id);


--
-- TOC entry 3350 (class 1259 OID 126473)
-- Name: core_translation_locale_id_af238300; Type: INDEX; Schema: public; Owner: giantcld
--

CREATE INDEX core_translation_locale_id_af238300 ON public.core_translation USING btree (locale_id);


--
-- TOC entry 3343 (class 1259 OID 126465)
-- Name: core_userprofile_company_id_f3f7e395; Type: INDEX; Schema: public; Owner: giantcld
--

CREATE INDEX core_userprofile_company_id_f3f7e395 ON public.core_userprofile USING btree (company_id);


--
-- TOC entry 3305 (class 1259 OID 126317)
-- Name: django_admin_log_content_type_id_c4bce8eb; Type: INDEX; Schema: public; Owner: giantcld
--

CREATE INDEX django_admin_log_content_type_id_c4bce8eb ON public.django_admin_log USING btree (content_type_id);


--
-- TOC entry 3308 (class 1259 OID 126318)
-- Name: django_admin_log_user_id_c564eba6; Type: INDEX; Schema: public; Owner: giantcld
--

CREATE INDEX django_admin_log_user_id_c564eba6 ON public.django_admin_log USING btree (user_id);


--
-- TOC entry 3368 (class 1259 OID 126522)
-- Name: django_cele_date_cr_bd6c1d_idx; Type: INDEX; Schema: public; Owner: giantcld
--

CREATE INDEX django_cele_date_cr_bd6c1d_idx ON public.django_celery_results_groupresult USING btree (date_created);


--
-- TOC entry 3353 (class 1259 OID 126520)
-- Name: django_cele_date_cr_f04a50_idx; Type: INDEX; Schema: public; Owner: giantcld
--

CREATE INDEX django_cele_date_cr_f04a50_idx ON public.django_celery_results_taskresult USING btree (date_created);


--
-- TOC entry 3369 (class 1259 OID 126523)
-- Name: django_cele_date_do_caae0e_idx; Type: INDEX; Schema: public; Owner: giantcld
--

CREATE INDEX django_cele_date_do_caae0e_idx ON public.django_celery_results_groupresult USING btree (date_done);


--
-- TOC entry 3354 (class 1259 OID 126521)
-- Name: django_cele_date_do_f59aad_idx; Type: INDEX; Schema: public; Owner: giantcld
--

CREATE INDEX django_cele_date_do_f59aad_idx ON public.django_celery_results_taskresult USING btree (date_done);


--
-- TOC entry 3355 (class 1259 OID 126518)
-- Name: django_cele_status_9b6201_idx; Type: INDEX; Schema: public; Owner: giantcld
--

CREATE INDEX django_cele_status_9b6201_idx ON public.django_celery_results_taskresult USING btree (status);


--
-- TOC entry 3356 (class 1259 OID 126517)
-- Name: django_cele_task_na_08aec9_idx; Type: INDEX; Schema: public; Owner: giantcld
--

CREATE INDEX django_cele_task_na_08aec9_idx ON public.django_celery_results_taskresult USING btree (task_name);


--
-- TOC entry 3357 (class 1259 OID 126519)
-- Name: django_cele_worker_d54dd8_idx; Type: INDEX; Schema: public; Owner: giantcld
--

CREATE INDEX django_cele_worker_d54dd8_idx ON public.django_celery_results_taskresult USING btree (worker);


--
-- TOC entry 3363 (class 1259 OID 126506)
-- Name: django_celery_results_chordcounter_group_id_1f70858c_like; Type: INDEX; Schema: public; Owner: giantcld
--

CREATE INDEX django_celery_results_chordcounter_group_id_1f70858c_like ON public.django_celery_results_chordcounter USING btree (group_id varchar_pattern_ops);


--
-- TOC entry 3370 (class 1259 OID 126524)
-- Name: django_celery_results_groupresult_group_id_a085f1a9_like; Type: INDEX; Schema: public; Owner: giantcld
--

CREATE INDEX django_celery_results_groupresult_group_id_a085f1a9_like ON public.django_celery_results_groupresult USING btree (group_id varchar_pattern_ops);


--
-- TOC entry 3360 (class 1259 OID 126484)
-- Name: django_celery_results_taskresult_task_id_de0d95bf_like; Type: INDEX; Schema: public; Owner: giantcld
--

CREATE INDEX django_celery_results_taskresult_task_id_de0d95bf_like ON public.django_celery_results_taskresult USING btree (task_id varchar_pattern_ops);


--
-- TOC entry 3375 (class 1259 OID 126533)
-- Name: django_session_expire_date_a5c62663; Type: INDEX; Schema: public; Owner: giantcld
--

CREATE INDEX django_session_expire_date_a5c62663 ON public.django_session USING btree (expire_date);


--
-- TOC entry 3378 (class 1259 OID 126532)
-- Name: django_session_session_key_c0390e0f_like; Type: INDEX; Schema: public; Owner: giantcld
--

CREATE INDEX django_session_session_key_c0390e0f_like ON public.django_session USING btree (session_key varchar_pattern_ops);


--
-- TOC entry 3383 (class 1259 OID 126565)
-- Name: token_blacklist_outstandingtoken_jti_hex_d9bdf6f7_like; Type: INDEX; Schema: public; Owner: giantcld
--

CREATE INDEX token_blacklist_outstandingtoken_jti_hex_d9bdf6f7_like ON public.token_blacklist_outstandingtoken USING btree (jti varchar_pattern_ops);


--
-- TOC entry 3388 (class 1259 OID 126562)
-- Name: token_blacklist_outstandingtoken_user_id_83bc629a; Type: INDEX; Schema: public; Owner: giantcld
--

CREATE INDEX token_blacklist_outstandingtoken_user_id_83bc629a ON public.token_blacklist_outstandingtoken USING btree (user_id);


--
-- TOC entry 3392 (class 2606 OID 126277)
-- Name: account_user_groups account_user_groups_group_id_6c71f749_fk_auth_group_id; Type: FK CONSTRAINT; Schema: public; Owner: giantcld
--

ALTER TABLE ONLY public.account_user_groups
    ADD CONSTRAINT account_user_groups_group_id_6c71f749_fk_auth_group_id FOREIGN KEY (group_id) REFERENCES public.auth_group(id) DEFERRABLE INITIALLY DEFERRED;


--
-- TOC entry 3393 (class 2606 OID 126272)
-- Name: account_user_groups account_user_groups_user_id_14345e7b_fk_account_user_id; Type: FK CONSTRAINT; Schema: public; Owner: giantcld
--

ALTER TABLE ONLY public.account_user_groups
    ADD CONSTRAINT account_user_groups_user_id_14345e7b_fk_account_user_id FOREIGN KEY (user_id) REFERENCES public.account_user(id) DEFERRABLE INITIALLY DEFERRED;


--
-- TOC entry 3394 (class 2606 OID 126291)
-- Name: account_user_user_permissions account_user_user_pe_permission_id_66c44191_fk_auth_perm; Type: FK CONSTRAINT; Schema: public; Owner: giantcld
--

ALTER TABLE ONLY public.account_user_user_permissions
    ADD CONSTRAINT account_user_user_pe_permission_id_66c44191_fk_auth_perm FOREIGN KEY (permission_id) REFERENCES public.auth_permission(id) DEFERRABLE INITIALLY DEFERRED;


--
-- TOC entry 3395 (class 2606 OID 126286)
-- Name: account_user_user_permissions account_user_user_pe_user_id_cc42d270_fk_account_u; Type: FK CONSTRAINT; Schema: public; Owner: giantcld
--

ALTER TABLE ONLY public.account_user_user_permissions
    ADD CONSTRAINT account_user_user_pe_user_id_cc42d270_fk_account_u FOREIGN KEY (user_id) REFERENCES public.account_user(id) DEFERRABLE INITIALLY DEFERRED;


--
-- TOC entry 3390 (class 2606 OID 126237)
-- Name: auth_group_permissions auth_group_permissio_permission_id_84c5c92e_fk_auth_perm; Type: FK CONSTRAINT; Schema: public; Owner: giantcld
--

ALTER TABLE ONLY public.auth_group_permissions
    ADD CONSTRAINT auth_group_permissio_permission_id_84c5c92e_fk_auth_perm FOREIGN KEY (permission_id) REFERENCES public.auth_permission(id) DEFERRABLE INITIALLY DEFERRED;


--
-- TOC entry 3391 (class 2606 OID 126232)
-- Name: auth_group_permissions auth_group_permissions_group_id_b120cbf9_fk_auth_group_id; Type: FK CONSTRAINT; Schema: public; Owner: giantcld
--

ALTER TABLE ONLY public.auth_group_permissions
    ADD CONSTRAINT auth_group_permissions_group_id_b120cbf9_fk_auth_group_id FOREIGN KEY (group_id) REFERENCES public.auth_group(id) DEFERRABLE INITIALLY DEFERRED;


--
-- TOC entry 3389 (class 2606 OID 126223)
-- Name: auth_permission auth_permission_content_type_id_2f476e4b_fk_django_co; Type: FK CONSTRAINT; Schema: public; Owner: giantcld
--

ALTER TABLE ONLY public.auth_permission
    ADD CONSTRAINT auth_permission_content_type_id_2f476e4b_fk_django_co FOREIGN KEY (content_type_id) REFERENCES public.django_content_type(id) DEFERRABLE INITIALLY DEFERRED;


--
-- TOC entry 3398 (class 2606 OID 126427)
-- Name: core_autodeskcredentials core_autodeskcredentials_company_id_63fc5c77_fk_core_company_id; Type: FK CONSTRAINT; Schema: public; Owner: giantcld
--

ALTER TABLE ONLY public.core_autodeskcredentials
    ADD CONSTRAINT core_autodeskcredentials_company_id_63fc5c77_fk_core_company_id FOREIGN KEY (company_id) REFERENCES public.core_company(id) DEFERRABLE INITIALLY DEFERRED;


--
-- TOC entry 3399 (class 2606 OID 126434)
-- Name: core_navigation core_navigation_parent_id_0a0ee36b_fk_core_navigation_id; Type: FK CONSTRAINT; Schema: public; Owner: giantcld
--

ALTER TABLE ONLY public.core_navigation
    ADD CONSTRAINT core_navigation_parent_id_0a0ee36b_fk_core_navigation_id FOREIGN KEY (parent_id) REFERENCES public.core_navigation(id) DEFERRABLE INITIALLY DEFERRED;


--
-- TOC entry 3400 (class 2606 OID 126443)
-- Name: core_navigation_permissions core_navigation_perm_navigation_id_5025399d_fk_core_navi; Type: FK CONSTRAINT; Schema: public; Owner: giantcld
--

ALTER TABLE ONLY public.core_navigation_permissions
    ADD CONSTRAINT core_navigation_perm_navigation_id_5025399d_fk_core_navi FOREIGN KEY (navigation_id) REFERENCES public.core_navigation(id) DEFERRABLE INITIALLY DEFERRED;


--
-- TOC entry 3401 (class 2606 OID 126448)
-- Name: core_navigation_permissions core_navigation_perm_permission_id_dfacc148_fk_auth_perm; Type: FK CONSTRAINT; Schema: public; Owner: giantcld
--

ALTER TABLE ONLY public.core_navigation_permissions
    ADD CONSTRAINT core_navigation_perm_permission_id_dfacc148_fk_auth_perm FOREIGN KEY (permission_id) REFERENCES public.auth_permission(id) DEFERRABLE INITIALLY DEFERRED;


--
-- TOC entry 3404 (class 2606 OID 126468)
-- Name: core_translation core_translation_locale_id_af238300_fk_core_locale_id; Type: FK CONSTRAINT; Schema: public; Owner: giantcld
--

ALTER TABLE ONLY public.core_translation
    ADD CONSTRAINT core_translation_locale_id_af238300_fk_core_locale_id FOREIGN KEY (locale_id) REFERENCES public.core_locale(id) DEFERRABLE INITIALLY DEFERRED;


--
-- TOC entry 3402 (class 2606 OID 126455)
-- Name: core_userprofile core_userprofile_company_id_f3f7e395_fk_core_company_id; Type: FK CONSTRAINT; Schema: public; Owner: giantcld
--

ALTER TABLE ONLY public.core_userprofile
    ADD CONSTRAINT core_userprofile_company_id_f3f7e395_fk_core_company_id FOREIGN KEY (company_id) REFERENCES public.core_company(id) DEFERRABLE INITIALLY DEFERRED;


--
-- TOC entry 3403 (class 2606 OID 126460)
-- Name: core_userprofile core_userprofile_user_id_5141ad90_fk_account_user_id; Type: FK CONSTRAINT; Schema: public; Owner: giantcld
--

ALTER TABLE ONLY public.core_userprofile
    ADD CONSTRAINT core_userprofile_user_id_5141ad90_fk_account_user_id FOREIGN KEY (user_id) REFERENCES public.account_user(id) DEFERRABLE INITIALLY DEFERRED;


--
-- TOC entry 3396 (class 2606 OID 126307)
-- Name: django_admin_log django_admin_log_content_type_id_c4bce8eb_fk_django_co; Type: FK CONSTRAINT; Schema: public; Owner: giantcld
--

ALTER TABLE ONLY public.django_admin_log
    ADD CONSTRAINT django_admin_log_content_type_id_c4bce8eb_fk_django_co FOREIGN KEY (content_type_id) REFERENCES public.django_content_type(id) DEFERRABLE INITIALLY DEFERRED;


--
-- TOC entry 3397 (class 2606 OID 126312)
-- Name: django_admin_log django_admin_log_user_id_c564eba6_fk_account_user_id; Type: FK CONSTRAINT; Schema: public; Owner: giantcld
--

ALTER TABLE ONLY public.django_admin_log
    ADD CONSTRAINT django_admin_log_user_id_c564eba6_fk_account_user_id FOREIGN KEY (user_id) REFERENCES public.account_user(id) DEFERRABLE INITIALLY DEFERRED;


--
-- TOC entry 3405 (class 2606 OID 126600)
-- Name: token_blacklist_blacklistedtoken token_blacklist_blacklistedtoken_token_id_3cc7fe56_fk; Type: FK CONSTRAINT; Schema: public; Owner: giantcld
--

ALTER TABLE ONLY public.token_blacklist_blacklistedtoken
    ADD CONSTRAINT token_blacklist_blacklistedtoken_token_id_3cc7fe56_fk FOREIGN KEY (token_id) REFERENCES public.token_blacklist_outstandingtoken(id) DEFERRABLE INITIALLY DEFERRED;


--
-- TOC entry 3406 (class 2606 OID 126566)
-- Name: token_blacklist_outstandingtoken token_blacklist_outs_user_id_83bc629a_fk_account_u; Type: FK CONSTRAINT; Schema: public; Owner: giantcld
--

ALTER TABLE ONLY public.token_blacklist_outstandingtoken
    ADD CONSTRAINT token_blacklist_outs_user_id_83bc629a_fk_account_u FOREIGN KEY (user_id) REFERENCES public.account_user(id) DEFERRABLE INITIALLY DEFERRED;


--
-- TOC entry 3600 (class 0 OID 0)
-- Dependencies: 5
-- Name: SCHEMA public; Type: ACL; Schema: -; Owner: postgres
--

REVOKE USAGE ON SCHEMA public FROM PUBLIC;
GRANT ALL ON SCHEMA public TO PUBLIC;


-- Completed on 2025-02-08 17:13:40 CST

--
-- PostgreSQL database dump complete
--

