--
-- PostgreSQL database dump
--

-- Dumped from database version 16.6 (Ubuntu 16.6-1.pgdg20.04+1)
-- Dumped by pg_dump version 17.2

-- Started on 2025-02-17 00:13:24

SET statement_timeout = 0;
SET lock_timeout = 0;
SET idle_in_transaction_session_timeout = 0;
SET transaction_timeout = 0;
SET client_encoding = 'UTF8';
SET standard_conforming_strings = on;
SELECT pg_catalog.set_config('search_path', '', false);
SET check_function_bodies = false;
SET xmloption = content;
SET client_min_messages = warning;
SET row_security = off;

--
-- TOC entry 5 (class 2615 OID 2200)
-- Name: public; Type: SCHEMA; Schema: -; Owner: postgres
--

-- *not* creating schema, since initdb creates it


ALTER SCHEMA public OWNER TO postgres;

SET default_tablespace = '';

SET default_table_access_method = heap;

--
-- TOC entry 226 (class 1259 OID 128463)
-- Name: account_user; Type: TABLE; Schema: public; Owner: giantcld
--

CREATE TABLE public.account_user (
    id bigint NOT NULL,
    password character varying(128) NOT NULL,
    last_login timestamp with time zone,
    is_superuser boolean NOT NULL,
    first_name character varying(150) NOT NULL,
    last_name character varying(150) NOT NULL,
    is_staff boolean NOT NULL,
    is_active boolean NOT NULL,
    date_joined timestamp with time zone NOT NULL,
    email character varying(254) NOT NULL,
    username character varying(255)
);


ALTER TABLE public.account_user OWNER TO giantcld;

--
-- TOC entry 228 (class 1259 OID 128473)
-- Name: account_user_groups; Type: TABLE; Schema: public; Owner: giantcld
--

CREATE TABLE public.account_user_groups (
    id bigint NOT NULL,
    user_id bigint NOT NULL,
    group_id integer NOT NULL
);


ALTER TABLE public.account_user_groups OWNER TO giantcld;

--
-- TOC entry 227 (class 1259 OID 128472)
-- Name: account_user_groups_id_seq; Type: SEQUENCE; Schema: public; Owner: giantcld
--

ALTER TABLE public.account_user_groups ALTER COLUMN id ADD GENERATED BY DEFAULT AS IDENTITY (
    SEQUENCE NAME public.account_user_groups_id_seq
    START WITH 1
    INCREMENT BY 1
    NO MINVALUE
    NO MAXVALUE
    CACHE 1
);


--
-- TOC entry 225 (class 1259 OID 128462)
-- Name: account_user_id_seq; Type: SEQUENCE; Schema: public; Owner: giantcld
--

ALTER TABLE public.account_user ALTER COLUMN id ADD GENERATED BY DEFAULT AS IDENTITY (
    SEQUENCE NAME public.account_user_id_seq
    START WITH 1
    INCREMENT BY 1
    NO MINVALUE
    NO MAXVALUE
    CACHE 1
);


--
-- TOC entry 230 (class 1259 OID 128479)
-- Name: account_user_user_permissions; Type: TABLE; Schema: public; Owner: giantcld
--

CREATE TABLE public.account_user_user_permissions (
    id bigint NOT NULL,
    user_id bigint NOT NULL,
    permission_id integer NOT NULL
);


ALTER TABLE public.account_user_user_permissions OWNER TO giantcld;

--
-- TOC entry 229 (class 1259 OID 128478)
-- Name: account_user_user_permissions_id_seq; Type: SEQUENCE; Schema: public; Owner: giantcld
--

ALTER TABLE public.account_user_user_permissions ALTER COLUMN id ADD GENERATED BY DEFAULT AS IDENTITY (
    SEQUENCE NAME public.account_user_user_permissions_id_seq
    START WITH 1
    INCREMENT BY 1
    NO MINVALUE
    NO MAXVALUE
    CACHE 1
);


--
-- TOC entry 234 (class 1259 OID 128535)
-- Name: admin_interface_theme; Type: TABLE; Schema: public; Owner: giantcld
--

CREATE TABLE public.admin_interface_theme (
    id integer NOT NULL,
    name character varying(50) NOT NULL,
    active boolean NOT NULL,
    title character varying(50) NOT NULL,
    title_visible boolean NOT NULL,
    logo character varying(100) NOT NULL,
    logo_visible boolean NOT NULL,
    css_header_background_color character varying(10) NOT NULL,
    title_color character varying(10) NOT NULL,
    css_header_text_color character varying(10) NOT NULL,
    css_header_link_color character varying(10) NOT NULL,
    css_header_link_hover_color character varying(10) NOT NULL,
    css_module_background_color character varying(10) NOT NULL,
    css_module_text_color character varying(10) NOT NULL,
    css_module_link_color character varying(10) NOT NULL,
    css_module_link_hover_color character varying(10) NOT NULL,
    css_module_rounded_corners boolean NOT NULL,
    css_generic_link_color character varying(10) NOT NULL,
    css_generic_link_hover_color character varying(10) NOT NULL,
    css_save_button_background_color character varying(10) NOT NULL,
    css_save_button_background_hover_color character varying(10) NOT NULL,
    css_save_button_text_color character varying(10) NOT NULL,
    css_delete_button_background_color character varying(10) NOT NULL,
    css_delete_button_background_hover_color character varying(10) NOT NULL,
    css_delete_button_text_color character varying(10) NOT NULL,
    list_filter_dropdown boolean NOT NULL,
    related_modal_active boolean NOT NULL,
    related_modal_background_color character varying(10) NOT NULL,
    related_modal_rounded_corners boolean NOT NULL,
    logo_color character varying(10) NOT NULL,
    recent_actions_visible boolean NOT NULL,
    favicon character varying(100) NOT NULL,
    related_modal_background_opacity character varying(5) NOT NULL,
    env_name character varying(50) NOT NULL,
    env_visible_in_header boolean NOT NULL,
    env_color character varying(10) NOT NULL,
    env_visible_in_favicon boolean NOT NULL,
    related_modal_close_button_visible boolean NOT NULL,
    language_chooser_active boolean NOT NULL,
    language_chooser_display character varying(10) NOT NULL,
    list_filter_sticky boolean NOT NULL,
    form_pagination_sticky boolean NOT NULL,
    form_submit_sticky boolean NOT NULL,
    css_module_background_selected_color character varying(10) NOT NULL,
    css_module_link_selected_color character varying(10) NOT NULL,
    logo_max_height smallint NOT NULL,
    logo_max_width smallint NOT NULL,
    foldable_apps boolean NOT NULL,
    language_chooser_control character varying(20) NOT NULL,
    list_filter_highlight boolean NOT NULL,
    list_filter_removal_links boolean NOT NULL,
    show_fieldsets_as_tabs boolean NOT NULL,
    show_inlines_as_tabs boolean NOT NULL,
    css_generic_link_active_color character varying(10) NOT NULL,
    collapsible_stacked_inlines boolean NOT NULL,
    collapsible_stacked_inlines_collapsed boolean NOT NULL,
    collapsible_tabular_inlines boolean NOT NULL,
    collapsible_tabular_inlines_collapsed boolean NOT NULL,
    CONSTRAINT admin_interface_theme_logo_max_height_check CHECK ((logo_max_height >= 0)),
    CONSTRAINT admin_interface_theme_logo_max_width_check CHECK ((logo_max_width >= 0))
);


ALTER TABLE public.admin_interface_theme OWNER TO giantcld;

--
-- TOC entry 233 (class 1259 OID 128534)
-- Name: admin_interface_theme_id_seq; Type: SEQUENCE; Schema: public; Owner: giantcld
--

ALTER TABLE public.admin_interface_theme ALTER COLUMN id ADD GENERATED BY DEFAULT AS IDENTITY (
    SEQUENCE NAME public.admin_interface_theme_id_seq
    START WITH 1
    INCREMENT BY 1
    NO MINVALUE
    NO MAXVALUE
    CACHE 1
);


--
-- TOC entry 222 (class 1259 OID 128423)
-- Name: auth_group; Type: TABLE; Schema: public; Owner: giantcld
--

CREATE TABLE public.auth_group (
    id integer NOT NULL,
    name character varying(150) NOT NULL
);


ALTER TABLE public.auth_group OWNER TO giantcld;

--
-- TOC entry 221 (class 1259 OID 128422)
-- Name: auth_group_id_seq; Type: SEQUENCE; Schema: public; Owner: giantcld
--

ALTER TABLE public.auth_group ALTER COLUMN id ADD GENERATED BY DEFAULT AS IDENTITY (
    SEQUENCE NAME public.auth_group_id_seq
    START WITH 1
    INCREMENT BY 1
    NO MINVALUE
    NO MAXVALUE
    CACHE 1
);


--
-- TOC entry 224 (class 1259 OID 128431)
-- Name: auth_group_permissions; Type: TABLE; Schema: public; Owner: giantcld
--

CREATE TABLE public.auth_group_permissions (
    id bigint NOT NULL,
    group_id integer NOT NULL,
    permission_id integer NOT NULL
);


ALTER TABLE public.auth_group_permissions OWNER TO giantcld;

--
-- TOC entry 223 (class 1259 OID 128430)
-- Name: auth_group_permissions_id_seq; Type: SEQUENCE; Schema: public; Owner: giantcld
--

ALTER TABLE public.auth_group_permissions ALTER COLUMN id ADD GENERATED BY DEFAULT AS IDENTITY (
    SEQUENCE NAME public.auth_group_permissions_id_seq
    START WITH 1
    INCREMENT BY 1
    NO MINVALUE
    NO MAXVALUE
    CACHE 1
);


--
-- TOC entry 220 (class 1259 OID 128417)
-- Name: auth_permission; Type: TABLE; Schema: public; Owner: giantcld
--

CREATE TABLE public.auth_permission (
    id integer NOT NULL,
    name character varying(255) NOT NULL,
    content_type_id integer NOT NULL,
    codename character varying(100) NOT NULL
);


ALTER TABLE public.auth_permission OWNER TO giantcld;

--
-- TOC entry 219 (class 1259 OID 128416)
-- Name: auth_permission_id_seq; Type: SEQUENCE; Schema: public; Owner: giantcld
--

ALTER TABLE public.auth_permission ALTER COLUMN id ADD GENERATED BY DEFAULT AS IDENTITY (
    SEQUENCE NAME public.auth_permission_id_seq
    START WITH 1
    INCREMENT BY 1
    NO MINVALUE
    NO MAXVALUE
    CACHE 1
);


--
-- TOC entry 240 (class 1259 OID 128597)
-- Name: core_apscredentials; Type: TABLE; Schema: public; Owner: giantcld
--

CREATE TABLE public.core_apscredentials (
    id bigint NOT NULL,
    client_id character varying(255) NOT NULL,
    client_secret character varying(255) NOT NULL,
    created_at timestamp with time zone NOT NULL,
    updated_at timestamp with time zone NOT NULL,
    company_id bigint NOT NULL
);


ALTER TABLE public.core_apscredentials OWNER TO giantcld;

--
-- TOC entry 239 (class 1259 OID 128596)
-- Name: core_apscredentials_id_seq; Type: SEQUENCE; Schema: public; Owner: giantcld
--

ALTER TABLE public.core_apscredentials ALTER COLUMN id ADD GENERATED BY DEFAULT AS IDENTITY (
    SEQUENCE NAME public.core_apscredentials_id_seq
    START WITH 1
    INCREMENT BY 1
    NO MINVALUE
    NO MAXVALUE
    CACHE 1
);


--
-- TOC entry 236 (class 1259 OID 128581)
-- Name: core_company; Type: TABLE; Schema: public; Owner: giantcld
--

CREATE TABLE public.core_company (
    id bigint NOT NULL,
    name character varying(255) NOT NULL
);


ALTER TABLE public.core_company OWNER TO giantcld;

--
-- TOC entry 235 (class 1259 OID 128580)
-- Name: core_company_id_seq; Type: SEQUENCE; Schema: public; Owner: giantcld
--

ALTER TABLE public.core_company ALTER COLUMN id ADD GENERATED BY DEFAULT AS IDENTITY (
    SEQUENCE NAME public.core_company_id_seq
    START WITH 1
    INCREMENT BY 1
    NO MINVALUE
    NO MAXVALUE
    CACHE 1
);


--
-- TOC entry 238 (class 1259 OID 128589)
-- Name: core_locale; Type: TABLE; Schema: public; Owner: giantcld
--

CREATE TABLE public.core_locale (
    id bigint NOT NULL,
    lang character varying(10) NOT NULL,
    name character varying(100) NOT NULL,
    is_active boolean NOT NULL
);


ALTER TABLE public.core_locale OWNER TO giantcld;

--
-- TOC entry 237 (class 1259 OID 128588)
-- Name: core_locale_id_seq; Type: SEQUENCE; Schema: public; Owner: giantcld
--

ALTER TABLE public.core_locale ALTER COLUMN id ADD GENERATED BY DEFAULT AS IDENTITY (
    SEQUENCE NAME public.core_locale_id_seq
    START WITH 1
    INCREMENT BY 1
    NO MINVALUE
    NO MAXVALUE
    CACHE 1
);


--
-- TOC entry 242 (class 1259 OID 128605)
-- Name: core_navigation; Type: TABLE; Schema: public; Owner: giantcld
--

CREATE TABLE public.core_navigation (
    id bigint NOT NULL,
    title_locale character varying(30) NOT NULL,
    subtitle_locale character varying(255),
    type character varying(20) NOT NULL,
    icon character varying(120),
    link character varying(255),
    is_active boolean NOT NULL,
    "order" integer NOT NULL,
    lft integer NOT NULL,
    rght integer NOT NULL,
    tree_id integer NOT NULL,
    level integer NOT NULL,
    parent_id bigint,
    CONSTRAINT core_navigation_level_check CHECK ((level >= 0)),
    CONSTRAINT core_navigation_lft_check CHECK ((lft >= 0)),
    CONSTRAINT core_navigation_rght_check CHECK ((rght >= 0)),
    CONSTRAINT core_navigation_tree_id_check CHECK ((tree_id >= 0))
);


ALTER TABLE public.core_navigation OWNER TO giantcld;

--
-- TOC entry 241 (class 1259 OID 128604)
-- Name: core_navigation_id_seq; Type: SEQUENCE; Schema: public; Owner: giantcld
--

ALTER TABLE public.core_navigation ALTER COLUMN id ADD GENERATED BY DEFAULT AS IDENTITY (
    SEQUENCE NAME public.core_navigation_id_seq
    START WITH 1
    INCREMENT BY 1
    NO MINVALUE
    NO MAXVALUE
    CACHE 1
);


--
-- TOC entry 244 (class 1259 OID 128617)
-- Name: core_navigation_permissions; Type: TABLE; Schema: public; Owner: giantcld
--

CREATE TABLE public.core_navigation_permissions (
    id bigint NOT NULL,
    navigation_id bigint NOT NULL,
    permission_id integer NOT NULL
);


ALTER TABLE public.core_navigation_permissions OWNER TO giantcld;

--
-- TOC entry 243 (class 1259 OID 128616)
-- Name: core_navigation_permissions_id_seq; Type: SEQUENCE; Schema: public; Owner: giantcld
--

ALTER TABLE public.core_navigation_permissions ALTER COLUMN id ADD GENERATED BY DEFAULT AS IDENTITY (
    SEQUENCE NAME public.core_navigation_permissions_id_seq
    START WITH 1
    INCREMENT BY 1
    NO MINVALUE
    NO MAXVALUE
    CACHE 1
);


--
-- TOC entry 248 (class 1259 OID 128631)
-- Name: core_translation; Type: TABLE; Schema: public; Owner: giantcld
--

CREATE TABLE public.core_translation (
    id bigint NOT NULL,
    key character varying(255) NOT NULL,
    value text NOT NULL,
    locale_id bigint NOT NULL
);


ALTER TABLE public.core_translation OWNER TO giantcld;

--
-- TOC entry 247 (class 1259 OID 128630)
-- Name: core_translation_id_seq; Type: SEQUENCE; Schema: public; Owner: giantcld
--

ALTER TABLE public.core_translation ALTER COLUMN id ADD GENERATED BY DEFAULT AS IDENTITY (
    SEQUENCE NAME public.core_translation_id_seq
    START WITH 1
    INCREMENT BY 1
    NO MINVALUE
    NO MAXVALUE
    CACHE 1
);


--
-- TOC entry 246 (class 1259 OID 128623)
-- Name: core_userprofile; Type: TABLE; Schema: public; Owner: giantcld
--

CREATE TABLE public.core_userprofile (
    id bigint NOT NULL,
    company_id bigint NOT NULL,
    user_id bigint NOT NULL
);


ALTER TABLE public.core_userprofile OWNER TO giantcld;

--
-- TOC entry 245 (class 1259 OID 128622)
-- Name: core_userprofile_id_seq; Type: SEQUENCE; Schema: public; Owner: giantcld
--

ALTER TABLE public.core_userprofile ALTER COLUMN id ADD GENERATED BY DEFAULT AS IDENTITY (
    SEQUENCE NAME public.core_userprofile_id_seq
    START WITH 1
    INCREMENT BY 1
    NO MINVALUE
    NO MAXVALUE
    CACHE 1
);


--
-- TOC entry 232 (class 1259 OID 128514)
-- Name: django_admin_log; Type: TABLE; Schema: public; Owner: giantcld
--

CREATE TABLE public.django_admin_log (
    id integer NOT NULL,
    action_time timestamp with time zone NOT NULL,
    object_id text,
    object_repr character varying(200) NOT NULL,
    action_flag smallint NOT NULL,
    change_message text NOT NULL,
    content_type_id integer,
    user_id bigint NOT NULL,
    CONSTRAINT django_admin_log_action_flag_check CHECK ((action_flag >= 0))
);


ALTER TABLE public.django_admin_log OWNER TO giantcld;

--
-- TOC entry 231 (class 1259 OID 128513)
-- Name: django_admin_log_id_seq; Type: SEQUENCE; Schema: public; Owner: giantcld
--

ALTER TABLE public.django_admin_log ALTER COLUMN id ADD GENERATED BY DEFAULT AS IDENTITY (
    SEQUENCE NAME public.django_admin_log_id_seq
    START WITH 1
    INCREMENT BY 1
    NO MINVALUE
    NO MAXVALUE
    CACHE 1
);


--
-- TOC entry 252 (class 1259 OID 128708)
-- Name: django_celery_results_chordcounter; Type: TABLE; Schema: public; Owner: giantcld
--

CREATE TABLE public.django_celery_results_chordcounter (
    id integer NOT NULL,
    group_id character varying(255) NOT NULL,
    sub_tasks text NOT NULL,
    count integer NOT NULL,
    CONSTRAINT django_celery_results_chordcounter_count_check CHECK ((count >= 0))
);


ALTER TABLE public.django_celery_results_chordcounter OWNER TO giantcld;

--
-- TOC entry 251 (class 1259 OID 128707)
-- Name: django_celery_results_chordcounter_id_seq; Type: SEQUENCE; Schema: public; Owner: giantcld
--

ALTER TABLE public.django_celery_results_chordcounter ALTER COLUMN id ADD GENERATED BY DEFAULT AS IDENTITY (
    SEQUENCE NAME public.django_celery_results_chordcounter_id_seq
    START WITH 1
    INCREMENT BY 1
    NO MINVALUE
    NO MAXVALUE
    CACHE 1
);


--
-- TOC entry 254 (class 1259 OID 128720)
-- Name: django_celery_results_groupresult; Type: TABLE; Schema: public; Owner: giantcld
--

CREATE TABLE public.django_celery_results_groupresult (
    id integer NOT NULL,
    group_id character varying(255) NOT NULL,
    date_created timestamp with time zone NOT NULL,
    date_done timestamp with time zone NOT NULL,
    content_type character varying(128) NOT NULL,
    content_encoding character varying(64) NOT NULL,
    result text
);


ALTER TABLE public.django_celery_results_groupresult OWNER TO giantcld;

--
-- TOC entry 253 (class 1259 OID 128719)
-- Name: django_celery_results_groupresult_id_seq; Type: SEQUENCE; Schema: public; Owner: giantcld
--

ALTER TABLE public.django_celery_results_groupresult ALTER COLUMN id ADD GENERATED BY DEFAULT AS IDENTITY (
    SEQUENCE NAME public.django_celery_results_groupresult_id_seq
    START WITH 1
    INCREMENT BY 1
    NO MINVALUE
    NO MAXVALUE
    CACHE 1
);


--
-- TOC entry 250 (class 1259 OID 128687)
-- Name: django_celery_results_taskresult; Type: TABLE; Schema: public; Owner: giantcld
--

CREATE TABLE public.django_celery_results_taskresult (
    id integer NOT NULL,
    task_id character varying(255) NOT NULL,
    status character varying(50) NOT NULL,
    content_type character varying(128) NOT NULL,
    content_encoding character varying(64) NOT NULL,
    result text,
    date_done timestamp with time zone NOT NULL,
    traceback text,
    meta text,
    task_args text,
    task_kwargs text,
    task_name character varying(255),
    worker character varying(100),
    date_created timestamp with time zone NOT NULL,
    periodic_task_name character varying(255)
);


ALTER TABLE public.django_celery_results_taskresult OWNER TO giantcld;

--
-- TOC entry 249 (class 1259 OID 128686)
-- Name: django_celery_results_taskresult_id_seq; Type: SEQUENCE; Schema: public; Owner: giantcld
--

ALTER TABLE public.django_celery_results_taskresult ALTER COLUMN id ADD GENERATED BY DEFAULT AS IDENTITY (
    SEQUENCE NAME public.django_celery_results_taskresult_id_seq
    START WITH 1
    INCREMENT BY 1
    NO MINVALUE
    NO MAXVALUE
    CACHE 1
);


--
-- TOC entry 218 (class 1259 OID 128409)
-- Name: django_content_type; Type: TABLE; Schema: public; Owner: giantcld
--

CREATE TABLE public.django_content_type (
    id integer NOT NULL,
    app_label character varying(100) NOT NULL,
    model character varying(100) NOT NULL
);


ALTER TABLE public.django_content_type OWNER TO giantcld;

--
-- TOC entry 217 (class 1259 OID 128408)
-- Name: django_content_type_id_seq; Type: SEQUENCE; Schema: public; Owner: giantcld
--

ALTER TABLE public.django_content_type ALTER COLUMN id ADD GENERATED BY DEFAULT AS IDENTITY (
    SEQUENCE NAME public.django_content_type_id_seq
    START WITH 1
    INCREMENT BY 1
    NO MINVALUE
    NO MAXVALUE
    CACHE 1
);


--
-- TOC entry 216 (class 1259 OID 128401)
-- Name: django_migrations; Type: TABLE; Schema: public; Owner: giantcld
--

CREATE TABLE public.django_migrations (
    id bigint NOT NULL,
    app character varying(255) NOT NULL,
    name character varying(255) NOT NULL,
    applied timestamp with time zone NOT NULL
);


ALTER TABLE public.django_migrations OWNER TO giantcld;

--
-- TOC entry 215 (class 1259 OID 128400)
-- Name: django_migrations_id_seq; Type: SEQUENCE; Schema: public; Owner: giantcld
--

ALTER TABLE public.django_migrations ALTER COLUMN id ADD GENERATED BY DEFAULT AS IDENTITY (
    SEQUENCE NAME public.django_migrations_id_seq
    START WITH 1
    INCREMENT BY 1
    NO MINVALUE
    NO MAXVALUE
    CACHE 1
);


--
-- TOC entry 261 (class 1259 OID 128770)
-- Name: django_session; Type: TABLE; Schema: public; Owner: giantcld
--

CREATE TABLE public.django_session (
    session_key character varying(40) NOT NULL,
    session_data text NOT NULL,
    expire_date timestamp with time zone NOT NULL
);


ALTER TABLE public.django_session OWNER TO giantcld;

--
-- TOC entry 256 (class 1259 OID 128738)
-- Name: forge_bim_category; Type: TABLE; Schema: public; Owner: giantcld
--

CREATE TABLE public.forge_bim_category (
    id bigint NOT NULL,
    name character varying(255) NOT NULL,
    description text,
    is_active boolean NOT NULL
);


ALTER TABLE public.forge_bim_category OWNER TO giantcld;

--
-- TOC entry 255 (class 1259 OID 128737)
-- Name: forge_bim_category_id_seq; Type: SEQUENCE; Schema: public; Owner: giantcld
--

ALTER TABLE public.forge_bim_category ALTER COLUMN id ADD GENERATED BY DEFAULT AS IDENTITY (
    SEQUENCE NAME public.forge_bim_category_id_seq
    START WITH 1
    INCREMENT BY 1
    NO MINVALUE
    NO MAXVALUE
    CACHE 1
);


--
-- TOC entry 260 (class 1259 OID 128754)
-- Name: forge_bim_conversion; Type: TABLE; Schema: public; Owner: giantcld
--

CREATE TABLE public.forge_bim_conversion (
    id bigint NOT NULL,
    urn character varying(255) NOT NULL,
    version integer NOT NULL,
    original_file character varying(500) NOT NULL,
    svf_file character varying(500) NOT NULL,
    created_at timestamp with time zone NOT NULL,
    bim_model_id bigint NOT NULL
);


ALTER TABLE public.forge_bim_conversion OWNER TO giantcld;

--
-- TOC entry 259 (class 1259 OID 128753)
-- Name: forge_bim_conversion_id_seq; Type: SEQUENCE; Schema: public; Owner: giantcld
--

ALTER TABLE public.forge_bim_conversion ALTER COLUMN id ADD GENERATED BY DEFAULT AS IDENTITY (
    SEQUENCE NAME public.forge_bim_conversion_id_seq
    START WITH 1
    INCREMENT BY 1
    NO MINVALUE
    NO MAXVALUE
    CACHE 1
);


--
-- TOC entry 258 (class 1259 OID 128748)
-- Name: forge_bim_model; Type: TABLE; Schema: public; Owner: giantcld
--

CREATE TABLE public.forge_bim_model (
    id bigint NOT NULL,
    name character varying(255) NOT NULL,
    created_at timestamp with time zone NOT NULL
);


ALTER TABLE public.forge_bim_model OWNER TO giantcld;

--
-- TOC entry 257 (class 1259 OID 128747)
-- Name: forge_bim_model_id_seq; Type: SEQUENCE; Schema: public; Owner: giantcld
--

ALTER TABLE public.forge_bim_model ALTER COLUMN id ADD GENERATED BY DEFAULT AS IDENTITY (
    SEQUENCE NAME public.forge_bim_model_id_seq
    START WITH 1
    INCREMENT BY 1
    NO MINVALUE
    NO MAXVALUE
    CACHE 1
);


--
-- TOC entry 263 (class 1259 OID 128780)
-- Name: token_blacklist_blacklistedtoken; Type: TABLE; Schema: public; Owner: giantcld
--

CREATE TABLE public.token_blacklist_blacklistedtoken (
    id bigint NOT NULL,
    blacklisted_at timestamp with time zone NOT NULL,
    token_id bigint NOT NULL
);


ALTER TABLE public.token_blacklist_blacklistedtoken OWNER TO giantcld;

--
-- TOC entry 262 (class 1259 OID 128779)
-- Name: token_blacklist_blacklistedtoken_id_seq; Type: SEQUENCE; Schema: public; Owner: giantcld
--

ALTER TABLE public.token_blacklist_blacklistedtoken ALTER COLUMN id ADD GENERATED BY DEFAULT AS IDENTITY (
    SEQUENCE NAME public.token_blacklist_blacklistedtoken_id_seq
    START WITH 1
    INCREMENT BY 1
    NO MINVALUE
    NO MAXVALUE
    CACHE 1
);


--
-- TOC entry 265 (class 1259 OID 128786)
-- Name: token_blacklist_outstandingtoken; Type: TABLE; Schema: public; Owner: giantcld
--

CREATE TABLE public.token_blacklist_outstandingtoken (
    id bigint NOT NULL,
    token text NOT NULL,
    created_at timestamp with time zone,
    expires_at timestamp with time zone NOT NULL,
    user_id bigint,
    jti character varying(255) NOT NULL
);


ALTER TABLE public.token_blacklist_outstandingtoken OWNER TO giantcld;

--
-- TOC entry 264 (class 1259 OID 128785)
-- Name: token_blacklist_outstandingtoken_id_seq; Type: SEQUENCE; Schema: public; Owner: giantcld
--

ALTER TABLE public.token_blacklist_outstandingtoken ALTER COLUMN id ADD GENERATED BY DEFAULT AS IDENTITY (
    SEQUENCE NAME public.token_blacklist_outstandingtoken_id_seq
    START WITH 1
    INCREMENT BY 1
    NO MINVALUE
    NO MAXVALUE
    CACHE 1
);


--
-- TOC entry 3583 (class 0 OID 128463)
-- Dependencies: 226
-- Data for Name: account_user; Type: TABLE DATA; Schema: public; Owner: giantcld
--

COPY public.account_user (id, password, last_login, is_superuser, first_name, last_name, is_staff, is_active, date_joined, email, username) FROM stdin;
1	pbkdf2_sha256$870000$zU98tTKKzq9y739vwZ2hI4$f1azAVJHmAAkgWZSGJqnz+8egvC0Cqj2nt+ZFWtEPXk=	2025-02-16 16:28:19.728804+08	t			t	t	2025-02-15 15:23:36.214256+08	admin@example.com	\N
\.


--
-- TOC entry 3585 (class 0 OID 128473)
-- Dependencies: 228
-- Data for Name: account_user_groups; Type: TABLE DATA; Schema: public; Owner: giantcld
--

COPY public.account_user_groups (id, user_id, group_id) FROM stdin;
\.


--
-- TOC entry 3587 (class 0 OID 128479)
-- Dependencies: 230
-- Data for Name: account_user_user_permissions; Type: TABLE DATA; Schema: public; Owner: giantcld
--

COPY public.account_user_user_permissions (id, user_id, permission_id) FROM stdin;
\.


--
-- TOC entry 3591 (class 0 OID 128535)
-- Dependencies: 234
-- Data for Name: admin_interface_theme; Type: TABLE DATA; Schema: public; Owner: giantcld
--

COPY public.admin_interface_theme (id, name, active, title, title_visible, logo, logo_visible, css_header_background_color, title_color, css_header_text_color, css_header_link_color, css_header_link_hover_color, css_module_background_color, css_module_text_color, css_module_link_color, css_module_link_hover_color, css_module_rounded_corners, css_generic_link_color, css_generic_link_hover_color, css_save_button_background_color, css_save_button_background_hover_color, css_save_button_text_color, css_delete_button_background_color, css_delete_button_background_hover_color, css_delete_button_text_color, list_filter_dropdown, related_modal_active, related_modal_background_color, related_modal_rounded_corners, logo_color, recent_actions_visible, favicon, related_modal_background_opacity, env_name, env_visible_in_header, env_color, env_visible_in_favicon, related_modal_close_button_visible, language_chooser_active, language_chooser_display, list_filter_sticky, form_pagination_sticky, form_submit_sticky, css_module_background_selected_color, css_module_link_selected_color, logo_max_height, logo_max_width, foldable_apps, language_chooser_control, list_filter_highlight, list_filter_removal_links, show_fieldsets_as_tabs, show_inlines_as_tabs, css_generic_link_active_color, collapsible_stacked_inlines, collapsible_stacked_inlines_collapsed, collapsible_tabular_inlines, collapsible_tabular_inlines_collapsed) FROM stdin;
8	BIM	t		f		t	#112E51	#FFFFFF	#FFFFFF	#FFFFFF	#E1F3F8	#112E51	#FFFFFF	#FFFFFF	#E1F3F8	t	#112E51	#0071BC	#112E51	#205493	#FFFFFF	#CD2026	#981B1E	#FFFFFF	f	t	#000000	t	#FFFFFF	t		0.8	BIM模型管理服務系統	t	#E74C3C	t	t	t	code	t	f	f	#FFFFCC	#FFFFFF	100	400	t	default-select	t	f	f	f	#29B864	f	t	f	t
1	Django	f	Django administration	t		t	#0C4B33	#F5DD5D	#44B78B	#FFFFFF	#C9F0DD	#44B78B	#FFFFFF	#FFFFFF	#C9F0DD	t	#0C3C26	#156641	#0C4B33	#0C3C26	#FFFFFF	#BA2121	#A41515	#FFFFFF	t	t	#000000	t	#FFFFFF	t		0.3		t	#E74C3C	t	t	t	code	t	f	f	#FFFFCC	#FFFFFF	100	400	t	default-select	t	f	f	f	#29B864	f	t	f	t
\.


--
-- TOC entry 3579 (class 0 OID 128423)
-- Dependencies: 222
-- Data for Name: auth_group; Type: TABLE DATA; Schema: public; Owner: giantcld
--

COPY public.auth_group (id, name) FROM stdin;
\.


--
-- TOC entry 3581 (class 0 OID 128431)
-- Dependencies: 224
-- Data for Name: auth_group_permissions; Type: TABLE DATA; Schema: public; Owner: giantcld
--

COPY public.auth_group_permissions (id, group_id, permission_id) FROM stdin;
\.


--
-- TOC entry 3577 (class 0 OID 128417)
-- Dependencies: 220
-- Data for Name: auth_permission; Type: TABLE DATA; Schema: public; Owner: giantcld
--

COPY public.auth_permission (id, name, content_type_id, codename) FROM stdin;
1	Can add Theme	1	add_theme
2	Can change Theme	1	change_theme
3	Can delete Theme	1	delete_theme
4	Can view Theme	1	view_theme
5	Can add log entry	2	add_logentry
6	Can change log entry	2	change_logentry
7	Can delete log entry	2	delete_logentry
8	Can view log entry	2	view_logentry
9	Can add permission	3	add_permission
10	Can change permission	3	change_permission
11	Can delete permission	3	delete_permission
12	Can view permission	3	view_permission
13	Can add group	4	add_group
14	Can change group	4	change_group
15	Can delete group	4	delete_group
16	Can view group	4	view_group
17	Can add content type	5	add_contenttype
18	Can change content type	5	change_contenttype
19	Can delete content type	5	delete_contenttype
20	Can view content type	5	view_contenttype
21	Can add session	6	add_session
22	Can change session	6	change_session
23	Can delete session	6	delete_session
24	Can view session	6	view_session
25	Can add blacklisted token	7	add_blacklistedtoken
26	Can change blacklisted token	7	change_blacklistedtoken
27	Can delete blacklisted token	7	delete_blacklistedtoken
28	Can view blacklisted token	7	view_blacklistedtoken
29	Can add outstanding token	8	add_outstandingtoken
30	Can change outstanding token	8	change_outstandingtoken
31	Can delete outstanding token	8	delete_outstandingtoken
32	Can view outstanding token	8	view_outstandingtoken
33	Can add task result	9	add_taskresult
34	Can change task result	9	change_taskresult
35	Can delete task result	9	delete_taskresult
36	Can view task result	9	view_taskresult
37	Can add chord counter	10	add_chordcounter
38	Can change chord counter	10	change_chordcounter
39	Can delete chord counter	10	delete_chordcounter
40	Can view chord counter	10	view_chordcounter
41	Can add group result	11	add_groupresult
42	Can change group result	11	change_groupresult
43	Can delete group result	11	delete_groupresult
44	Can view group result	11	view_groupresult
45	Can add user	12	add_user
46	Can change user	12	change_user
47	Can delete user	12	delete_user
48	Can view user	12	view_user
49	Can add company	13	add_company
50	Can change company	13	change_company
51	Can delete company	13	delete_company
52	Can view company	13	view_company
53	Can add locale	14	add_locale
54	Can change locale	14	change_locale
55	Can delete locale	14	delete_locale
56	Can view locale	14	view_locale
57	Can add aps credentials	15	add_apscredentials
58	Can change aps credentials	15	change_apscredentials
59	Can delete aps credentials	15	delete_apscredentials
60	Can view aps credentials	15	view_apscredentials
61	Can add user profile	17	add_userprofile
62	Can change user profile	17	change_userprofile
63	Can delete user profile	17	delete_userprofile
64	Can view user profile	17	view_userprofile
65	Can add translation	18	add_translation
66	Can change translation	18	change_translation
67	Can delete translation	18	delete_translation
68	Can view translation	18	view_translation
69	Can add bim category	19	add_bimcategory
70	Can change bim category	19	change_bimcategory
71	Can delete bim category	19	delete_bimcategory
72	Can view bim category	19	view_bimcategory
73	Can add bim model	20	add_bimmodel
74	Can change bim model	20	change_bimmodel
75	Can delete bim model	20	delete_bimmodel
76	Can view bim model	20	view_bimmodel
77	Can add bim conversion	21	add_bimconversion
78	Can change bim conversion	21	change_bimconversion
79	Can delete bim conversion	21	delete_bimconversion
80	Can view bim conversion	21	view_bimconversion
81	Can add bim tender	22	add_bimtender
82	Can change bim tender	22	change_bimtender
83	Can delete bim tender	22	delete_bimtender
84	Can view bim tender	22	view_bimtender
\.


--
-- TOC entry 3597 (class 0 OID 128597)
-- Dependencies: 240
-- Data for Name: core_apscredentials; Type: TABLE DATA; Schema: public; Owner: giantcld
--

COPY public.core_apscredentials (id, client_id, client_secret, created_at, updated_at, company_id) FROM stdin;
1	47aKP8JTOibKQTvtpdugm8r05baqLxtF	RdJFpBeVY0Nkax7n	2025-02-15 15:23:36.745439+08	2025-02-15 15:55:53.951002+08	1
\.


--
-- TOC entry 3593 (class 0 OID 128581)
-- Dependencies: 236
-- Data for Name: core_company; Type: TABLE DATA; Schema: public; Owner: giantcld
--

COPY public.core_company (id, name) FROM stdin;
1	桃園機場公司
\.


--
-- TOC entry 3595 (class 0 OID 128589)
-- Dependencies: 238
-- Data for Name: core_locale; Type: TABLE DATA; Schema: public; Owner: giantcld
--

COPY public.core_locale (id, lang, name, is_active) FROM stdin;
1	en	English	t
2	zh	繁體中文	t
\.


--
-- TOC entry 3599 (class 0 OID 128605)
-- Dependencies: 242
-- Data for Name: core_navigation; Type: TABLE DATA; Schema: public; Owner: giantcld
--

COPY public.core_navigation (id, title_locale, subtitle_locale, type, icon, link, is_active, "order", lft, rght, tree_id, level, parent_id) FROM stdin;
1	bim-information-listing	\N	basic	heroicons_outline:magnifying-glass	/process-functions	t	1	1	2	1	0	\N
2	bim-model-viewer	\N	basic	heroicons_outline:photo	bim-model-viewer	t	2	1	2	2	0	\N
3	bim-data-import	\N	basic	heroicons_outline:inbox-arrow-down	/bim-data-import	t	4	1	2	4	0	\N
4	user-management	\N	basic	heroicons_outline:users	/user-management	t	5	1	2	5	0	\N
5	system-administration	\N	basic	heroicons_outline:cog-6-tooth	/system-administration	t	6	1	2	6	0	\N
6	bim-media-viewer	\N	basic	heroicons_outline:folder	/bim-media-viewer	t	3	1	2	3	0	\N
\.


--
-- TOC entry 3601 (class 0 OID 128617)
-- Dependencies: 244
-- Data for Name: core_navigation_permissions; Type: TABLE DATA; Schema: public; Owner: giantcld
--

COPY public.core_navigation_permissions (id, navigation_id, permission_id) FROM stdin;
\.


--
-- TOC entry 3605 (class 0 OID 128631)
-- Dependencies: 248
-- Data for Name: core_translation; Type: TABLE DATA; Schema: public; Owner: giantcld
--

COPY public.core_translation (id, key, value, locale_id) FROM stdin;
1	app-title	BIM 模型管理服務系統	2
2	bim-information-listing	圖資檢索	2
3	bim-information-listing-desc	圖資檢索功能說明	2
4	bim-model-viewer	模型檢視	2
5	bim-data-import	模型匯入	2
6	user	使用者	2
7	user-management	使用者管理	2
8	system-administration	系統管理	2
9	advanced-search	COBie Data 進階查詢	2
10	search-keyword	查詢關鍵字...	2
11	user-account	帳戶管理	2
12	log-query	紀錄查詢	2
13	role	權限	2
14	role-list	權限設定	2
15	backup-restore	資料庫備份及還原	2
16	system-administrator	系統管理員	2
17	security-manager	安控管理人員	2
18	bim-manager	圖模管理人員	2
19	bim-operator	圖資作業人員	2
20	inquiry-user	一般查詢使用者	2
21	client-id	Client ID	2
22	client-secret	Client Secret	2
23	bucket-key	Bucket Key	2
24	upload-object	上傳圖資	2
25	translate-job	圖資轉換	2
26	extract-metadata	擷取數據	2
27	module	模組	2
28	model-import-operations	模型匯入作業	2
29	model-import-operations-desc	使用 APS 服務將模型轉換 WebGL 格式	2
30	bim-file-management	BIM 檔案管理	2
31	bim-file-management-desc	可管理並下載 BIM 檔案	2
32	digital-files	數位化檔案	2
33	digital-files-desc	可管理數位化檔案並下載	2
34	bim-information-search	圖資檢索查詢	2
35	bim-information-search-desc	可查詢模型檢索列表資料	2
36	bim-data-export	圖資資料匯出	2
37	bim-data-export-desc	可匯出圖資查詢結果列表	2
38	3d-model-viewer	3D模型檢視器	2
39	3d-model-viewer-desc	可使用 3D WebGL 模型檢視器	2
40	user-management-desc	可新增、刪除、修改使用者帳戶	2
41	permission-group-management	權限群組管理	2
42	permission-group-management-desc	可新增、刪除、修改使用者權限群組	2
43	user-log-query	查詢使用者歷程	2
44	user-log-query-desc	可查詢使用者歷程記錄並匯出記錄檔	2
45	database-management	資料庫管理	2
46	database-management-desc	可進行資料庫備份及還原作業	2
47	system-log-query	系統日誌	2
48	system-log-query-desc	可查詢系統記錄並匯出記錄檔	2
49	file-directory	數位化文件資料夾	2
50	search-bim-name	查詢圖資名稱	2
51	sign-in	登入	2
52	sign-out	登出	2
53	username	帳號	2
54	password	密碼	2
55	no	編號	2
56	name	名稱	2
57	email	電子信箱	2
58	is-required	是必需的	2
59	remember-me	保持登入	2
60	forgot-username	忘記帳號	2
61	forgot-password	忘記密碼	2
62	wrong-email-password	請確認帳號或密碼是否正確	2
63	worng-email-format	請輸入有效的電子郵件地址	2
64	register	註冊帳號	2
65	create	新增	2
66	save	儲存	2
67	edit	編輯	2
68	confirm	確認	2
69	close	關閉	2
70	auth-user	授權帳戶	2
71	auth-permission	權限	2
72	auth-group	權限群組	2
73	cancel	取消	2
74	app-title	BIM Model Management System	1
75	bim-information-listing	BIM Information Listing	1
76	bim-information-listing-desc	BIM Information Listing function description	1
77	bim-model-viewer	BIM Model Viewer	1
78	bim-data-import	BIM Data Import	1
79	user	User	1
80	user-management	User Management	1
81	system-administration	System Administration	1
82	advanced-search	COBie Data Advanced Search	1
83	search-keyword	Search keyword...	1
84	user-account	Account Management	1
85	log-query	Log Query	1
86	role	Role	1
87	role-list	Permission Settings	1
88	backup-restore	Database Backup & Restore	1
89	system-administrator	Administrator	1
90	security-manager	Security Manager	1
91	bim-manager	BIM Manager	1
92	bim-operator	BIM Operator	1
93	inquiry-user	Inquiry User	1
94	client-id	Client ID	1
95	client-secret	Client Secret	1
96	bucket-key	Bucket Key	1
97	upload-object	Upload Object	1
98	aps-credentials-desc	可修改 APS 客戶端憑證資料	2
99	translate-job	Translate Job	1
100	extract-metadata	Extract Metadata	1
101	module	 Module	1
102	model-import-operations	Model Import Operations	1
103	model-import-operations-desc	Use APS service to convert models to WebGL format	1
104	bim-file-management	BIM File Management	1
105	bim-file-management-desc	Can manage and download BIM files	1
106	digital-files	Digital Files	1
107	digital-files-desc	Can manage and download digital files	1
108	bim-information-search	BIM Information Search	1
109	bim-information-search-desc	Can search model information list data	1
110	bim-data-export	BIM Data Export	1
111	bim-data-export-desc	Can export BIM information search result list	1
112	3d-model-viewer	3D Model Viewer	1
113	3d-model-viewer-desc	Can use 3D WebGL model viewer	1
114	user-management-desc	Can add, delete, and modify user accounts	1
115	permission-group-management	Permission Group Management	1
116	permission-group-management-desc	Can add, delete, and modify user permission groups	1
117	user-log-query	User Log Query	1
118	user-log-query-desc	Can query user log records and export log files	1
119	database-management	Database Management	1
120	database-management-desc	Can perform database backup and restore operations	1
121	system-log-query	System Log Query	1
122	system-log-query-desc	Can query system logs and export log files	1
123	file-directory	Digital files directory	1
124	search-bim-name	Search BIM Name	1
125	loading	Loading	1
126	sign-in	Sign in	1
127	sign-out	Sign out	1
128	username	Account	1
129	password	Password	1
130	no	No	1
131	name	Name	1
132	email	Email	1
133	is-required	is required	1
134	remember-me	Remember me	1
135	forgot-username	Forgot Username	1
136	forgot-password	Forgot Password	1
137	wrong-email-password	Wrong username or password	1
138	worng-email-format	Please enter a valid email address	1
139	register	Register Account	1
140	create	Create	1
141	save	Save	1
142	edit	Edit	1
143	confirm	Confirm	1
144	close	Close	1
145	auth-user	Authorized User	1
146	auth-permission	Authorized Permission	1
147	auth-group	Authorized Group	1
148	cancel	Cancel	1
149	email-already-exists	Email already exists	1
151	upload-time	Upload Time	1
152	uploader	Uploader	1
155	previous-backup-version	Previous Backup Version	1
156	restore-previous-version	Restore Previous Version	1
157	file-label	標別/檔案名稱	2
158	upload-time	上傳時間	2
159	uploader	上傳者	2
162	previous-backup-version	前次備份版本	2
163	restore-previous-version	還原前次版本	2
164	file-name	File Name	1
165	file-size	File Size	1
166	status	Status	1
167	message	Message	1
168	file-name	檔案名稱	2
169	file-size	檔案大小	2
170	status	狀態	2
171	message	訊息	2
172	email-already-exists	電子郵件已存在	2
173	already-exists	already exists	1
174	already-exists	已存在	2
175	select-file	選擇檔案	2
176	confirm-action	Confirm action	1
177	delete-confirm	Are you sure you want to remove this item? This action cannot be undone!	1
178	delete	Delete	1
179	confirm-action	確認操作	2
180	delete-confirm	您確定要刪除這個項目嗎？這個操作無法還原！	2
181	delete	刪除	2
182	delete-success	The item has been successfully deleted.	1
183	delete-success	項目已成功刪除	2
184	select-file	Select Files	1
185	bim-media-viewer	File Management	1
186	bim-media-viewer	文件管理	2
187	loading	處理中	2
188	re-translate-confirm	Confirm whether to reconvert	1
189	re-translate-confirm	是否重新轉換?	2
192	bim-compare	Compare	1
193	bim-compare	比較	2
194	aps-credentials	APS Client Credentials	1
195	aps-credentials	APS 客戶端憑證	2
196	aps-credentials-desc	Can modify APS credential data	1
197	update-success	The item has been successfully updated.	1
198	update-success	項目已成功修改	2
199	no-data	No data available	1
200	no-data	目前沒有任何資料	2
161	download-bim-source	原始檔	2
154	download-bim-source	Source File	1
160	download-cobie-csv	COBie CSV	2
153	download-cobie-csv	COBie CSV	1
191	bim-aggregated	合併檢視	2
190	bim-aggregated	Aggregated View	1
150	file-label	Tender/Name	1
201	select-at-least-one-model	請至少選取一個以上模型	2
202	select-at-least-one-model	Please select at least one model	1
203	unsupported-aggregated-view	Aggregated view for different tender is not supported.	1
204	unsupported-aggregated-view	不支援不同標別合併檢視	2
\.


--
-- TOC entry 3603 (class 0 OID 128623)
-- Dependencies: 246
-- Data for Name: core_userprofile; Type: TABLE DATA; Schema: public; Owner: giantcld
--

COPY public.core_userprofile (id, company_id, user_id) FROM stdin;
1	1	1
\.


--
-- TOC entry 3589 (class 0 OID 128514)
-- Dependencies: 232
-- Data for Name: django_admin_log; Type: TABLE DATA; Schema: public; Owner: giantcld
--

COPY public.django_admin_log (id, action_time, object_id, object_repr, action_flag, change_message, content_type_id, user_id) FROM stdin;
1	2025-02-15 15:55:24.201227+08	1	桃園機場公司	2	[{"changed": {"fields": ["Name"]}}]	13	1
2	2025-02-15 15:55:53.953159+08	1	Autodesk Credentials (47aKP8JTOibKQTvtpdugm8r05baqLxtF)	2	[{"changed": {"fields": ["Client id", "Client secret"]}}]	15	1
3	2025-02-16 02:42:28.150209+08	161	zh - download-bim-source	2	[{"changed": {"fields": ["Value"]}}]	18	1
4	2025-02-16 02:42:35.492693+08	154	en - download-bim-source	2	[{"changed": {"fields": ["Value"]}}]	18	1
5	2025-02-16 02:42:53.108606+08	160	zh - download-cobie-csv	2	[{"changed": {"fields": ["Value"]}}]	18	1
6	2025-02-16 02:42:59.028744+08	153	en - download-cobie-csv	2	[{"changed": {"fields": ["Value"]}}]	18	1
7	2025-02-16 02:59:14.185402+08	1	T3-TP01-TX1-B2-XXX-M3-DP-00100-7002.nwc	2	[{"changed": {"fields": ["Name"]}}]	22	1
8	2025-02-16 15:04:49.9741+08	191	zh - bim-aggregated	2	[{"changed": {"fields": ["Value"]}}]	18	1
9	2025-02-16 15:05:34.336753+08	190	en - bim-aggregated	2	[{"changed": {"fields": ["Value"]}}]	18	1
10	2025-02-16 16:28:31.391992+08	1	BimModel object (1)	3		20	1
11	2025-02-16 16:28:31.391992+08	2	BimModel object (2)	3		20	1
12	2025-02-16 16:41:51.851506+08	6	BimModel object (6)	3		20	1
13	2025-02-16 16:41:51.851506+08	5	BimModel object (5)	3		20	1
14	2025-02-16 16:41:51.851506+08	4	BimModel object (4)	3		20	1
15	2025-02-16 16:41:51.851506+08	3	BimModel object (3)	3		20	1
16	2025-02-16 16:47:31.944917+08	12	BimModel object (12)	3		20	1
17	2025-02-16 23:17:56.664643+08	21	BimModel object (21)	3		20	1
18	2025-02-16 23:27:17.257933+08	23	BimModel object (23)	3		20	1
19	2025-02-16 23:27:17.257933+08	22	BimModel object (22)	3		20	1
20	2025-02-16 23:34:02.486979+08	24	BimModel object (24)	3		20	1
21	2025-02-17 00:05:28.184338+08	203	en - unsupported-aggregated-view	1	[{"added": {}}]	18	1
22	2025-02-17 00:06:02.537806+08	204	zh - unsupported-aggregated-view	1	[{"added": {}}]	18	1
23	2025-02-17 00:06:39.44997+08	150	en - file-label	2	[{"changed": {"fields": ["Value"]}}]	18	1
\.


--
-- TOC entry 3609 (class 0 OID 128708)
-- Dependencies: 252
-- Data for Name: django_celery_results_chordcounter; Type: TABLE DATA; Schema: public; Owner: giantcld
--

COPY public.django_celery_results_chordcounter (id, group_id, sub_tasks, count) FROM stdin;
\.


--
-- TOC entry 3611 (class 0 OID 128720)
-- Dependencies: 254
-- Data for Name: django_celery_results_groupresult; Type: TABLE DATA; Schema: public; Owner: giantcld
--

COPY public.django_celery_results_groupresult (id, group_id, date_created, date_done, content_type, content_encoding, result) FROM stdin;
\.


--
-- TOC entry 3607 (class 0 OID 128687)
-- Dependencies: 250
-- Data for Name: django_celery_results_taskresult; Type: TABLE DATA; Schema: public; Owner: giantcld
--

COPY public.django_celery_results_taskresult (id, task_id, status, content_type, content_encoding, result, date_done, traceback, meta, task_args, task_kwargs, task_name, worker, date_created, periodic_task_name) FROM stdin;
1	7cb04c3b-e0d5-4291-8bc5-41d08c669a2f	SUCCESS	application/json	utf-8	null	2025-02-15 18:33:44.371851+08	\N	{"children": []}	\N	\N	\N	\N	2025-02-15 18:33:44.371777+08	\N
2	2d8d3b6f-517b-48a2-a70f-d427533ce4b7	SUCCESS	application/json	utf-8	null	2025-02-15 18:34:33.842602+08	\N	{"children": []}	\N	\N	\N	\N	2025-02-15 18:34:33.842585+08	\N
3	7feb6216-49f4-4140-b072-a1eb0f8069b4	SUCCESS	application/json	utf-8	null	2025-02-15 18:35:38.884895+08	\N	{"children": []}	\N	\N	\N	\N	2025-02-15 18:35:38.884877+08	\N
4	cdb2eb81-1778-431e-8b24-29cbe5a440d4	SUCCESS	application/json	utf-8	null	2025-02-15 18:41:47.049128+08	\N	{"children": []}	\N	\N	\N	\N	2025-02-15 18:41:47.049109+08	\N
5	33f0eed2-642f-45da-9e9c-5e1cfb92f0a9	SUCCESS	application/json	utf-8	null	2025-02-15 18:42:37.339036+08	\N	{"children": []}	\N	\N	\N	\N	2025-02-15 18:42:37.339015+08	\N
6	72d44ac1-f211-436e-ab95-23066bde5d1b	FAILURE	application/json	utf-8	{"exc_type": "ConnectionError", "exc_message": ["Error Multiple exceptions: [Errno 61] Connect call failed ('::1', 6379, 0, 0), [Errno 61] Connect call failed ('127.0.0.1', 6379) connecting to localhost:6379."], "exc_module": "redis.exceptions"}	2025-02-16 00:51:49.57544+08	\N	{"children": []}	\N	\N	\N	\N	2025-02-15 18:43:25.424774+08	\N
7	30da712a-a7f6-4550-8a69-c8f29697facf	SUCCESS	application/json	utf-8	null	2025-02-16 16:31:56.696193+08	\N	{"children": []}	\N	\N	\N	\N	2025-02-16 16:31:56.696193+08	\N
8	3bf53acd-4748-4cd1-b7d9-02c8b26dd51f	SUCCESS	application/json	utf-8	null	2025-02-16 16:32:46.810632+08	\N	{"children": []}	\N	\N	\N	\N	2025-02-16 16:32:46.809632+08	\N
9	4fc77137-fa3e-445d-b799-4609f5e2079c	SUCCESS	application/json	utf-8	null	2025-02-16 16:33:56.277292+08	\N	{"children": []}	\N	\N	\N	\N	2025-02-16 16:33:56.277292+08	\N
10	dc237a7d-a9c5-4937-930d-6d141910358e	SUCCESS	application/json	utf-8	null	2025-02-16 16:34:46.947295+08	\N	{"children": []}	\N	\N	\N	\N	2025-02-16 16:34:46.947295+08	\N
12	aee967aa-1d96-4c1f-b291-2933b1ccdfa6	FAILURE	application/json	utf-8	{"exc_type": "IntegrityError", "exc_message": ["null value in column \\"tender_id\\" of relation \\"forge_bim_model\\" violates not-null constraint\\nDETAIL:  Failing row contains (7, T3-TP01-TX1-XX-XXX-M3-SE-00002-7002.nwc, 2025-02-16 08:38:03.542096+00, null).\\n"], "exc_module": "django.db.utils"}	2025-02-16 16:38:03.559134+08	\N	{"children": []}	\N	\N	\N	\N	2025-02-16 16:38:03.559134+08	\N
13	4f4574e6-fc64-43fa-a406-e1b914f0063a	FAILURE	application/json	utf-8	{"exc_type": "IntegrityError", "exc_message": ["null value in column \\"tender_id\\" of relation \\"forge_bim_model\\" violates not-null constraint\\nDETAIL:  Failing row contains (8, T3-TP01-TX1-XX-XXX-M3-DP-00200-7002.nwc, 2025-02-16 08:39:28.72467+00, null).\\n"], "exc_module": "django.db.utils"}	2025-02-16 16:39:28.735671+08	\N	{"children": []}	\N	\N	\N	\N	2025-02-16 16:39:28.735671+08	\N
14	436f3f56-b9fa-435b-955f-35372c910522	FAILURE	application/json	utf-8	{"exc_type": "IntegrityError", "exc_message": ["null value in column \\"tender_id\\" of relation \\"forge_bim_model\\" violates not-null constraint\\nDETAIL:  Failing row contains (9, T3-TP01-TX1-XX-XXX-M3-EE-00001-7002.nwc, 2025-02-16 08:40:16.965121+00, null).\\n"], "exc_module": "django.db.utils"}	2025-02-16 16:40:16.97934+08	\N	{"children": []}	\N	\N	\N	\N	2025-02-16 16:40:16.97934+08	\N
15	38d697ad-4d42-4862-8772-65862f62f8ec	SUCCESS	application/json	utf-8	null	2025-02-16 16:50:07.139198+08	\N	{"children": []}	\N	\N	\N	\N	2025-02-16 16:50:07.139198+08	\N
16	1da374d3-a18f-4c49-b4ba-067cc055fbb2	SUCCESS	application/json	utf-8	null	2025-02-16 16:58:03.296694+08	\N	{"children": []}	\N	\N	\N	\N	2025-02-16 16:58:03.296694+08	\N
17	dfdfcfe8-2675-485c-88de-9fa829eaac09	SUCCESS	application/json	utf-8	null	2025-02-16 17:00:16.946712+08	\N	{"children": []}	\N	\N	\N	\N	2025-02-16 17:00:16.946712+08	\N
18	d3a54427-b262-4785-9d1d-6944da789717	SUCCESS	application/json	utf-8	null	2025-02-16 17:01:02.896718+08	\N	{"children": []}	\N	\N	\N	\N	2025-02-16 17:01:02.896718+08	\N
19	f618fdb1-b6bb-40de-a8e5-8a21d664f8e7	SUCCESS	application/json	utf-8	null	2025-02-16 17:01:52.27537+08	\N	{"children": []}	\N	\N	\N	\N	2025-02-16 17:01:52.27537+08	\N
20	e7e8b761-1b9a-46f0-a276-a1b95f379f06	SUCCESS	application/json	utf-8	null	2025-02-16 17:03:42.537546+08	\N	{"children": []}	\N	\N	\N	\N	2025-02-16 17:03:42.537546+08	\N
21	08be6a07-3eb5-4714-b520-0a2255fb85de	SUCCESS	application/json	utf-8	null	2025-02-16 17:04:39.329585+08	\N	{"children": []}	\N	\N	\N	\N	2025-02-16 17:04:39.329585+08	\N
22	1a5a3ec2-427d-4346-89d4-4f975a09200c	SUCCESS	application/json	utf-8	null	2025-02-16 17:05:25.023977+08	\N	{"children": []}	\N	\N	\N	\N	2025-02-16 17:05:25.023977+08	\N
23	63d41ed5-54fd-49f3-9c00-fcae2ede012a	SUCCESS	application/json	utf-8	null	2025-02-16 17:06:15.304568+08	\N	{"children": []}	\N	\N	\N	\N	2025-02-16 17:06:15.304568+08	\N
24	2d1dfffc-9fa3-43ab-95ab-faa33e6533fc	SUCCESS	application/json	utf-8	null	2025-02-16 20:27:34.167968+08	\N	{"children": []}	\N	\N	\N	\N	2025-02-16 20:27:34.167968+08	\N
11	dad853b2-4130-4b89-8948-93316a6925f5	SUCCESS	application/json	utf-8	null	2025-02-16 20:28:54.740313+08	\N	{"children": []}	\N	\N	\N	\N	2025-02-16 16:35:45.73741+08	\N
25	07ba64c7-8b31-4366-8ee3-6746e99578ce	SUCCESS	application/json	utf-8	null	2025-02-16 20:29:19.718183+08	\N	{"children": []}	\N	\N	\N	\N	2025-02-16 20:29:19.718183+08	\N
26	0435f98b-3de1-4ba4-ae73-7430157f05c9	SUCCESS	application/json	utf-8	null	2025-02-16 23:05:03.752398+08	\N	{"children": []}	\N	\N	\N	\N	2025-02-16 23:05:03.752398+08	\N
27	322c6554-9860-47c1-9551-5fe951adc437	SUCCESS	application/json	utf-8	null	2025-02-16 23:11:45.512297+08	\N	{"children": []}	\N	\N	\N	\N	2025-02-16 23:11:45.512297+08	\N
28	5da60ceb-1b10-4353-aa07-3eef00805a8e	SUCCESS	application/json	utf-8	null	2025-02-16 23:22:44.616504+08	\N	{"children": []}	\N	\N	\N	\N	2025-02-16 23:22:44.616504+08	\N
29	cabba9cc-ba3c-4153-85d5-4f5065a8ea42	SUCCESS	application/json	utf-8	null	2025-02-16 23:23:37.285393+08	\N	{"children": []}	\N	\N	\N	\N	2025-02-16 23:23:37.285393+08	\N
\.


--
-- TOC entry 3575 (class 0 OID 128409)
-- Dependencies: 218
-- Data for Name: django_content_type; Type: TABLE DATA; Schema: public; Owner: giantcld
--

COPY public.django_content_type (id, app_label, model) FROM stdin;
1	admin_interface	theme
2	admin	logentry
3	auth	permission
4	auth	group
5	contenttypes	contenttype
6	sessions	session
7	token_blacklist	blacklistedtoken
8	token_blacklist	outstandingtoken
9	django_celery_results	taskresult
10	django_celery_results	chordcounter
11	django_celery_results	groupresult
12	account	user
13	core	company
14	core	locale
15	core	apscredentials
16	core	navigation
17	core	userprofile
18	core	translation
19	forge	bimcategory
20	forge	bimmodel
21	forge	bimconversion
22	forge	bimtender
\.


--
-- TOC entry 3573 (class 0 OID 128401)
-- Dependencies: 216
-- Data for Name: django_migrations; Type: TABLE DATA; Schema: public; Owner: giantcld
--

COPY public.django_migrations (id, app, name, applied) FROM stdin;
1	contenttypes	0001_initial	2025-02-15 14:33:32.349137+08
2	contenttypes	0002_remove_content_type_name	2025-02-15 14:33:32.362761+08
3	auth	0001_initial	2025-02-15 14:33:32.4634+08
4	auth	0002_alter_permission_name_max_length	2025-02-15 14:33:32.480394+08
5	auth	0003_alter_user_email_max_length	2025-02-15 14:33:32.488386+08
6	auth	0004_alter_user_username_opts	2025-02-15 14:33:32.495937+08
7	auth	0005_alter_user_last_login_null	2025-02-15 14:33:32.502936+08
8	auth	0006_require_contenttypes_0002	2025-02-15 14:33:32.507936+08
9	auth	0007_alter_validators_add_error_messages	2025-02-15 14:33:32.515936+08
10	auth	0008_alter_user_username_max_length	2025-02-15 14:33:32.524936+08
11	auth	0009_alter_user_last_name_max_length	2025-02-15 14:33:32.534936+08
12	auth	0010_alter_group_name_max_length	2025-02-15 14:33:32.54694+08
13	auth	0011_update_proxy_permissions	2025-02-15 14:33:32.55494+08
14	auth	0012_alter_user_first_name_max_length	2025-02-15 14:33:32.562939+08
15	account	0001_initial	2025-02-15 14:33:32.670877+08
16	admin	0001_initial	2025-02-15 14:33:32.717865+08
17	admin	0002_logentry_remove_auto_add	2025-02-15 14:33:32.725504+08
18	admin	0003_logentry_add_action_flag_choices	2025-02-15 14:33:32.733504+08
19	admin_interface	0001_initial	2025-02-15 14:33:32.762107+08
20	admin_interface	0002_add_related_modal	2025-02-15 14:33:32.793953+08
21	admin_interface	0003_add_logo_color	2025-02-15 14:33:32.808955+08
22	admin_interface	0004_rename_title_color	2025-02-15 14:33:32.818003+08
23	admin_interface	0005_add_recent_actions_visible	2025-02-15 14:33:32.831159+08
24	admin_interface	0006_bytes_to_str	2025-02-15 14:33:32.870869+08
25	admin_interface	0007_add_favicon	2025-02-15 14:33:32.883609+08
26	admin_interface	0008_change_related_modal_background_opacity_type	2025-02-15 14:33:32.898937+08
27	admin_interface	0009_add_enviroment	2025-02-15 14:33:32.917861+08
28	admin_interface	0010_add_localization	2025-02-15 14:33:32.930888+08
29	admin_interface	0011_add_environment_options	2025-02-15 14:33:32.961049+08
30	admin_interface	0012_update_verbose_names	2025-02-15 14:33:32.970549+08
31	admin_interface	0013_add_related_modal_close_button	2025-02-15 14:33:32.984873+08
32	admin_interface	0014_name_unique	2025-02-15 14:33:33.008943+08
33	admin_interface	0015_add_language_chooser_active	2025-02-15 14:33:33.020932+08
34	admin_interface	0016_add_language_chooser_display	2025-02-15 14:33:33.033159+08
35	admin_interface	0017_change_list_filter_dropdown	2025-02-15 14:33:33.039167+08
36	admin_interface	0018_theme_list_filter_sticky	2025-02-15 14:33:33.053231+08
37	admin_interface	0019_add_form_sticky	2025-02-15 14:33:33.071784+08
38	admin_interface	0020_module_selected_colors	2025-02-15 14:33:33.100177+08
39	admin_interface	0021_file_extension_validator	2025-02-15 14:33:33.110167+08
40	admin_interface	0022_add_logo_max_width_and_height	2025-02-15 14:33:33.13249+08
41	admin_interface	0023_theme_foldable_apps	2025-02-15 14:33:33.144962+08
42	admin_interface	0024_remove_theme_css	2025-02-15 14:33:33.156959+08
43	admin_interface	0025_theme_language_chooser_control	2025-02-15 14:33:33.17057+08
44	admin_interface	0026_theme_list_filter_highlight	2025-02-15 14:33:33.180584+08
45	admin_interface	0027_theme_list_filter_removal_links	2025-02-15 14:33:33.191782+08
46	admin_interface	0028_theme_show_fieldsets_as_tabs_and_more	2025-02-15 14:33:33.21019+08
47	admin_interface	0029_theme_css_generic_link_active_color	2025-02-15 14:33:33.221899+08
48	admin_interface	0030_theme_collapsible_stacked_inlines_and_more	2025-02-15 14:33:33.254295+08
49	core	0001_initial	2025-02-15 14:33:33.492574+08
50	django_celery_results	0001_initial	2025-02-15 14:33:33.540225+08
51	django_celery_results	0002_add_task_name_args_kwargs	2025-02-15 14:33:33.553232+08
52	django_celery_results	0003_auto_20181106_1101	2025-02-15 14:33:33.559379+08
53	django_celery_results	0004_auto_20190516_0412	2025-02-15 14:33:33.61292+08
54	django_celery_results	0005_taskresult_worker	2025-02-15 14:33:33.64488+08
55	django_celery_results	0006_taskresult_date_created	2025-02-15 14:33:33.674021+08
56	django_celery_results	0007_remove_taskresult_hidden	2025-02-15 14:33:33.681227+08
57	django_celery_results	0008_chordcounter	2025-02-15 14:33:33.717117+08
58	django_celery_results	0009_groupresult	2025-02-15 14:33:33.886518+08
59	django_celery_results	0010_remove_duplicate_indices	2025-02-15 14:33:33.898132+08
60	django_celery_results	0011_taskresult_periodic_task_name	2025-02-15 14:33:33.907132+08
61	forge	0001_initial	2025-02-15 14:33:33.983047+08
62	sessions	0001_initial	2025-02-15 14:33:34.01682+08
63	token_blacklist	0001_initial	2025-02-15 14:33:34.091523+08
64	token_blacklist	0002_outstandingtoken_jti_hex	2025-02-15 14:33:34.101585+08
65	token_blacklist	0003_auto_20171017_2007	2025-02-15 14:33:34.121529+08
66	token_blacklist	0004_auto_20171017_2013	2025-02-15 14:33:34.147917+08
67	token_blacklist	0005_remove_outstandingtoken_jti	2025-02-15 14:33:34.161135+08
68	token_blacklist	0006_auto_20171017_2113	2025-02-15 14:33:34.173199+08
69	token_blacklist	0007_auto_20171017_2214	2025-02-15 14:33:34.2071+08
70	token_blacklist	0008_migrate_to_bigautofield	2025-02-15 14:33:34.317762+08
71	token_blacklist	0010_fix_migrate_to_bigautofield	2025-02-15 14:33:34.334763+08
72	token_blacklist	0011_linearizes_history	2025-02-15 14:33:34.341088+08
73	token_blacklist	0012_alter_outstandingtoken_user	2025-02-15 14:33:34.354145+08
74	core	0002_alter_apscredentials_company	2025-02-15 16:54:49.011691+08
75	forge	0002_tender	2025-02-15 16:54:49.059941+08
76	forge	0003_bimmodel_tender_tender_level_tender_lft_and_more	2025-02-15 18:18:16.956688+08
77	forge	0004_rename_tender_bimtender_bimcategory_is_active	2025-02-15 18:18:17.065859+08
78	forge	0005_alter_bimtender_table	2025-02-15 18:19:20.380159+08
79	forge	0006_alter_bimcategory_options	2025-02-16 01:03:09.667584+08
80	forge	0007_remove_bimmodel_tender_delete_bimtender	2025-02-16 16:46:16.743713+08
\.


--
-- TOC entry 3618 (class 0 OID 128770)
-- Dependencies: 261
-- Data for Name: django_session; Type: TABLE DATA; Schema: public; Owner: giantcld
--

COPY public.django_session (session_key, session_data, expire_date) FROM stdin;
lh4czb1dzvrccec2hlaywincrjkk4j6o	.eJxVjDsOwjAQBe_iGln-rO01JT1nsDbZDQ6gRIqTCnF3iJQC2jcz76UKbWstW5OljKzOyqrT79ZR_5BpB3yn6Tbrfp7WZez0ruiDNn2dWZ6Xw_07qNTqt87OxpTQJStOvMmew8ARnEWGYAIgig-xJ89GwCDFLA6GiAgOmCKq9wekfjZr:1tjCnI:hGQhSMSb4wSkn4P6XEkyzSbhdGD0cgSgY3cJ1CM9_CI	2025-03-01 15:40:56.203142+08
iz7wwbfxex9611c079jcyw083e8rv37q	.eJxVjDsOwjAQBe_iGln-rO01JT1nsDbZDQ6gRIqTCnF3iJQC2jcz76UKbWstW5OljKzOyqrT79ZR_5BpB3yn6Tbrfp7WZez0ruiDNn2dWZ6Xw_07qNTqt87OxpTQJStOvMmew8ARnEWGYAIgig-xJ89GwCDFLA6GiAgOmCKq9wekfjZr:1tjD0n:tbXVSYHY7B0isD6iAYqT0H99onH5nkGiilWwXfqcZT4	2025-03-01 15:54:53.70373+08
6rlee6h3ng0z451w82deght62fnlqm72	.eJxVjDsOwjAQBe_iGln-rO01JT1nsDbZDQ6gRIqTCnF3iJQC2jcz76UKbWstW5OljKzOyqrT79ZR_5BpB3yn6Tbrfp7WZez0ruiDNn2dWZ6Xw_07qNTqt87OxpTQJStOvMmew8ARnEWGYAIgig-xJ89GwCDFLA6GiAgOmCKq9wekfjZr:1tjD17:ap4MFrMdAhQLtsX8-9k9s-U8UTYbP-NfPx4F1mdL6GM	2025-03-01 15:55:13.078861+08
ne173dbliaqx48w8uwi6wuxg5gm15nzq	.eJxVjDsOwjAQBe_iGln-rO01JT1nsDbZDQ6gRIqTCnF3iJQC2jcz76UKbWstW5OljKzOyqrT79ZR_5BpB3yn6Tbrfp7WZez0ruiDNn2dWZ6Xw_07qNTqt87OxpTQJStOvMmew8ARnEWGYAIgig-xJ89GwCDFLA6GiAgOmCKq9wekfjZr:1tjD1F:U8CMT2XPZizH55jBUvYkzvX3ABe_zyH9oWM4bcs84BY	2025-03-01 15:55:21.80733+08
6nq452ywrgjx2k0qzqk4mjzpl2xx9ax1	.eJxVjDsOwjAQBe_iGln-rO01JT1nsDbZDQ6gRIqTCnF3iJQC2jcz76UKbWstW5OljKzOyqrT79ZR_5BpB3yn6Tbrfp7WZez0ruiDNn2dWZ6Xw_07qNTqt87OxpTQJStOvMmew8ARnEWGYAIgig-xJ89GwCDFLA6GiAgOmCKq9wekfjZr:1tjFTf:aYN5YBuPhQOIfOryhMzVuL-wyINYloU6lTESQ7OEg-o	2025-03-01 18:32:51.051023+08
27z9jkoqxev7a4995663wxdr7zag85ko	.eJxVjDsOwjAQBe_iGln-rO01JT1nsDbZDQ6gRIqTCnF3iJQC2jcz76UKbWstW5OljKzOyqrT79ZR_5BpB3yn6Tbrfp7WZez0ruiDNn2dWZ6Xw_07qNTqt87OxpTQJStOvMmew8ARnEWGYAIgig-xJ89GwCDFLA6GiAgOmCKq9wekfjZr:1tjLU5:nsVeVb3BdA4f3getqaewa-uWekhLaVBV2D3ZG5BeVqo	2025-03-02 00:57:41.048953+08
gn6iwwmksa029350kcvl2penqo99dvm1	.eJxVjDsOwjAQBe_iGln-rO01JT1nsDbZDQ6gRIqTCnF3iJQC2jcz76UKbWstW5OljKzOyqrT79ZR_5BpB3yn6Tbrfp7WZez0ruiDNn2dWZ6Xw_07qNTqt87OxpTQJStOvMmew8ARnEWGYAIgig-xJ89GwCDFLA6GiAgOmCKq9wekfjZr:1tja0h:DLCyK_b9HjfbXAhb4_J1ZeO0j6es0onoAFqb4qmfA9k	2025-03-02 16:28:19.7397+08
\.


--
-- TOC entry 3613 (class 0 OID 128738)
-- Dependencies: 256
-- Data for Name: forge_bim_category; Type: TABLE DATA; Schema: public; Owner: giantcld
--

COPY public.forge_bim_category (id, name, description, is_active) FROM stdin;
\.


--
-- TOC entry 3617 (class 0 OID 128754)
-- Dependencies: 260
-- Data for Name: forge_bim_conversion; Type: TABLE DATA; Schema: public; Owner: giantcld
--

COPY public.forge_bim_conversion (id, urn, version, original_file, svf_file, created_at, bim_model_id) FROM stdin;
16	dXJuOmFkc2sub2JqZWN0czpvcy5vYmplY3Q6Ym1tc19vc3NfMjUwMjEwMjIxMDQ1L1QzLVRQMDEtVFgxLUIyLVhYWC1NMy1EUC0wMDEwMC03MDAyLm53Yw	1	media-root/uploadT3-TP01-TX1-B2-XXX-M3-DP-00100-7002.nwc	media-root/svf/T3-TP01-TX1-B2-XXX-M3-DP-00100-7002.nwc	2025-02-16 16:50:07.109668+08	13
17	dXJuOmFkc2sub2JqZWN0czpvcy5vYmplY3Q6Ym1tc19vc3NfMjUwMjEwMjIxMDQ1L1QzLVRQMDEtVFgxLVhYLVhYWC1NMy1TRS0wMDcwMC03MDAyLm53Yw	1	media-root/uploadT3-TP01-TX1-XX-XXX-M3-SE-00700-7002.nwc	media-root/svf/T3-TP01-TX1-XX-XXX-M3-SE-00700-7002.nwc	2025-02-16 16:58:03.280182+08	14
18	dXJuOmFkc2sub2JqZWN0czpvcy5vYmplY3Q6Ym1tc19vc3NfMjUwMjEwMjIxMDQ1L1QzLVRQMDEtVFgxLUIzLVhYWC1NMy1EUC0wMDEwMC03MDAyLm53Yw	1	media-root/uploadT3-TP01-TX1-B3-XXX-M3-DP-00100-7002.nwc	media-root/svf/T3-TP01-TX1-B3-XXX-M3-DP-00100-7002.nwc	2025-02-16 17:00:16.904594+08	15
19	dXJuOmFkc2sub2JqZWN0czpvcy5vYmplY3Q6Ym1tc19vc3NfMjUwMjEwMjIxMDQ1L1QzLVRQMDEtVFgxLVhYLVhYWC1NMy1HRS0wMDEwMC03MDAyLm53Yw	1	media-root/uploadT3-TP01-TX1-XX-XXX-M3-GE-00100-7002.nwc	media-root/svf/T3-TP01-TX1-XX-XXX-M3-GE-00100-7002.nwc	2025-02-16 17:01:02.876714+08	16
20	dXJuOmFkc2sub2JqZWN0czpvcy5vYmplY3Q6Ym1tc19vc3NfMjUwMjEwMjIxMDQ1L1QzLVRQMDEtVFgxLVhYLVhYWC1NMy1TRS0wMDAwMi03MDAyLm53Yw	1	media-root/uploadT3-TP01-TX1-XX-XXX-M3-SE-00002-7002.nwc	media-root/svf/T3-TP01-TX1-XX-XXX-M3-SE-00002-7002.nwc	2025-02-16 17:01:52.256345+08	17
21	dXJuOmFkc2sub2JqZWN0czpvcy5vYmplY3Q6Ym1tc19vc3NfMjUwMjEwMjIxMDQ1L1QzLVRQMDEtVFgxLVhYLVhYWC1NMy1TRS0wMDAwMS03MDAyLm53Yw	1	media-root/uploadT3-TP01-TX1-XX-XXX-M3-SE-00001-7002.nwc	media-root/svf/T3-TP01-TX1-XX-XXX-M3-SE-00001-7002.nwc	2025-02-16 17:03:42.521794+08	18
22	dXJuOmFkc2sub2JqZWN0czpvcy5vYmplY3Q6Ym1tc19vc3NfMjUwMjEwMjIxMDQ1L1QzLVRQMDEtVFgxLVhYLVhYWC1NMy1EUC0wMDIwMC03MDAyLm53Yw	1	media-root/uploadT3-TP01-TX1-XX-XXX-M3-DP-00200-7002.nwc	media-root/svf/T3-TP01-TX1-XX-XXX-M3-DP-00200-7002.nwc	2025-02-16 17:04:39.311554+08	19
23	dXJuOmFkc2sub2JqZWN0czpvcy5vYmplY3Q6Ym1tc19vc3NfMjUwMjEwMjIxMDQ1L1QzLVRQMDEtVFgxLVhYLVhYWC1NMy1FRS0wMDAwMS03MDAyLm53Yw	1	media-root/uploadT3-TP01-TX1-XX-XXX-M3-EE-00001-7002.nwc	media-root/svf/T3-TP01-TX1-XX-XXX-M3-EE-00001-7002.nwc	2025-02-16 17:05:25.006727+08	20
25	dXJuOmFkc2sub2JqZWN0czpvcy5vYmplY3Q6Ym1tc19vc3NfMjUwMjEwMjIxMDQ1L1QzLVRQMDEtVFgxLUIyLVhYWC1NMy1EUC0wMDEwMC03MDAyLm53Yw	2	media-root/uploadT3-TP01-TX1-B2-XXX-M3-DP-00100-7002.nwc	media-root/svf/T3-TP01-TX1-B2-XXX-M3-DP-00100-7002.nwc	2025-02-16 20:27:34.138863+08	13
26	dXJuOmFkc2sub2JqZWN0czpvcy5vYmplY3Q6Ym1tc19vc3NfMjUwMjEwMjIxMDQ1L1QzLVRQMDEtVFgxLVhYLVhYWC1NMy1TRS0wMDAwMS03MDAyLm53Yw	2	media-root/uploadT3-TP01-TX1-XX-XXX-M3-SE-00001-7002.nwc	media-root/svf/T3-TP01-TX1-XX-XXX-M3-SE-00001-7002.nwc	2025-02-16 20:28:54.699791+08	18
27	dXJuOmFkc2sub2JqZWN0czpvcy5vYmplY3Q6Ym1tc19vc3NfMjUwMjEwMjIxMDQ1L1QzLVRQMDEtVFgxLUIyLVhYWC1NMy1EUC0wMDEwMC03MDAyLm53Yw	3	media-root/uploadT3-TP01-TX1-B2-XXX-M3-DP-00100-7002.nwc	media-root/svf/T3-TP01-TX1-B2-XXX-M3-DP-00100-7002.nwc	2025-02-16 20:29:19.695883+08	13
28	dXJuOmFkc2sub2JqZWN0czpvcy5vYmplY3Q6Ym1tc19vc3NfMjUwMjEwMjIxMDQ1L1QzLVRQMDEtVFgxLUIyLVhYWC1NMy1EUC0wMDEwMC03MDAyLm53Yw	4	media-root/uploadT3-TP01-TX1-B2-XXX-M3-DP-00100-7002.nwc	media-root/svf/T3-TP01-TX1-B2-XXX-M3-DP-00100-7002.nwc	2025-02-16 21:14:01.282858+08	13
29	dXJuOmFkc2sub2JqZWN0czpvcy5vYmplY3Q6Ym1tc19vc3NfMjUwMjEwMjIxMDQ1L1QzLVRQMDEtVFgxLUIyLVhYWC1NMy1EUC0wMDEwMC03MDAyLm53Yw	5	media-root/uploadT3-TP01-TX1-B2-XXX-M3-DP-00100-7002.nwc	media-root/svf/T3-TP01-TX1-B2-XXX-M3-DP-00100-7002.nwc	2025-02-16 21:15:29.721871+08	13
30	dXJuOmFkc2sub2JqZWN0czpvcy5vYmplY3Q6Ym1tc19vc3NfMjUwMjEwMjIxMDQ1L1QzLVRQMDEtVFgxLUIyLVhYWC1NMy1EUC0wMDEwMC03MDAyLm53Yw	6	media-root/uploadT3-TP01-TX1-B2-XXX-M3-DP-00100-7002.nwc	media-root/svf/T3-TP01-TX1-B2-XXX-M3-DP-00100-7002.nwc	2025-02-16 21:16:41.023308+08	13
31	dXJuOmFkc2sub2JqZWN0czpvcy5vYmplY3Q6Ym1tc19vc3NfMjUwMjEwMjIxMDQ1L1QzLVRQMDEtVFgxLUIyLVhYWC1NMy1EUC0wMDEwMC03MDAyLm53Yw	7	media-root/uploadT3-TP01-TX1-B2-XXX-M3-DP-00100-7002.nwc	media-root/svf/T3-TP01-TX1-B2-XXX-M3-DP-00100-7002.nwc	2025-02-16 21:17:46.624444+08	13
32	dXJuOmFkc2sub2JqZWN0czpvcy5vYmplY3Q6Ym1tc19vc3NfMjUwMjEwMjIxMDQ1L1QzLVRQMDEtVFgxLUIyLVhYWC1NMy1EUC0wMDEwMC03MDAyLm53Yw	8	media-root/uploadT3-TP01-TX1-B2-XXX-M3-DP-00100-7002.nwc	media-root/svf/T3-TP01-TX1-B2-XXX-M3-DP-00100-7002.nwc	2025-02-16 22:45:39.811903+08	13
33	dXJuOmFkc2sub2JqZWN0czpvcy5vYmplY3Q6Ym1tc19vc3NfMjUwMjEwMjIxMDQ1L1QzLVRQMDEtVFgxLUIyLVhYWC1NMy1EUC0wMDEwMC03MDAyLm53Yw	9	media-root/uploadT3-TP01-TX1-B2-XXX-M3-DP-00100-7002.nwc	media-root/svf/T3-TP01-TX1-B2-XXX-M3-DP-00100-7002.nwc	2025-02-16 22:46:08.259935+08	13
40	dXJuOmFkc2sub2JqZWN0czpvcy5vYmplY3Q6Ym1tc19vc3NfMjUwMjEwMjIxMDQ1LyVFNCVCOCVBRCVFNiU5NiU4NyVFNiVCOCVBQyVFOCVBOSVBNi5ud2M	1	media-root/upload中文測試.nwc	media-root/svf/中文測試.nwc	2025-02-16 23:35:52.746272+08	25
\.


--
-- TOC entry 3615 (class 0 OID 128748)
-- Dependencies: 258
-- Data for Name: forge_bim_model; Type: TABLE DATA; Schema: public; Owner: giantcld
--

COPY public.forge_bim_model (id, name, created_at) FROM stdin;
13	T3-TP01-TX1-B2-XXX-M3-DP-00100-7002.nwc	2025-02-16 16:50:07.096671+08
14	T3-TP01-TX1-XX-XXX-M3-SE-00700-7002.nwc	2025-02-16 16:58:03.2701+08
15	T3-TP01-TX1-B3-XXX-M3-DP-00100-7002.nwc	2025-02-16 17:00:16.893562+08
16	T3-TP01-TX1-XX-XXX-M3-GE-00100-7002.nwc	2025-02-16 17:01:02.863077+08
17	T3-TP01-TX1-XX-XXX-M3-SE-00002-7002.nwc	2025-02-16 17:01:52.243347+08
18	T3-TP01-TX1-XX-XXX-M3-SE-00001-7002.nwc	2025-02-16 17:03:42.511775+08
19	T3-TP01-TX1-XX-XXX-M3-DP-00200-7002.nwc	2025-02-16 17:04:39.300491+08
20	T3-TP01-TX1-XX-XXX-M3-EE-00001-7002.nwc	2025-02-16 17:05:24.99768+08
25	中文測試.nwc	2025-02-16 23:35:52.733232+08
\.


--
-- TOC entry 3620 (class 0 OID 128780)
-- Dependencies: 263
-- Data for Name: token_blacklist_blacklistedtoken; Type: TABLE DATA; Schema: public; Owner: giantcld
--

COPY public.token_blacklist_blacklistedtoken (id, blacklisted_at, token_id) FROM stdin;
1	2025-02-15 15:55:00.480733+08	1
2	2025-02-15 16:03:22.595594+08	2
3	2025-02-15 16:04:17.320547+08	3
4	2025-02-15 16:12:24.546172+08	4
5	2025-02-15 16:50:57.48727+08	5
6	2025-02-15 18:19:52.931316+08	6
7	2025-02-15 18:39:35.941844+08	7
8	2025-02-15 18:41:56.850174+08	8
9	2025-02-15 18:44:51.376527+08	9
10	2025-02-15 18:47:24.881218+08	10
11	2025-02-16 00:50:29.708814+08	11
12	2025-02-16 00:51:35.059171+08	12
13	2025-02-16 00:51:55.392819+08	13
14	2025-02-16 00:52:51.852494+08	14
15	2025-02-16 00:55:38.950731+08	15
16	2025-02-16 00:58:41.317118+08	16
17	2025-02-16 01:01:53.351918+08	17
18	2025-02-16 01:07:08.937487+08	18
19	2025-02-16 01:07:45.318546+08	19
20	2025-02-16 01:09:24.6191+08	20
21	2025-02-16 01:11:24.739129+08	21
22	2025-02-16 01:16:11.605267+08	22
23	2025-02-16 01:17:58.943397+08	23
24	2025-02-16 02:07:17.624515+08	25
25	2025-02-16 02:07:50.952897+08	26
26	2025-02-16 02:08:24.425067+08	27
27	2025-02-16 02:08:36.408688+08	28
28	2025-02-16 02:11:51.427948+08	29
29	2025-02-16 02:17:13.744911+08	30
30	2025-02-16 02:17:18.400405+08	31
31	2025-02-16 02:17:39.801287+08	32
32	2025-02-16 02:17:45.478651+08	33
33	2025-02-16 02:17:53.642967+08	34
34	2025-02-16 02:18:30.367631+08	35
35	2025-02-16 02:19:54.534739+08	36
36	2025-02-16 02:19:56.171757+08	37
37	2025-02-16 02:20:43.227517+08	38
38	2025-02-16 02:21:21.615836+08	39
39	2025-02-16 02:22:48.038789+08	40
40	2025-02-16 02:23:00.994135+08	41
41	2025-02-16 02:24:08.00189+08	42
42	2025-02-16 02:24:51.76681+08	43
43	2025-02-16 02:25:02.554787+08	44
44	2025-02-16 02:25:06.525784+08	45
45	2025-02-16 02:25:13.439765+08	46
46	2025-02-16 02:25:46.551325+08	47
47	2025-02-16 02:26:10.08397+08	48
48	2025-02-16 02:26:14.051071+08	49
49	2025-02-16 02:26:22.804286+08	50
50	2025-02-16 02:26:45.49884+08	51
51	2025-02-16 02:26:57.063844+08	52
52	2025-02-16 02:27:04.80605+08	53
53	2025-02-16 02:27:15.337755+08	54
54	2025-02-16 02:27:22.077246+08	55
55	2025-02-16 02:27:41.13833+08	56
56	2025-02-16 02:27:48.724711+08	57
57	2025-02-16 02:28:02.737838+08	58
58	2025-02-16 02:28:34.620588+08	59
59	2025-02-16 02:28:53.874131+08	60
60	2025-02-16 02:30:21.162772+08	61
61	2025-02-16 02:30:54.276754+08	62
62	2025-02-16 02:31:34.034473+08	63
63	2025-02-16 02:32:27.524928+08	64
64	2025-02-16 02:34:55.582609+08	65
65	2025-02-16 02:35:45.715557+08	66
66	2025-02-16 02:36:33.212273+08	67
67	2025-02-16 02:37:14.365629+08	68
68	2025-02-16 02:37:30.144971+08	69
69	2025-02-16 02:37:54.789572+08	70
70	2025-02-16 02:38:03.392222+08	71
71	2025-02-16 02:38:11.323956+08	72
72	2025-02-16 02:38:20.00436+08	73
73	2025-02-16 02:38:33.088271+08	74
74	2025-02-16 02:38:43.716497+08	75
75	2025-02-16 02:38:54.980228+08	76
76	2025-02-16 02:40:59.469544+08	77
77	2025-02-16 02:43:15.361171+08	78
78	2025-02-16 02:43:40.486009+08	79
79	2025-02-16 02:43:45.762568+08	80
80	2025-02-16 02:44:36.500708+08	81
81	2025-02-16 02:45:22.157261+08	82
82	2025-02-16 02:47:34.689437+08	83
83	2025-02-16 02:47:47.228941+08	84
84	2025-02-16 02:49:05.624861+08	85
85	2025-02-16 02:49:13.768551+08	86
86	2025-02-16 02:49:26.153826+08	87
87	2025-02-16 02:49:35.879626+08	88
88	2025-02-16 02:49:45.555417+08	89
89	2025-02-16 02:49:57.655274+08	90
90	2025-02-16 02:50:08.19382+08	91
91	2025-02-16 02:50:18.936878+08	92
92	2025-02-16 02:50:25.186988+08	93
93	2025-02-16 02:50:33.654135+08	94
94	2025-02-16 02:50:38.240727+08	95
95	2025-02-16 02:54:30.469378+08	96
96	2025-02-16 02:55:11.237385+08	97
97	2025-02-16 02:55:20.200128+08	98
98	2025-02-16 02:56:17.564153+08	99
99	2025-02-16 02:59:17.596175+08	100
100	2025-02-16 02:59:23.713672+08	101
101	2025-02-16 03:00:31.702178+08	102
102	2025-02-16 03:02:31.701993+08	103
103	2025-02-16 03:03:46.7553+08	104
104	2025-02-16 03:03:56.345823+08	105
105	2025-02-16 03:04:01.047843+08	106
106	2025-02-16 03:04:04.575736+08	107
107	2025-02-16 03:04:07.505095+08	108
108	2025-02-16 03:04:19.385506+08	109
109	2025-02-16 13:00:48.762751+08	110
110	2025-02-16 14:25:23.182403+08	111
111	2025-02-16 14:27:30.584323+08	112
112	2025-02-16 14:28:47.03489+08	113
113	2025-02-16 14:28:55.69154+08	114
114	2025-02-16 14:29:11.487771+08	115
115	2025-02-16 14:29:22.050778+08	116
116	2025-02-16 14:30:07.981596+08	117
117	2025-02-16 14:30:15.009452+08	118
118	2025-02-16 14:30:23.859052+08	119
119	2025-02-16 14:30:30.603826+08	120
120	2025-02-16 14:30:55.377505+08	121
121	2025-02-16 14:31:40.11841+08	122
122	2025-02-16 14:33:00.437788+08	123
123	2025-02-16 14:33:04.001856+08	124
124	2025-02-16 14:33:08.145442+08	125
125	2025-02-16 14:33:11.115862+08	126
126	2025-02-16 14:33:19.77057+08	127
127	2025-02-16 14:33:22.636425+08	128
128	2025-02-16 14:33:35.151928+08	129
129	2025-02-16 14:33:41.422128+08	130
130	2025-02-16 14:33:45.934716+08	131
131	2025-02-16 14:33:49.012522+08	132
132	2025-02-16 14:33:53.674346+08	133
133	2025-02-16 14:34:33.702294+08	134
134	2025-02-16 14:34:43.985069+08	135
135	2025-02-16 14:35:10.540142+08	136
136	2025-02-16 14:35:24.585381+08	137
137	2025-02-16 14:36:04.239863+08	138
138	2025-02-16 14:36:19.436801+08	139
139	2025-02-16 14:36:34.366671+08	140
140	2025-02-16 14:37:13.319584+08	141
141	2025-02-16 14:37:20.102103+08	142
142	2025-02-16 14:37:31.740402+08	143
143	2025-02-16 14:37:39.81084+08	144
144	2025-02-16 14:37:55.738981+08	145
145	2025-02-16 14:38:20.248559+08	146
146	2025-02-16 14:38:37.83576+08	147
147	2025-02-16 14:39:19.707084+08	148
148	2025-02-16 14:40:20.414808+08	149
149	2025-02-16 14:41:41.159282+08	150
150	2025-02-16 14:42:07.965088+08	151
151	2025-02-16 14:45:38.091758+08	152
152	2025-02-16 14:47:18.661299+08	153
153	2025-02-16 14:47:34.378445+08	154
154	2025-02-16 14:47:45.120559+08	155
155	2025-02-16 14:48:04.652288+08	156
156	2025-02-16 14:48:10.626055+08	157
157	2025-02-16 14:48:25.110869+08	158
158	2025-02-16 14:51:09.736131+08	159
159	2025-02-16 14:51:20.004683+08	160
160	2025-02-16 14:51:43.872176+08	161
161	2025-02-16 14:51:50.456899+08	162
162	2025-02-16 14:51:57.123295+08	163
163	2025-02-16 14:52:00.363983+08	164
164	2025-02-16 14:52:11.190783+08	165
165	2025-02-16 14:52:19.681324+08	166
166	2025-02-16 14:52:35.137282+08	167
167	2025-02-16 14:52:47.33871+08	168
168	2025-02-16 14:53:03.821395+08	169
169	2025-02-16 14:53:24.083447+08	170
170	2025-02-16 14:54:58.134376+08	171
171	2025-02-16 14:55:05.53534+08	172
172	2025-02-16 14:57:55.372872+08	173
173	2025-02-16 14:58:07.462217+08	174
174	2025-02-16 14:58:18.407897+08	175
175	2025-02-16 15:01:16.500682+08	176
176	2025-02-16 15:01:35.949093+08	177
177	2025-02-16 15:05:37.095202+08	178
178	2025-02-16 15:08:05.231393+08	179
179	2025-02-16 15:08:15.824021+08	180
180	2025-02-16 15:10:37.372976+08	181
181	2025-02-16 15:13:58.573758+08	182
182	2025-02-16 15:15:18.642518+08	183
183	2025-02-16 15:15:33.405419+08	184
184	2025-02-16 15:16:16.086608+08	185
185	2025-02-16 15:16:37.277785+08	186
186	2025-02-16 15:16:39.641144+08	187
187	2025-02-16 15:16:46.826148+08	188
188	2025-02-16 15:16:56.123605+08	189
189	2025-02-16 15:17:22.010704+08	190
190	2025-02-16 15:17:29.090795+08	191
191	2025-02-16 15:17:36.126388+08	192
192	2025-02-16 15:18:09.272618+08	193
193	2025-02-16 15:18:18.113822+08	194
194	2025-02-16 15:18:28.944903+08	195
195	2025-02-16 15:18:36.586518+08	196
196	2025-02-16 15:18:44.969526+08	197
197	2025-02-16 15:18:59.000537+08	198
198	2025-02-16 15:19:06.667728+08	199
199	2025-02-16 15:19:22.699185+08	200
200	2025-02-16 15:19:30.37445+08	201
201	2025-02-16 15:20:03.905267+08	202
202	2025-02-16 15:20:15.841458+08	203
203	2025-02-16 15:20:30.536532+08	204
204	2025-02-16 15:20:40.307118+08	205
205	2025-02-16 15:22:39.1846+08	206
206	2025-02-16 15:22:46.260533+08	207
207	2025-02-16 15:25:53.791597+08	208
208	2025-02-16 15:28:07.410284+08	209
209	2025-02-16 15:30:17.41536+08	210
210	2025-02-16 15:31:14.115144+08	211
211	2025-02-16 15:31:22.649613+08	212
212	2025-02-16 15:31:41.491014+08	213
213	2025-02-16 15:31:54.220077+08	214
214	2025-02-16 15:32:04.662017+08	215
215	2025-02-16 15:32:20.279339+08	216
216	2025-02-16 15:35:31.249515+08	217
217	2025-02-16 15:36:12.306528+08	218
218	2025-02-16 15:36:20.411083+08	219
219	2025-02-16 15:37:26.408851+08	220
220	2025-02-16 15:38:09.441269+08	221
221	2025-02-16 15:42:47.649443+08	222
222	2025-02-16 15:54:22.308483+08	223
223	2025-02-16 15:59:16.637238+08	224
224	2025-02-16 15:59:27.151479+08	225
225	2025-02-16 15:59:43.050985+08	226
226	2025-02-16 16:01:22.539905+08	227
227	2025-02-16 16:01:41.164979+08	228
228	2025-02-16 16:02:08.265239+08	229
229	2025-02-16 16:03:26.395991+08	230
230	2025-02-16 16:03:48.294577+08	231
231	2025-02-16 16:05:13.366349+08	232
232	2025-02-16 16:05:25.738288+08	233
233	2025-02-16 16:05:38.125777+08	234
234	2025-02-16 16:06:12.201885+08	235
235	2025-02-16 16:06:16.917339+08	236
236	2025-02-16 16:06:26.759838+08	237
237	2025-02-16 16:07:15.803817+08	238
238	2025-02-16 16:07:23.938267+08	239
239	2025-02-16 16:07:47.422671+08	240
240	2025-02-16 16:08:02.25023+08	241
241	2025-02-16 16:08:17.800938+08	242
242	2025-02-16 16:08:26.265145+08	243
243	2025-02-16 16:08:40.297387+08	244
244	2025-02-16 16:08:55.927069+08	245
245	2025-02-16 16:09:07.572697+08	246
246	2025-02-16 16:09:18.709682+08	247
247	2025-02-16 16:09:30.10784+08	248
248	2025-02-16 16:09:40.801351+08	249
249	2025-02-16 16:09:58.106725+08	250
250	2025-02-16 16:10:18.57815+08	251
251	2025-02-16 16:12:10.397151+08	252
252	2025-02-16 16:12:21.795413+08	253
253	2025-02-16 16:12:50.666667+08	254
254	2025-02-16 16:12:57.094403+08	255
255	2025-02-16 16:13:35.579821+08	256
256	2025-02-16 16:13:47.610874+08	257
257	2025-02-16 16:14:20.853514+08	258
258	2025-02-16 16:14:38.701653+08	259
259	2025-02-16 16:14:56.948091+08	260
260	2025-02-16 16:15:12.359292+08	261
261	2025-02-16 16:15:20.631404+08	262
262	2025-02-16 16:15:55.97669+08	263
263	2025-02-16 16:16:37.15292+08	264
264	2025-02-16 16:17:46.428168+08	265
265	2025-02-16 16:17:55.884921+08	266
266	2025-02-16 16:19:12.555213+08	267
267	2025-02-16 16:19:27.306811+08	268
268	2025-02-16 16:21:28.567345+08	269
269	2025-02-16 16:22:07.881346+08	270
270	2025-02-16 16:24:47.116281+08	271
271	2025-02-16 16:26:12.285161+08	272
272	2025-02-16 16:26:26.20299+08	273
273	2025-02-16 16:26:58.990732+08	274
274	2025-02-16 16:27:08.351879+08	275
275	2025-02-16 16:27:26.644796+08	276
276	2025-02-16 16:27:33.777733+08	277
277	2025-02-16 16:28:51.486218+08	278
278	2025-02-16 16:28:56.454634+08	279
279	2025-02-16 16:29:06.785601+08	280
280	2025-02-16 16:29:36.433824+08	281
281	2025-02-16 16:30:00.687745+08	282
282	2025-02-16 16:37:00.594116+08	283
283	2025-02-16 16:37:53.205553+08	284
284	2025-02-16 16:38:51.613502+08	285
285	2025-02-16 16:41:29.767819+08	286
286	2025-02-16 16:45:20.459238+08	287
287	2025-02-16 16:46:40.538508+08	288
288	2025-02-16 16:47:36.543457+08	289
289	2025-02-16 16:48:17.49779+08	290
290	2025-02-16 17:06:40.036004+08	291
291	2025-02-16 20:25:34.547938+08	292
292	2025-02-16 20:29:01.638802+08	293
293	2025-02-16 21:16:14.049638+08	294
294	2025-02-16 22:45:17.754347+08	295
295	2025-02-16 22:50:27.447031+08	296
296	2025-02-16 22:50:38.413892+08	297
297	2025-02-16 22:50:44.909552+08	298
298	2025-02-16 22:51:08.052758+08	299
299	2025-02-16 22:51:15.884996+08	300
300	2025-02-16 22:51:24.713591+08	301
301	2025-02-16 22:51:33.744585+08	302
302	2025-02-16 22:52:14.200348+08	303
303	2025-02-16 22:53:18.209672+08	304
304	2025-02-16 22:53:33.523135+08	305
305	2025-02-16 22:53:43.18205+08	306
306	2025-02-16 22:54:10.628111+08	307
307	2025-02-16 22:55:47.451989+08	308
308	2025-02-16 23:07:34.467245+08	309
309	2025-02-16 23:11:12.20999+08	310
310	2025-02-16 23:11:15.898182+08	311
311	2025-02-16 23:15:43.396382+08	312
312	2025-02-16 23:15:56.042611+08	313
313	2025-02-16 23:16:06.608106+08	314
314	2025-02-16 23:16:11.052073+08	315
315	2025-02-16 23:16:17.952629+08	316
316	2025-02-16 23:16:27.529804+08	317
317	2025-02-16 23:16:33.227677+08	318
318	2025-02-16 23:16:39.565523+08	319
319	2025-02-16 23:16:43.756397+08	320
320	2025-02-16 23:16:51.310431+08	321
321	2025-02-16 23:20:26.460975+08	322
322	2025-02-16 23:23:02.767249+08	323
323	2025-02-16 23:23:47.497178+08	324
324	2025-02-16 23:24:49.211334+08	325
325	2025-02-16 23:32:25.28942+08	326
326	2025-02-16 23:33:46.018011+08	327
327	2025-02-16 23:59:52.152313+08	328
328	2025-02-17 00:00:19.200691+08	329
329	2025-02-17 00:03:57.433224+08	330
330	2025-02-17 00:06:45.135433+08	331
331	2025-02-17 00:11:15.132287+08	332
\.


--
-- TOC entry 3622 (class 0 OID 128786)
-- Dependencies: 265
-- Data for Name: token_blacklist_outstandingtoken; Type: TABLE DATA; Schema: public; Owner: giantcld
--

COPY public.token_blacklist_outstandingtoken (id, token, created_at, expires_at, user_id, jti) FROM stdin;
1	eyJhbGciOiJIUzI1NiIsInR5cCI6IkpXVCJ9.eyJ0b2tlbl90eXBlIjoicmVmcmVzaCIsImV4cCI6MTc0MjE5MDUxMSwiaWF0IjoxNzM5NTk4NTExLCJqdGkiOiJlNmNhOGVjN2Y4NzE0YzJjOTBmYWM2ZmFmMTM1ZDEzZSIsInVzZXJfaWQiOjF9.KrwkRpGnmZLU_aotqHGXdfv_W0NtiwJPK-ft80kcvhw	\N	2025-03-17 13:48:31+08	\N	e6ca8ec7f8714c2c90fac6faf135d13e
2	eyJhbGciOiJIUzI1NiIsInR5cCI6IkpXVCJ9.eyJ0b2tlbl90eXBlIjoicmVmcmVzaCIsImV4cCI6MTc0MjE5ODQ4MywiaWF0IjoxNzM5NjA2NDgzLCJqdGkiOiIxZDVmMzgyODY3MGU0YjZiYWY0NjNjOWIzMzhlNWRhYyIsInVzZXJfaWQiOjF9.NDHmQ8Y7AiGVMNFuK90ggc_3OiBOh6Ev064rBctkd1A	2025-02-15 16:01:23.061998+08	2025-03-17 16:01:23+08	1	1d5f3828670e4b6baf463c9b338e5dac
3	eyJhbGciOiJIUzI1NiIsInR5cCI6IkpXVCJ9.eyJ0b2tlbl90eXBlIjoicmVmcmVzaCIsImV4cCI6MTc0MjE5ODYwMiwiaWF0IjoxNzM5NjA2NjAyLCJqdGkiOiIwNDc1ZTFjMTczZGM0ODJlOTA0MjVkMGIzMTgzYWE5OSIsInVzZXJfaWQiOjF9.ykFzkfzMLMJ2MdmQ4OPRNAVXgwNqmL7zPjguJV2VuOE	\N	2025-03-17 16:03:22+08	\N	0475e1c173dc482e90425d0b3183aa99
4	eyJhbGciOiJIUzI1NiIsInR5cCI6IkpXVCJ9.eyJ0b2tlbl90eXBlIjoicmVmcmVzaCIsImV4cCI6MTc0MjE5ODY2MywiaWF0IjoxNzM5NjA2NjYzLCJqdGkiOiJlZDY3MTBhNDYxYzg0MmZhOGZiZTBmNmQwM2Q5MGExNSIsInVzZXJfaWQiOjF9.UJxRvpbnqjXPmZIvB5gWWGGXKNghgnmDjb7wYnH0qIE	2025-02-15 16:04:23.150134+08	2025-03-17 16:04:23+08	1	ed6710a461c842fa8fbe0f6d03d90a15
5	eyJhbGciOiJIUzI1NiIsInR5cCI6IkpXVCJ9.eyJ0b2tlbl90eXBlIjoicmVmcmVzaCIsImV4cCI6MTc0MjE5OTE0NCwiaWF0IjoxNzM5NjA3MTQ0LCJqdGkiOiJjYWZmNDc5MzI5YWI0YTQzOWYzNTI1MGRiMmJjYTJmYSIsInVzZXJfaWQiOjF9.hAoYEUrVXB1GeglHq5BaIT9dSun1hOaxpLO6z3tIIUU	\N	2025-03-17 16:12:24+08	\N	caff479329ab4a439f35250db2bca2fa
6	eyJhbGciOiJIUzI1NiIsInR5cCI6IkpXVCJ9.eyJ0b2tlbl90eXBlIjoicmVmcmVzaCIsImV4cCI6MTc0MjE0NTE2MCwiaWF0IjoxNzM5NTUzMTYwLCJqdGkiOiJhOWU5ZDg4MTgyYTA0YTU0OGZmMmRlOGJlYmQ5NzkzMCIsInVzZXJfaWQiOjF9.j8h7-J8vuRZONtwtWPExsqIwzDi1aprLC3D2uteTlNk	\N	2025-03-17 01:12:40+08	\N	a9e9d88182a04a548ff2de8bebd97930
7	eyJhbGciOiJIUzI1NiIsInR5cCI6IkpXVCJ9.eyJ0b2tlbl90eXBlIjoicmVmcmVzaCIsImV4cCI6MTc0MjIwNjc5MiwiaWF0IjoxNzM5NjE0NzkyLCJqdGkiOiI5ZWY5ODA5ZTBiZDA0NzZkYTM3ZGE0NjNiZTliOTk3NCIsInVzZXJfaWQiOjF9.PSAd0hwF7tsKGLStfALsg90_EMj6aoXB9YOeKpLXul8	\N	2025-03-17 18:19:52+08	\N	9ef9809e0bd0476da37da463be9b9974
8	eyJhbGciOiJIUzI1NiIsInR5cCI6IkpXVCJ9.eyJ0b2tlbl90eXBlIjoicmVmcmVzaCIsImV4cCI6MTc0MjIwNzk3NSwiaWF0IjoxNzM5NjE1OTc1LCJqdGkiOiI1NGI2OTUwNmVjYzU0YjM5ODFlZDQ5YWY1MzYxNTYyNCIsInVzZXJfaWQiOjF9.-8sa7nZ08l-egDCbJbm8GumDuesz_T8In0dIPE0mtiU	\N	2025-03-17 18:39:35+08	\N	54b69506ecc54b3981ed49af53615624
9	eyJhbGciOiJIUzI1NiIsInR5cCI6IkpXVCJ9.eyJ0b2tlbl90eXBlIjoicmVmcmVzaCIsImV4cCI6MTc0MjIwODExNiwiaWF0IjoxNzM5NjE2MTE2LCJqdGkiOiIzYWNhODIwZDQ5YWY0NWIyOGQyMzdlNDVjMDdlMjRjYiIsInVzZXJfaWQiOjF9.ZigWHizC8Zy24KHcamsOwuZ9JknUiQjKJGqRBwk8ap0	\N	2025-03-17 18:41:56+08	\N	3aca820d49af45b28d237e45c07e24cb
10	eyJhbGciOiJIUzI1NiIsInR5cCI6IkpXVCJ9.eyJ0b2tlbl90eXBlIjoicmVmcmVzaCIsImV4cCI6MTc0MjIwODI5MSwiaWF0IjoxNzM5NjE2MjkxLCJqdGkiOiIwMjhlOTA2ZGFjMWM0MGZiOTY4OTEzZTk4NWFkMTU5YiIsInVzZXJfaWQiOjF9.77djViROmQV2P_oZ_usysX3RhTxNYJj4-CCvWygIJ0I	\N	2025-03-17 18:44:51+08	\N	028e906dac1c40fb968913e985ad159b
11	eyJhbGciOiJIUzI1NiIsInR5cCI6IkpXVCJ9.eyJ0b2tlbl90eXBlIjoicmVmcmVzaCIsImV4cCI6MTc0MjIwODQ0NCwiaWF0IjoxNzM5NjE2NDQ0LCJqdGkiOiIzMWRjZDU5ZjBiMDY0ZjNhYTgwODM3YzI3NzIzZWEzZSIsInVzZXJfaWQiOjF9.Wmyb10vCxlRz_kipl5KFVdylPdcCd-7j9nkoHdPfdLo	\N	2025-03-17 18:47:24+08	\N	31dcd59f0b064f3aa80837c27723ea3e
12	eyJhbGciOiJIUzI1NiIsInR5cCI6IkpXVCJ9.eyJ0b2tlbl90eXBlIjoicmVmcmVzaCIsImV4cCI6MTc0MjIzMDIyOSwiaWF0IjoxNzM5NjM4MjI5LCJqdGkiOiJlYjEyY2NlYzNiMmQ0N2M5OTlkNWU0NTExYmI5NGFkYSIsInVzZXJfaWQiOjF9._ek8mQohKdrPwqPOwS10SC1tXJY_S3qzUCyZjwYrOUo	\N	2025-03-18 00:50:29+08	\N	eb12ccec3b2d47c999d5e4511bb94ada
13	eyJhbGciOiJIUzI1NiIsInR5cCI6IkpXVCJ9.eyJ0b2tlbl90eXBlIjoicmVmcmVzaCIsImV4cCI6MTc0MjIzMDI5NSwiaWF0IjoxNzM5NjM4Mjk1LCJqdGkiOiI1YjUyOTE2ZDNiZDE0ODQ0YjMzMjRmOWNmNDFmYzcxYyIsInVzZXJfaWQiOjF9.9Pq7ImjF-Wqj9uMWLZa3FAFfITSCEOgXSVd5irv-cQQ	\N	2025-03-18 00:51:35+08	\N	5b52916d3bd14844b3324f9cf41fc71c
14	eyJhbGciOiJIUzI1NiIsInR5cCI6IkpXVCJ9.eyJ0b2tlbl90eXBlIjoicmVmcmVzaCIsImV4cCI6MTc0MjIzMDMxNSwiaWF0IjoxNzM5NjM4MzE1LCJqdGkiOiJlOWFjZmE3ODRjMWE0OTRlYTAwMWFjNzhhN2RkOGEyMCIsInVzZXJfaWQiOjF9.WO234-wXsMcj6Hw9oFtgTxpEAjlprX2TQ2Y0b5oaAbU	\N	2025-03-18 00:51:55+08	\N	e9acfa784c1a494ea001ac78a7dd8a20
15	eyJhbGciOiJIUzI1NiIsInR5cCI6IkpXVCJ9.eyJ0b2tlbl90eXBlIjoicmVmcmVzaCIsImV4cCI6MTc0MjIwMTQ1NywiaWF0IjoxNzM5NjA5NDU3LCJqdGkiOiJjZTM3MTYwMzVkYmM0ZDEwOGUzMTU0MGIxOTZlYmUwNyIsInVzZXJfaWQiOjF9.wfUkEEJ4x00o4p3Kb3Pz9q1MT8df3o6YRW0Ohywz6oc	\N	2025-03-17 16:50:57+08	\N	ce3716035dbc4d108e31540b196ebe07
16	eyJhbGciOiJIUzI1NiIsInR5cCI6IkpXVCJ9.eyJ0b2tlbl90eXBlIjoicmVmcmVzaCIsImV4cCI6MTc0MjIzMDUzOCwiaWF0IjoxNzM5NjM4NTM4LCJqdGkiOiIyMjRlODZiYTFjOGQ0MmFiYTE5ZmVkYTBmNDhlMDViYiIsInVzZXJfaWQiOjF9.tc3coxntPdbdVl_jfCRzjY9dMA1D6ArA9HdbGG8EOKY	\N	2025-03-18 00:55:38+08	\N	224e86ba1c8d42aba19feda0f48e05bb
17	eyJhbGciOiJIUzI1NiIsInR5cCI6IkpXVCJ9.eyJ0b2tlbl90eXBlIjoicmVmcmVzaCIsImV4cCI6MTc0MjIzMDcyMSwiaWF0IjoxNzM5NjM4NzIxLCJqdGkiOiI0NjFiYzgxOTQxZGM0ODJiODk3YzdhOWFmNmUyNmNkYyIsInVzZXJfaWQiOjF9.3tKhUF9sW8sn-7Dc3Jn_DMZCQCVXOkFBrkUz4wvzb4o	\N	2025-03-18 00:58:41+08	\N	461bc81941dc482b897c7a9af6e26cdc
18	eyJhbGciOiJIUzI1NiIsInR5cCI6IkpXVCJ9.eyJ0b2tlbl90eXBlIjoicmVmcmVzaCIsImV4cCI6MTc0MjIzMDkxMywiaWF0IjoxNzM5NjM4OTEzLCJqdGkiOiI0MWQwZDY1YjBjMzU0NmUzYWIzMmMyMzlmMzEwNzE3MCIsInVzZXJfaWQiOjF9.fY91ZdT6WjGbGHoyH_gqPPyiXRIx28yxnDCO407i4PI	\N	2025-03-18 01:01:53+08	\N	41d0d65b0c3546e3ab32c239f3107170
19	eyJhbGciOiJIUzI1NiIsInR5cCI6IkpXVCJ9.eyJ0b2tlbl90eXBlIjoicmVmcmVzaCIsImV4cCI6MTc0MjIzMTIyOCwiaWF0IjoxNzM5NjM5MjI4LCJqdGkiOiI1ODA4ZGI2ZDJlYjY0ZGE5OTljYjY3NDIxZDQ4YmI1YSIsInVzZXJfaWQiOjF9.rumsVGyrpqoGo72EHTDvuOA2DHJZKWx47j7usFckq4g	\N	2025-03-18 01:07:08+08	\N	5808db6d2eb64da999cb67421d48bb5a
20	eyJhbGciOiJIUzI1NiIsInR5cCI6IkpXVCJ9.eyJ0b2tlbl90eXBlIjoicmVmcmVzaCIsImV4cCI6MTc0MjIzMTI2NSwiaWF0IjoxNzM5NjM5MjY1LCJqdGkiOiIzZGRkMTQ0OTU4ZTc0MmM3YWNlZDdkMTMxOWViN2E4YSIsInVzZXJfaWQiOjF9.5HYDVEBERtwrGOcv4jUNsAyoE3UbKu4_CyEJxn9l3yU	\N	2025-03-18 01:07:45+08	\N	3ddd144958e742c7aced7d1319eb7a8a
21	eyJhbGciOiJIUzI1NiIsInR5cCI6IkpXVCJ9.eyJ0b2tlbl90eXBlIjoicmVmcmVzaCIsImV4cCI6MTc0MjIzMTM2NCwiaWF0IjoxNzM5NjM5MzY0LCJqdGkiOiJhODYzNTliMTIwZDM0ZTQxODhjYTk0OGY4YTMwOWQzMSIsInVzZXJfaWQiOjF9.VBfxVBW1PfEYyGjsW4mDHtwyKSVAcyqt9rlsRz6lXPs	\N	2025-03-18 01:09:24+08	\N	a86359b120d34e4188ca948f8a309d31
22	eyJhbGciOiJIUzI1NiIsInR5cCI6IkpXVCJ9.eyJ0b2tlbl90eXBlIjoicmVmcmVzaCIsImV4cCI6MTc0MjIzMTQ4NCwiaWF0IjoxNzM5NjM5NDg0LCJqdGkiOiI5ZDJkYTIwNTQxOTM0NGIwOGYxYjg2NmJjNDY1MDhjOCIsInVzZXJfaWQiOjF9.bojwYeZUuJmqY1W6C9dryqvzVU8L9eZDohLIT8EVZRI	\N	2025-03-18 01:11:24+08	\N	9d2da205419344b08f1b866bc46508c8
23	eyJhbGciOiJIUzI1NiIsInR5cCI6IkpXVCJ9.eyJ0b2tlbl90eXBlIjoicmVmcmVzaCIsImV4cCI6MTc0MjIzMTc3MSwiaWF0IjoxNzM5NjM5NzcxLCJqdGkiOiJiODQxNDdmMWI5OWE0YzAyYWM3YTllYTNiZmY3ZWIzMCIsInVzZXJfaWQiOjF9.76MYCCd27fWNyIv9GCoX_H0-MfF_iWKpx7eFqIW1cn8	\N	2025-03-18 01:16:11+08	\N	b84147f1b99a4c02ac7a9ea3bff7eb30
24	eyJhbGciOiJIUzI1NiIsInR5cCI6IkpXVCJ9.eyJ0b2tlbl90eXBlIjoicmVmcmVzaCIsImV4cCI6MTc0MjIzMzIyMSwiaWF0IjoxNzM5NjQxMjIxLCJqdGkiOiI1ZTc4OThhMGQ1MjU0Njk2YjVhMjQzNjkzMGRjNTEzZSIsInVzZXJfaWQiOjF9.uQ1Pk2SUkFespNPJYadVgPchKHaHf7vLkr3cCDpKYac	2025-02-16 01:40:21.538426+08	2025-03-18 01:40:21+08	1	5e7898a0d5254696b5a2436930dc513e
25	eyJhbGciOiJIUzI1NiIsInR5cCI6IkpXVCJ9.eyJ0b2tlbl90eXBlIjoicmVmcmVzaCIsImV4cCI6MTc0MjIzMTg3OCwiaWF0IjoxNzM5NjM5ODc4LCJqdGkiOiJhNTU4MjRlZWI5Mzc0OGZjOTlkNWMwOGE1MzQyYjc5OSIsInVzZXJfaWQiOjF9.rgBsdS9w_SgZfzNbhKtOd870zHCPsniG0nZxz1hApRM	\N	2025-03-18 01:17:58+08	\N	a55824eeb93748fc99d5c08a5342b799
26	eyJhbGciOiJIUzI1NiIsInR5cCI6IkpXVCJ9.eyJ0b2tlbl90eXBlIjoicmVmcmVzaCIsImV4cCI6MTc0MjIzNDg1NywiaWF0IjoxNzM5NjQyODU3LCJqdGkiOiJmZWE1Njg0M2E5Mjg0NjRmYjcxZTI3ZGQ4MDFjMTI5MCIsInVzZXJfaWQiOjF9.682fjgJA-KfZrC9IBT8GqMxx7XDqcG-xYB3bPIz2Xs4	2025-02-16 02:07:37.52602+08	2025-03-18 02:07:37+08	1	fea56843a928464fb71e27dd801c1290
27	eyJhbGciOiJIUzI1NiIsInR5cCI6IkpXVCJ9.eyJ0b2tlbl90eXBlIjoicmVmcmVzaCIsImV4cCI6MTc0MjIzNDg3MCwiaWF0IjoxNzM5NjQyODcwLCJqdGkiOiJjOTA1M2YxYmM0N2I0ODViYTEwNDc4NGI2MzVmYjliZSIsInVzZXJfaWQiOjF9.cJL7ZdNA6hPrsmAyxzwjyuJJc3Gnt4n9pyoSJ0Yj5gM	\N	2025-03-18 02:07:50+08	\N	c9053f1bc47b485ba104784b635fb9be
28	eyJhbGciOiJIUzI1NiIsInR5cCI6IkpXVCJ9.eyJ0b2tlbl90eXBlIjoicmVmcmVzaCIsImV4cCI6MTc0MjIzNDkwNCwiaWF0IjoxNzM5NjQyOTA0LCJqdGkiOiIxNjFlYTU5NmE5NDU0YTIxODFhOTUyMDA0NzZmNTM2OSIsInVzZXJfaWQiOjF9.p97Frw1mqkwcBo9FhXDXrX7SXhIqC2CbhQ0evwziOMk	\N	2025-03-18 02:08:24+08	\N	161ea596a9454a2181a95200476f5369
29	eyJhbGciOiJIUzI1NiIsInR5cCI6IkpXVCJ9.eyJ0b2tlbl90eXBlIjoicmVmcmVzaCIsImV4cCI6MTc0MjIzNDkxNiwiaWF0IjoxNzM5NjQyOTE2LCJqdGkiOiJjODhmMmJjMDllNDc0MGQ0YWUyYjRkMjMyZTJjMTNlNCIsInVzZXJfaWQiOjF9._2jwKHjQpj-aadT-H4I9_OnFnMAEJqKPNqETf4wovCg	\N	2025-03-18 02:08:36+08	\N	c88f2bc09e4740d4ae2b4d232e2c13e4
30	eyJhbGciOiJIUzI1NiIsInR5cCI6IkpXVCJ9.eyJ0b2tlbl90eXBlIjoicmVmcmVzaCIsImV4cCI6MTc0MjIzNTExMSwiaWF0IjoxNzM5NjQzMTExLCJqdGkiOiJjNWJjOWRiODIzYmI0MWMxOWNmMDFiN2ZlMzc5MmU4NyIsInVzZXJfaWQiOjF9.G1P2WuyL_v065FEd07bmbCL15ZCrH4URp9tc673xOLI	\N	2025-03-18 02:11:51+08	\N	c5bc9db823bb41c19cf01b7fe3792e87
31	eyJhbGciOiJIUzI1NiIsInR5cCI6IkpXVCJ9.eyJ0b2tlbl90eXBlIjoicmVmcmVzaCIsImV4cCI6MTc0MjIzNTQzMywiaWF0IjoxNzM5NjQzNDMzLCJqdGkiOiI5NzA3MjE0OTMyZmI0MTAxYTlmNzMwZDM2OTU4NzNhZCIsInVzZXJfaWQiOjF9._8w38KyTg20vmlNLHJ3uKYkhs7TICdrg5RJ5ouGR0-s	\N	2025-03-18 02:17:13+08	\N	9707214932fb4101a9f730d3695873ad
32	eyJhbGciOiJIUzI1NiIsInR5cCI6IkpXVCJ9.eyJ0b2tlbl90eXBlIjoicmVmcmVzaCIsImV4cCI6MTc0MjIzNTQzOCwiaWF0IjoxNzM5NjQzNDM4LCJqdGkiOiJiNjAxMjg5N2MxNzU0NDA5YThmOWJiZGRiZTc5Mzk4NSIsInVzZXJfaWQiOjF9.LXsTsTWAxJMqc7sByFSEcR13Rlm6mWpMHwPt_fRQm68	\N	2025-03-18 02:17:18+08	\N	b6012897c1754409a8f9bbddbe793985
33	eyJhbGciOiJIUzI1NiIsInR5cCI6IkpXVCJ9.eyJ0b2tlbl90eXBlIjoicmVmcmVzaCIsImV4cCI6MTc0MjIzNTQ1OSwiaWF0IjoxNzM5NjQzNDU5LCJqdGkiOiI1NTc4NmM4YjJiNWU0MmJjOTBjODI1NTAxZTFhY2RmZCIsInVzZXJfaWQiOjF9.lYjFrgx19DVdQm1-1RjPRhDHW1H-XTSXVCfFZiG1clQ	\N	2025-03-18 02:17:39+08	\N	55786c8b2b5e42bc90c825501e1acdfd
34	eyJhbGciOiJIUzI1NiIsInR5cCI6IkpXVCJ9.eyJ0b2tlbl90eXBlIjoicmVmcmVzaCIsImV4cCI6MTc0MjIzNTQ2NSwiaWF0IjoxNzM5NjQzNDY1LCJqdGkiOiI4MDJlNTM2YTk2ZjM0YWY2YjkyNDg3OTYxNjllZDg4MSIsInVzZXJfaWQiOjF9.qdNgLDZmTvnrE86vCSRrmNB3B1Rs4PaN1KQhXZeVPcY	\N	2025-03-18 02:17:45+08	\N	802e536a96f34af6b9248796169ed881
35	eyJhbGciOiJIUzI1NiIsInR5cCI6IkpXVCJ9.eyJ0b2tlbl90eXBlIjoicmVmcmVzaCIsImV4cCI6MTc0MjIzNTQ3MywiaWF0IjoxNzM5NjQzNDczLCJqdGkiOiIyZjVlNWFhMjYwZjU0YzQ5OWQxNmNlZjMyZmM5YTkwNCIsInVzZXJfaWQiOjF9.qHSw6_DF_JwAIpgInN12phM-ks27LxQf5chLrFOyaaE	\N	2025-03-18 02:17:53+08	\N	2f5e5aa260f54c499d16cef32fc9a904
36	eyJhbGciOiJIUzI1NiIsInR5cCI6IkpXVCJ9.eyJ0b2tlbl90eXBlIjoicmVmcmVzaCIsImV4cCI6MTc0MjIzNTUxMCwiaWF0IjoxNzM5NjQzNTEwLCJqdGkiOiIwMDZmNmY4OTZmZTM0ZGY2OTlmM2RkMjhlZWVlOTVjMSIsInVzZXJfaWQiOjF9.2CR9K9uPf9tS5aVEsnLam9OBWnYimvGUJb4gVwHYNTk	\N	2025-03-18 02:18:30+08	\N	006f6f896fe34df699f3dd28eeee95c1
37	eyJhbGciOiJIUzI1NiIsInR5cCI6IkpXVCJ9.eyJ0b2tlbl90eXBlIjoicmVmcmVzaCIsImV4cCI6MTc0MjIzNTU5NCwiaWF0IjoxNzM5NjQzNTk0LCJqdGkiOiI3MmU1N2Y3ZTBjN2I0NGQ3OWY5NjUyYWJjZWE0MDMzNiIsInVzZXJfaWQiOjF9.tCdVk6gd1KSwCrG5xdvMOgAl9sFm5OALQ20Fmp5HGZI	\N	2025-03-18 02:19:54+08	\N	72e57f7e0c7b44d79f9652abcea40336
38	eyJhbGciOiJIUzI1NiIsInR5cCI6IkpXVCJ9.eyJ0b2tlbl90eXBlIjoicmVmcmVzaCIsImV4cCI6MTc0MjIzNTU5NiwiaWF0IjoxNzM5NjQzNTk2LCJqdGkiOiIyZjAwY2M3ZDMzMzc0ZjhkYTBkMzcxN2YwZTczYWFjOCIsInVzZXJfaWQiOjF9.VfvlZuT3GuKPF5om6O8-N6wnUIDkCvOzDvLpyPT30dA	\N	2025-03-18 02:19:56+08	\N	2f00cc7d33374f8da0d3717f0e73aac8
39	eyJhbGciOiJIUzI1NiIsInR5cCI6IkpXVCJ9.eyJ0b2tlbl90eXBlIjoicmVmcmVzaCIsImV4cCI6MTc0MjIzNTY0MywiaWF0IjoxNzM5NjQzNjQzLCJqdGkiOiJjZTgxZDA5M2FhNzU0MDA1YjI3ZmRjM2U0YjQxOGM1YiIsInVzZXJfaWQiOjF9.AyQHPQbzjrokFxZZlErnz8UcKEPe8qAWEAPyice6fNs	\N	2025-03-18 02:20:43+08	\N	ce81d093aa754005b27fdc3e4b418c5b
40	eyJhbGciOiJIUzI1NiIsInR5cCI6IkpXVCJ9.eyJ0b2tlbl90eXBlIjoicmVmcmVzaCIsImV4cCI6MTc0MjIzNTY4MSwiaWF0IjoxNzM5NjQzNjgxLCJqdGkiOiI2NmU0NzRiMTMwYjQ0NDM5YjZlNTU0NjkwNjg3OWM3ZCIsInVzZXJfaWQiOjF9.NA9IKnVL_YP4K5XsZd-6r4ZGUec3w9HU46dW3Ta53FI	\N	2025-03-18 02:21:21+08	\N	66e474b130b44439b6e5546906879c7d
41	eyJhbGciOiJIUzI1NiIsInR5cCI6IkpXVCJ9.eyJ0b2tlbl90eXBlIjoicmVmcmVzaCIsImV4cCI6MTc0MjIzNTc2NywiaWF0IjoxNzM5NjQzNzY3LCJqdGkiOiIyMjNiNGYyY2I0MjM0YzFmODY4ZWM1OWE1MTY5OTM2ZCIsInVzZXJfaWQiOjF9.6XPa4h2EO6F3felDRP0nbzkaCqG2LGD20mzDM6WJ-1s	\N	2025-03-18 02:22:47+08	\N	223b4f2cb4234c1f868ec59a5169936d
42	eyJhbGciOiJIUzI1NiIsInR5cCI6IkpXVCJ9.eyJ0b2tlbl90eXBlIjoicmVmcmVzaCIsImV4cCI6MTc0MjIzNTc4MCwiaWF0IjoxNzM5NjQzNzgwLCJqdGkiOiJhMWI2ODNjMGQ1ZDc0NWM5OWY0ZTI4Y2VmY2I3NTYwNyIsInVzZXJfaWQiOjF9.7DOOS1E5rKWMhtR7iZFmWaWAsD35lnTH2SD9wzfzzgw	\N	2025-03-18 02:23:00+08	\N	a1b683c0d5d745c99f4e28cefcb75607
43	eyJhbGciOiJIUzI1NiIsInR5cCI6IkpXVCJ9.eyJ0b2tlbl90eXBlIjoicmVmcmVzaCIsImV4cCI6MTc0MjIzNTg0NywiaWF0IjoxNzM5NjQzODQ3LCJqdGkiOiJmNWYyYjIxNjBiMmU0OWY0OTZiOGE5ZDc5ZjI3YmE1YiIsInVzZXJfaWQiOjF9.mdUNq_BWClkIuoJ5lO6jIuyo9N0oE-fGwf4A34kHWT8	\N	2025-03-18 02:24:07+08	\N	f5f2b2160b2e49f496b8a9d79f27ba5b
44	eyJhbGciOiJIUzI1NiIsInR5cCI6IkpXVCJ9.eyJ0b2tlbl90eXBlIjoicmVmcmVzaCIsImV4cCI6MTc0MjIzNTg5MSwiaWF0IjoxNzM5NjQzODkxLCJqdGkiOiJjMzZlYTBiMTU3ZGQ0MDI4ODc3ZWRkZDY0NDdmYmJkYiIsInVzZXJfaWQiOjF9.WkhAEoUn9i9kuIGO0-keL99JE4ZZX73_IfZ-mwsSTS8	\N	2025-03-18 02:24:51+08	\N	c36ea0b157dd4028877eddd6447fbbdb
45	eyJhbGciOiJIUzI1NiIsInR5cCI6IkpXVCJ9.eyJ0b2tlbl90eXBlIjoicmVmcmVzaCIsImV4cCI6MTc0MjIzNTkwMiwiaWF0IjoxNzM5NjQzOTAyLCJqdGkiOiI2NGViMjBhNTIxZDQ0NTQzOWVjMDNiZTc0ZjMyZmE5OSIsInVzZXJfaWQiOjF9.EIsF7ClOpuqjIPmW6EYY85i1ExcSUSDhLqx1fds6RQU	\N	2025-03-18 02:25:02+08	\N	64eb20a521d445439ec03be74f32fa99
46	eyJhbGciOiJIUzI1NiIsInR5cCI6IkpXVCJ9.eyJ0b2tlbl90eXBlIjoicmVmcmVzaCIsImV4cCI6MTc0MjIzNTkwNiwiaWF0IjoxNzM5NjQzOTA2LCJqdGkiOiI1NjNhYmE3ZmZjYmQ0NDI5ODQ0NTEzZmQ4ZTZmN2RkMiIsInVzZXJfaWQiOjF9.NO4aT3kF6riu9r2WNMT8sewv-sK4Ye4Qp9NsZeWN5L4	\N	2025-03-18 02:25:06+08	\N	563aba7ffcbd4429844513fd8e6f7dd2
47	eyJhbGciOiJIUzI1NiIsInR5cCI6IkpXVCJ9.eyJ0b2tlbl90eXBlIjoicmVmcmVzaCIsImV4cCI6MTc0MjIzNTkxMywiaWF0IjoxNzM5NjQzOTEzLCJqdGkiOiJhOTMxNzBjNmQzOTE0ZWU4YTVmMjMzNjczNjdkNzU1OCIsInVzZXJfaWQiOjF9.UhhMze18OTgpllxAEbFc_SLi2ZHchZdo22qRKcypdcM	\N	2025-03-18 02:25:13+08	\N	a93170c6d3914ee8a5f23367367d7558
48	eyJhbGciOiJIUzI1NiIsInR5cCI6IkpXVCJ9.eyJ0b2tlbl90eXBlIjoicmVmcmVzaCIsImV4cCI6MTc0MjIzNTk0NiwiaWF0IjoxNzM5NjQzOTQ2LCJqdGkiOiJhMjI4YjE5ODRhMmY0OTJhOTg2YTg5ZjUyZmE3M2Y3ZiIsInVzZXJfaWQiOjF9.kFeAzOg60j51OraB0ADW54Fsg7Mx9Kx-Gi50iag1ndw	\N	2025-03-18 02:25:46+08	\N	a228b1984a2f492a986a89f52fa73f7f
49	eyJhbGciOiJIUzI1NiIsInR5cCI6IkpXVCJ9.eyJ0b2tlbl90eXBlIjoicmVmcmVzaCIsImV4cCI6MTc0MjIzNTk3MCwiaWF0IjoxNzM5NjQzOTcwLCJqdGkiOiJiNDE2NjJmNTZhODU0YjBiODcwOGU0Mzg0MmFmMzVlNyIsInVzZXJfaWQiOjF9.JsvhYA486ISNJofRasDR7HCjLQWXLois3B-xKsncj7I	\N	2025-03-18 02:26:10+08	\N	b41662f56a854b0b8708e43842af35e7
50	eyJhbGciOiJIUzI1NiIsInR5cCI6IkpXVCJ9.eyJ0b2tlbl90eXBlIjoicmVmcmVzaCIsImV4cCI6MTc0MjIzNTk3MywiaWF0IjoxNzM5NjQzOTczLCJqdGkiOiIzODFkZTlkMTcwN2Y0MzA4ODI2MmY5M2Q1YjZhZDNhMyIsInVzZXJfaWQiOjF9.G4D71dtBo3S67EbLzo1l0CYUG1P5sP4COvHb_gNbiB8	\N	2025-03-18 02:26:13+08	\N	381de9d1707f43088262f93d5b6ad3a3
51	eyJhbGciOiJIUzI1NiIsInR5cCI6IkpXVCJ9.eyJ0b2tlbl90eXBlIjoicmVmcmVzaCIsImV4cCI6MTc0MjIzNTk4MiwiaWF0IjoxNzM5NjQzOTgyLCJqdGkiOiJlNzJmMDg0ZDhiZGI0Y2I4YWQ1MDc3MzA4MzFmYmExYyIsInVzZXJfaWQiOjF9.A8JK9kZNR5xI4aLwgQkOcah4aOYAR3UBY_YkWdSeUxA	\N	2025-03-18 02:26:22+08	\N	e72f084d8bdb4cb8ad507730831fba1c
52	eyJhbGciOiJIUzI1NiIsInR5cCI6IkpXVCJ9.eyJ0b2tlbl90eXBlIjoicmVmcmVzaCIsImV4cCI6MTc0MjIzNjAwNSwiaWF0IjoxNzM5NjQ0MDA1LCJqdGkiOiI4MWI0ODY4NGU4NDY0N2M1OWVhMWUxOTk2NjAwNzgxOCIsInVzZXJfaWQiOjF9.oNISCHI7oBG0ahWanJWEE1fisZsIGDZ-M8wrF8BGv_U	\N	2025-03-18 02:26:45+08	\N	81b48684e84647c59ea1e19966007818
53	eyJhbGciOiJIUzI1NiIsInR5cCI6IkpXVCJ9.eyJ0b2tlbl90eXBlIjoicmVmcmVzaCIsImV4cCI6MTc0MjIzNjAxNywiaWF0IjoxNzM5NjQ0MDE3LCJqdGkiOiJmMjE5MWU1MmQ2Mjc0NGE4YjY2OWMzNGNmNzI1NWM0NCIsInVzZXJfaWQiOjF9.1WB5wnHLthhYxd7in3FBy4yjJTvHU0roWdisGks39Cw	\N	2025-03-18 02:26:57+08	\N	f2191e52d62744a8b669c34cf7255c44
54	eyJhbGciOiJIUzI1NiIsInR5cCI6IkpXVCJ9.eyJ0b2tlbl90eXBlIjoicmVmcmVzaCIsImV4cCI6MTc0MjIzNjAyNCwiaWF0IjoxNzM5NjQ0MDI0LCJqdGkiOiJiMDNiMzRmZjFlOTI0OTRjODAwNWU4ZDkwYTZlZDhhZSIsInVzZXJfaWQiOjF9.iNTVO08ekxDQCRMcN7HV43188JuD2aBVS3dMmmeQUbw	\N	2025-03-18 02:27:04+08	\N	b03b34ff1e92494c8005e8d90a6ed8ae
55	eyJhbGciOiJIUzI1NiIsInR5cCI6IkpXVCJ9.eyJ0b2tlbl90eXBlIjoicmVmcmVzaCIsImV4cCI6MTc0MjIzNjAzNSwiaWF0IjoxNzM5NjQ0MDM1LCJqdGkiOiJjMGZkNjFhNWUxZDI0ZmIxYmQ4Njg1Y2VhNTVmNjg2OSIsInVzZXJfaWQiOjF9.rWXDOILuxlWTQ9ikD9k599quRIw5RkMbctQsX_Ych8U	\N	2025-03-18 02:27:15+08	\N	c0fd61a5e1d24fb1bd8685cea55f6869
56	eyJhbGciOiJIUzI1NiIsInR5cCI6IkpXVCJ9.eyJ0b2tlbl90eXBlIjoicmVmcmVzaCIsImV4cCI6MTc0MjIzNjA0MiwiaWF0IjoxNzM5NjQ0MDQyLCJqdGkiOiIwOTg4ZmRjMjRkNjg0ZjUxYjJmNmNhZTI4NWI0YzVhOCIsInVzZXJfaWQiOjF9.sn5A0nzFoVQ3zpE8MKyfKvSkzdQ4TV8lvrkRESI5CzM	\N	2025-03-18 02:27:22+08	\N	0988fdc24d684f51b2f6cae285b4c5a8
57	eyJhbGciOiJIUzI1NiIsInR5cCI6IkpXVCJ9.eyJ0b2tlbl90eXBlIjoicmVmcmVzaCIsImV4cCI6MTc0MjIzNjA2MSwiaWF0IjoxNzM5NjQ0MDYxLCJqdGkiOiI2N2RjOTkxMjVmZDQ0N2IyYTljY2Y5MzU0ZjZhYTFkMSIsInVzZXJfaWQiOjF9.wz162LYV2zbEFMq5XNtQQUBQXWydDcOLh4doB2_KoFY	\N	2025-03-18 02:27:41+08	\N	67dc99125fd447b2a9ccf9354f6aa1d1
58	eyJhbGciOiJIUzI1NiIsInR5cCI6IkpXVCJ9.eyJ0b2tlbl90eXBlIjoicmVmcmVzaCIsImV4cCI6MTc0MjIzNjA2OCwiaWF0IjoxNzM5NjQ0MDY4LCJqdGkiOiJlZDY3MWViNDQ4NjA0YWQ1OGRiMjI4Yzc3MzNjNDFlNCIsInVzZXJfaWQiOjF9.OBBxXIrG1W_TrlE6cVNirZu06tNd6xg3_GaZvC7OZZg	\N	2025-03-18 02:27:48+08	\N	ed671eb448604ad58db228c7733c41e4
59	eyJhbGciOiJIUzI1NiIsInR5cCI6IkpXVCJ9.eyJ0b2tlbl90eXBlIjoicmVmcmVzaCIsImV4cCI6MTc0MjIzNjA4MiwiaWF0IjoxNzM5NjQ0MDgyLCJqdGkiOiJlZmMzYmQ2MDJiOTg0ZDc0YTA0MWVkOTM3MWYyNTk0OSIsInVzZXJfaWQiOjF9.PQ-W72q1EDThI6KPn_od8ofzPmXquFcrrH4M4cwf9N8	\N	2025-03-18 02:28:02+08	\N	efc3bd602b984d74a041ed9371f25949
60	eyJhbGciOiJIUzI1NiIsInR5cCI6IkpXVCJ9.eyJ0b2tlbl90eXBlIjoicmVmcmVzaCIsImV4cCI6MTc0MjIzNjExNCwiaWF0IjoxNzM5NjQ0MTE0LCJqdGkiOiJjODVjOTkwZGZiOTE0YTJkOWU5ODUxN2QxMmFlY2U5NCIsInVzZXJfaWQiOjF9.dkYtzr8sDF12jeq8gaQmVAt1gSjYFcdYae99VaFJFcQ	\N	2025-03-18 02:28:34+08	\N	c85c990dfb914a2d9e98517d12aece94
61	eyJhbGciOiJIUzI1NiIsInR5cCI6IkpXVCJ9.eyJ0b2tlbl90eXBlIjoicmVmcmVzaCIsImV4cCI6MTc0MjIzNjEzMywiaWF0IjoxNzM5NjQ0MTMzLCJqdGkiOiJlNmIxMGY5ZGFkMjc0NmE5YWJkYjBiODcxZjliOWU5YyIsInVzZXJfaWQiOjF9.k1ElWjXBTPD_5Zsf8Vs3_E28JFpyAxQce_r8F-aXlOQ	\N	2025-03-18 02:28:53+08	\N	e6b10f9dad2746a9abdb0b871f9b9e9c
62	eyJhbGciOiJIUzI1NiIsInR5cCI6IkpXVCJ9.eyJ0b2tlbl90eXBlIjoicmVmcmVzaCIsImV4cCI6MTc0MjIzNjIyMSwiaWF0IjoxNzM5NjQ0MjIxLCJqdGkiOiJkZDk4ZDU3OWFjMDc0ZDEzYTIzNDIzOWJlNmEwOTljMSIsInVzZXJfaWQiOjF9.27bfuN2SUrMzfoKSCIIu1WTbxlPx0y9lrPRdu09Wrm8	\N	2025-03-18 02:30:21+08	\N	dd98d579ac074d13a234239be6a099c1
63	eyJhbGciOiJIUzI1NiIsInR5cCI6IkpXVCJ9.eyJ0b2tlbl90eXBlIjoicmVmcmVzaCIsImV4cCI6MTc0MjIzNjI1NCwiaWF0IjoxNzM5NjQ0MjU0LCJqdGkiOiIzNWMwYTMyZmI1MDg0ZjI5YWI3YjU2NzAwODBhZGZkNSIsInVzZXJfaWQiOjF9._o1CZXKq2HJB-74y2HT48o4GVx6GV5GuSZIgMgcBucc	\N	2025-03-18 02:30:54+08	\N	35c0a32fb5084f29ab7b5670080adfd5
64	eyJhbGciOiJIUzI1NiIsInR5cCI6IkpXVCJ9.eyJ0b2tlbl90eXBlIjoicmVmcmVzaCIsImV4cCI6MTc0MjIzNjI5MywiaWF0IjoxNzM5NjQ0MjkzLCJqdGkiOiJkMjA0MWI5YTEwNmQ0ZGJlODNlYzlmYzY3MmY3NDViYyIsInVzZXJfaWQiOjF9.I678MC46wiUFioJqI0yx7jQ-a153kxssJwZL1d9BhRo	\N	2025-03-18 02:31:33+08	\N	d2041b9a106d4dbe83ec9fc672f745bc
65	eyJhbGciOiJIUzI1NiIsInR5cCI6IkpXVCJ9.eyJ0b2tlbl90eXBlIjoicmVmcmVzaCIsImV4cCI6MTc0MjIzNjM0NywiaWF0IjoxNzM5NjQ0MzQ3LCJqdGkiOiIxNjMxOWExZjZjNjg0YjQxOTYzN2JlYjdmZGEwNjk4ZCIsInVzZXJfaWQiOjF9._5VHyDyzMlIzRJi0bXbsJ3yNH3AjSRKZv8vsfJR51IE	\N	2025-03-18 02:32:27+08	\N	16319a1f6c684b419637beb7fda0698d
66	eyJhbGciOiJIUzI1NiIsInR5cCI6IkpXVCJ9.eyJ0b2tlbl90eXBlIjoicmVmcmVzaCIsImV4cCI6MTc0MjIzNjQ5NSwiaWF0IjoxNzM5NjQ0NDk1LCJqdGkiOiI1M2JjY2U2ZmI1Mzc0OGFkOTFmZGQ5NjljOTllNGFmMiIsInVzZXJfaWQiOjF9.l0JDZbsDobF3efJWIV8fL4QbCwGrGmWYFJSLIJ-MDbg	\N	2025-03-18 02:34:55+08	\N	53bcce6fb53748ad91fdd969c99e4af2
67	eyJhbGciOiJIUzI1NiIsInR5cCI6IkpXVCJ9.eyJ0b2tlbl90eXBlIjoicmVmcmVzaCIsImV4cCI6MTc0MjIzNjU0NSwiaWF0IjoxNzM5NjQ0NTQ1LCJqdGkiOiJmYzQ5YzExZWM0YjI0ZjA1OTg1NWNjZDNjY2IzMmEwNCIsInVzZXJfaWQiOjF9.kyoR9J6q1R96Cz6hYJRAnHUKRafyqqPjG-PTLegV0aw	\N	2025-03-18 02:35:45+08	\N	fc49c11ec4b24f059855ccd3ccb32a04
68	eyJhbGciOiJIUzI1NiIsInR5cCI6IkpXVCJ9.eyJ0b2tlbl90eXBlIjoicmVmcmVzaCIsImV4cCI6MTc0MjIzNjU5MywiaWF0IjoxNzM5NjQ0NTkzLCJqdGkiOiI1MTJmMTA3NWNlNmQ0NGNmYTBiOWM3MjNiYzQxZWNiYSIsInVzZXJfaWQiOjF9.b9Ytx-63ETLS93VT0eW-p9JK74lXoxf3V-9AfsXcm7U	\N	2025-03-18 02:36:33+08	\N	512f1075ce6d44cfa0b9c723bc41ecba
69	eyJhbGciOiJIUzI1NiIsInR5cCI6IkpXVCJ9.eyJ0b2tlbl90eXBlIjoicmVmcmVzaCIsImV4cCI6MTc0MjIzNjYzNCwiaWF0IjoxNzM5NjQ0NjM0LCJqdGkiOiIzZmM1ZmIyMmEzNjU0Y2E3OWJlMGQ2NGE4OTIwZGEyMSIsInVzZXJfaWQiOjF9.AIZKLP0dan1SIcd4QC9vaV4JbmPXxXOvdTzip8osZig	\N	2025-03-18 02:37:14+08	\N	3fc5fb22a3654ca79be0d64a8920da21
70	eyJhbGciOiJIUzI1NiIsInR5cCI6IkpXVCJ9.eyJ0b2tlbl90eXBlIjoicmVmcmVzaCIsImV4cCI6MTc0MjIzNjY1MCwiaWF0IjoxNzM5NjQ0NjUwLCJqdGkiOiI1NTZhZTQwYWNjNGI0NjNjYTA0M2RkOTQxYThiNjUzOSIsInVzZXJfaWQiOjF9.RQSHpc2QiRNGqAsfTrOTvmbBJXRAp30sT-qjRLdTjFQ	\N	2025-03-18 02:37:30+08	\N	556ae40acc4b463ca043dd941a8b6539
71	eyJhbGciOiJIUzI1NiIsInR5cCI6IkpXVCJ9.eyJ0b2tlbl90eXBlIjoicmVmcmVzaCIsImV4cCI6MTc0MjIzNjY3NCwiaWF0IjoxNzM5NjQ0Njc0LCJqdGkiOiIzMTJkMjQwYmQ5ZDI0YzhhYjg1MmU2ZDdhMTEwZmJhZiIsInVzZXJfaWQiOjF9.JBu_qzT35XkYsvGK-5DYg_rI8G0AeH7PWbqRI8bds84	\N	2025-03-18 02:37:54+08	\N	312d240bd9d24c8ab852e6d7a110fbaf
72	eyJhbGciOiJIUzI1NiIsInR5cCI6IkpXVCJ9.eyJ0b2tlbl90eXBlIjoicmVmcmVzaCIsImV4cCI6MTc0MjIzNjY4MywiaWF0IjoxNzM5NjQ0NjgzLCJqdGkiOiJkZTlkYjE0ZjNmNDE0MWJjODA5NDE3NTRhZGUzY2NhZSIsInVzZXJfaWQiOjF9.9ng6GZk4LFRNwxLsM-jumvvZyItAtnsqqckPuGUR5fo	\N	2025-03-18 02:38:03+08	\N	de9db14f3f4141bc80941754ade3ccae
73	eyJhbGciOiJIUzI1NiIsInR5cCI6IkpXVCJ9.eyJ0b2tlbl90eXBlIjoicmVmcmVzaCIsImV4cCI6MTc0MjIzNjY5MSwiaWF0IjoxNzM5NjQ0NjkxLCJqdGkiOiJiZGMyNmNkYWY3NGQ0M2VhOTk2NTRjMTYxNWY4MTczNSIsInVzZXJfaWQiOjF9.bMLTChzN31uhdIw7F9q3ZDCq0k0No_tpHEThtk_i7uw	\N	2025-03-18 02:38:11+08	\N	bdc26cdaf74d43ea99654c1615f81735
74	eyJhbGciOiJIUzI1NiIsInR5cCI6IkpXVCJ9.eyJ0b2tlbl90eXBlIjoicmVmcmVzaCIsImV4cCI6MTc0MjIzNjY5OSwiaWF0IjoxNzM5NjQ0Njk5LCJqdGkiOiI0ZTQ2ZDRjYzE4ZDg0N2IwOTFkMDRjZjA1ZGZkZDNkZiIsInVzZXJfaWQiOjF9.vFu5nITukWM6WdMebSs_oWPqYc8x8HJzgaHBRyYyKmY	\N	2025-03-18 02:38:19+08	\N	4e46d4cc18d847b091d04cf05dfdd3df
75	eyJhbGciOiJIUzI1NiIsInR5cCI6IkpXVCJ9.eyJ0b2tlbl90eXBlIjoicmVmcmVzaCIsImV4cCI6MTc0MjIzNjcxMywiaWF0IjoxNzM5NjQ0NzEzLCJqdGkiOiI4OWI0OWI2ZmY1NDA0YjYyYWM2NTAwYmVhMjAxYmQxNSIsInVzZXJfaWQiOjF9.qcqyK8l1CJd7YuaOf5Qyv0tmTKuY-EXBHY50CxmqGH4	\N	2025-03-18 02:38:33+08	\N	89b49b6ff5404b62ac6500bea201bd15
76	eyJhbGciOiJIUzI1NiIsInR5cCI6IkpXVCJ9.eyJ0b2tlbl90eXBlIjoicmVmcmVzaCIsImV4cCI6MTc0MjIzNjcyMywiaWF0IjoxNzM5NjQ0NzIzLCJqdGkiOiI4MGQ4OGFjYTQyNmQ0ZGJjYWZmOWEzZTI1OTE0YjkxMiIsInVzZXJfaWQiOjF9.0IQ7rqD4ZdnqgLPkaS_t09L_Q1esG03VgsO6Ga9JMHM	\N	2025-03-18 02:38:43+08	\N	80d88aca426d4dbcaff9a3e25914b912
77	eyJhbGciOiJIUzI1NiIsInR5cCI6IkpXVCJ9.eyJ0b2tlbl90eXBlIjoicmVmcmVzaCIsImV4cCI6MTc0MjIzNjczNCwiaWF0IjoxNzM5NjQ0NzM0LCJqdGkiOiI1Zjc5NTBkODU4MGY0ODE4YmMwYmRjNzNlOWE4OGM2YSIsInVzZXJfaWQiOjF9.xZiPcZ32fMaKLV1fOhVLOsZKpd_1Q2zp9VELrStZ2pg	\N	2025-03-18 02:38:54+08	\N	5f7950d8580f4818bc0bdc73e9a88c6a
78	eyJhbGciOiJIUzI1NiIsInR5cCI6IkpXVCJ9.eyJ0b2tlbl90eXBlIjoicmVmcmVzaCIsImV4cCI6MTc0MjIzNjg1OSwiaWF0IjoxNzM5NjQ0ODU5LCJqdGkiOiIwZWEyYmEyNWRhNjc0ZjQ4OGNmZGUwZTFhOWVkMDEwOCIsInVzZXJfaWQiOjF9.E_FJ8RNZr9q-SmCZVEdBi-I6Y55xjiiH44RM6CeGjH8	\N	2025-03-18 02:40:59+08	\N	0ea2ba25da674f488cfde0e1a9ed0108
79	eyJhbGciOiJIUzI1NiIsInR5cCI6IkpXVCJ9.eyJ0b2tlbl90eXBlIjoicmVmcmVzaCIsImV4cCI6MTc0MjIzNjk5NSwiaWF0IjoxNzM5NjQ0OTk1LCJqdGkiOiI5MGU0NDZlY2E0NzU0MDc1YmEzMDQwNzIyZjAxMTA5YSIsInVzZXJfaWQiOjF9.hrgkVKa09cdE8uXKr2yDkwrQPnSMWJ5okX6h07ZbY1U	\N	2025-03-18 02:43:15+08	\N	90e446eca4754075ba3040722f01109a
80	eyJhbGciOiJIUzI1NiIsInR5cCI6IkpXVCJ9.eyJ0b2tlbl90eXBlIjoicmVmcmVzaCIsImV4cCI6MTc0MjIzNzAyMCwiaWF0IjoxNzM5NjQ1MDIwLCJqdGkiOiJkZGIyMTNlMmIxZTY0Y2IwYWM0ZDliY2E1MWQ5ZDlhNiIsInVzZXJfaWQiOjF9.giEbTu_WCa9TqPJQRCahEHZt3APB-xv_ZPR4IDbTuGQ	\N	2025-03-18 02:43:40+08	\N	ddb213e2b1e64cb0ac4d9bca51d9d9a6
81	eyJhbGciOiJIUzI1NiIsInR5cCI6IkpXVCJ9.eyJ0b2tlbl90eXBlIjoicmVmcmVzaCIsImV4cCI6MTc0MjIzNzAyNSwiaWF0IjoxNzM5NjQ1MDI1LCJqdGkiOiJmZjY3YWY2YjViZWM0MDQwYjg1NTFmZTljNGJjNDZiMiIsInVzZXJfaWQiOjF9.7mp9XoYty4qNyUCX5EblYpK52QsP7icQ77vvi6CtYzI	\N	2025-03-18 02:43:45+08	\N	ff67af6b5bec4040b8551fe9c4bc46b2
82	eyJhbGciOiJIUzI1NiIsInR5cCI6IkpXVCJ9.eyJ0b2tlbl90eXBlIjoicmVmcmVzaCIsImV4cCI6MTc0MjIzNzA3NiwiaWF0IjoxNzM5NjQ1MDc2LCJqdGkiOiIyNjBlMDdmZWQ1MTY0NGJiOTliNmZlNDMyM2M2ZGQzMSIsInVzZXJfaWQiOjF9.AToHGKSaUg5NAJRnNwv1s0Ef7MJuQxJjaVqUdOXjVEU	\N	2025-03-18 02:44:36+08	\N	260e07fed51644bb99b6fe4323c6dd31
83	eyJhbGciOiJIUzI1NiIsInR5cCI6IkpXVCJ9.eyJ0b2tlbl90eXBlIjoicmVmcmVzaCIsImV4cCI6MTc0MjIzNzEyMiwiaWF0IjoxNzM5NjQ1MTIyLCJqdGkiOiIwMjE1MjI0YWRiYjc0OGMxOTVkYTljM2ZhODhhNzI3MSIsInVzZXJfaWQiOjF9.tHoqex164ouk9CUGnitYVYb4gTu6jYhYoEUVVt_mdxU	\N	2025-03-18 02:45:22+08	\N	0215224adbb748c195da9c3fa88a7271
84	eyJhbGciOiJIUzI1NiIsInR5cCI6IkpXVCJ9.eyJ0b2tlbl90eXBlIjoicmVmcmVzaCIsImV4cCI6MTc0MjIzNzI1NCwiaWF0IjoxNzM5NjQ1MjU0LCJqdGkiOiIxYzEwOGNlYjAyMDk0NTIwYTBjYjRkY2I1NjMwMjNhMiIsInVzZXJfaWQiOjF9.AWlomWEFhT4ieq4RfkePbnc92aUN9qbm2WggMES9c-g	\N	2025-03-18 02:47:34+08	\N	1c108ceb02094520a0cb4dcb563023a2
85	eyJhbGciOiJIUzI1NiIsInR5cCI6IkpXVCJ9.eyJ0b2tlbl90eXBlIjoicmVmcmVzaCIsImV4cCI6MTc0MjIzNzI2NywiaWF0IjoxNzM5NjQ1MjY3LCJqdGkiOiI0MWIzYWM4NjNkMDM0YjAwYjE3MGQwMGNmY2RmZmVkYyIsInVzZXJfaWQiOjF9.qJp0CbFdqhwpXMCFBw6i7fCKdmstuCswnF7GIYkyysc	\N	2025-03-18 02:47:47+08	\N	41b3ac863d034b00b170d00cfcdffedc
86	eyJhbGciOiJIUzI1NiIsInR5cCI6IkpXVCJ9.eyJ0b2tlbl90eXBlIjoicmVmcmVzaCIsImV4cCI6MTc0MjIzNzM0NSwiaWF0IjoxNzM5NjQ1MzQ1LCJqdGkiOiI5YzM1MmQwN2EyMDA0Y2ZjOTVkZTM2MjQwMTBjMWQxMiIsInVzZXJfaWQiOjF9.I28A2OGc76AKDDpv5y5n61BiKq7OdPZo_6j3dvzSloQ	\N	2025-03-18 02:49:05+08	\N	9c352d07a2004cfc95de3624010c1d12
87	eyJhbGciOiJIUzI1NiIsInR5cCI6IkpXVCJ9.eyJ0b2tlbl90eXBlIjoicmVmcmVzaCIsImV4cCI6MTc0MjIzNzM1MywiaWF0IjoxNzM5NjQ1MzUzLCJqdGkiOiI2MjEwYzVlNWE2YWQ0Yjg4OGRlYzc4OGRhODgyZmZiMCIsInVzZXJfaWQiOjF9.ulFtost_14Q3nZiwG_UPAHIyIRA4MGnE-8TUPA3MCoI	\N	2025-03-18 02:49:13+08	\N	6210c5e5a6ad4b888dec788da882ffb0
88	eyJhbGciOiJIUzI1NiIsInR5cCI6IkpXVCJ9.eyJ0b2tlbl90eXBlIjoicmVmcmVzaCIsImV4cCI6MTc0MjIzNzM2NiwiaWF0IjoxNzM5NjQ1MzY2LCJqdGkiOiI5N2E0MzVhNmQ2ZmU0MDFmYjdkNDIzYWE4MTY1ZGFiYyIsInVzZXJfaWQiOjF9.Wp61Id76FG--obzxvtEjVfMHKlEFSxZCG0J7NI6E5hw	\N	2025-03-18 02:49:26+08	\N	97a435a6d6fe401fb7d423aa8165dabc
89	eyJhbGciOiJIUzI1NiIsInR5cCI6IkpXVCJ9.eyJ0b2tlbl90eXBlIjoicmVmcmVzaCIsImV4cCI6MTc0MjIzNzM3NSwiaWF0IjoxNzM5NjQ1Mzc1LCJqdGkiOiI0MGY3ZmZhN2E4YjY0N2M1YmQxOWYyNjg3ZTlhNDQ4MCIsInVzZXJfaWQiOjF9.jNmNZq4gXd9heoTijaI_KTPFwhjNoC3oxAn4CNlJMdQ	\N	2025-03-18 02:49:35+08	\N	40f7ffa7a8b647c5bd19f2687e9a4480
90	eyJhbGciOiJIUzI1NiIsInR5cCI6IkpXVCJ9.eyJ0b2tlbl90eXBlIjoicmVmcmVzaCIsImV4cCI6MTc0MjIzNzM4NSwiaWF0IjoxNzM5NjQ1Mzg1LCJqdGkiOiJmMzkyYjUyMjBmNDU0OThiYWExODAzOWEzMzFmMDBlMiIsInVzZXJfaWQiOjF9.flJR2pFXxmV7usWiRqf8Ho8-pI8ER1cn3x5fP2zsT64	\N	2025-03-18 02:49:45+08	\N	f392b5220f45498baa18039a331f00e2
91	eyJhbGciOiJIUzI1NiIsInR5cCI6IkpXVCJ9.eyJ0b2tlbl90eXBlIjoicmVmcmVzaCIsImV4cCI6MTc0MjIzNzM5NywiaWF0IjoxNzM5NjQ1Mzk3LCJqdGkiOiIwY2M0NDFkN2U0ZmE0MDU1OWRiNDczMTUyYzE2MTRiYyIsInVzZXJfaWQiOjF9.3mnN4DuriPDxFA7OPlPdPkT2Kr1Nbmy9BpTdC2MS074	\N	2025-03-18 02:49:57+08	\N	0cc441d7e4fa40559db473152c1614bc
92	eyJhbGciOiJIUzI1NiIsInR5cCI6IkpXVCJ9.eyJ0b2tlbl90eXBlIjoicmVmcmVzaCIsImV4cCI6MTc0MjIzNzQwOCwiaWF0IjoxNzM5NjQ1NDA4LCJqdGkiOiI2ZWI1NjUxMjExOGM0MDk4YWE0ZGYzNDc2YmE0YzQ1MCIsInVzZXJfaWQiOjF9.UPDlY5IH27LXuUqGsoF-HcX9p0OrSSxK8XDdzq6whcg	\N	2025-03-18 02:50:08+08	\N	6eb56512118c4098aa4df3476ba4c450
93	eyJhbGciOiJIUzI1NiIsInR5cCI6IkpXVCJ9.eyJ0b2tlbl90eXBlIjoicmVmcmVzaCIsImV4cCI6MTc0MjIzNzQxOCwiaWF0IjoxNzM5NjQ1NDE4LCJqdGkiOiI3N2QwN2UzNTUyYzM0ZmE0YTc1NGIyMWU1NWVmY2IwZiIsInVzZXJfaWQiOjF9.LoCVYOMdO86z9n-cU1UEaePa7EmYioOK-tEoax4i5_s	\N	2025-03-18 02:50:18+08	\N	77d07e3552c34fa4a754b21e55efcb0f
94	eyJhbGciOiJIUzI1NiIsInR5cCI6IkpXVCJ9.eyJ0b2tlbl90eXBlIjoicmVmcmVzaCIsImV4cCI6MTc0MjIzNzQyNSwiaWF0IjoxNzM5NjQ1NDI1LCJqdGkiOiIxNzUwOTFkZWVkODE0NTZhYTFlZWFiZTk4MGYyZmE1ZCIsInVzZXJfaWQiOjF9.cmqN19HgYDJU6YJE95OooH6X3d4bSUbj7V2J9XPdCto	\N	2025-03-18 02:50:25+08	\N	175091deed81456aa1eeabe980f2fa5d
95	eyJhbGciOiJIUzI1NiIsInR5cCI6IkpXVCJ9.eyJ0b2tlbl90eXBlIjoicmVmcmVzaCIsImV4cCI6MTc0MjIzNzQzMywiaWF0IjoxNzM5NjQ1NDMzLCJqdGkiOiIxNjlmYjdhN2FiYmQ0YzBkOWYyMWI4ZDMzZTg2NzRjMCIsInVzZXJfaWQiOjF9._J8sG2h5_2iYfDkEQ2vzd99SMjWvf25-vmlfh5E-5zc	\N	2025-03-18 02:50:33+08	\N	169fb7a7abbd4c0d9f21b8d33e8674c0
96	eyJhbGciOiJIUzI1NiIsInR5cCI6IkpXVCJ9.eyJ0b2tlbl90eXBlIjoicmVmcmVzaCIsImV4cCI6MTc0MjIzNzQzOCwiaWF0IjoxNzM5NjQ1NDM4LCJqdGkiOiJjNWVhNDZmODEwZmE0MzZjODhiOGNjMGVmYTJmYTU4ZSIsInVzZXJfaWQiOjF9.OmoFo9NuZCV5DzpEQdJ0EetUB578In8a-vZv7JSALMs	\N	2025-03-18 02:50:38+08	\N	c5ea46f810fa436c88b8cc0efa2fa58e
97	eyJhbGciOiJIUzI1NiIsInR5cCI6IkpXVCJ9.eyJ0b2tlbl90eXBlIjoicmVmcmVzaCIsImV4cCI6MTc0MjIzNzY3MCwiaWF0IjoxNzM5NjQ1NjcwLCJqdGkiOiIxYjUyNGM5OTM5OGY0MWY2YTBkNGRkY2VkMjE4NzMxYiIsInVzZXJfaWQiOjF9.11aQ_77Ce0YjpE87QAVq4AOPLAVEEoaz4LdprWZY-Vk	\N	2025-03-18 02:54:30+08	\N	1b524c99398f41f6a0d4ddced218731b
98	eyJhbGciOiJIUzI1NiIsInR5cCI6IkpXVCJ9.eyJ0b2tlbl90eXBlIjoicmVmcmVzaCIsImV4cCI6MTc0MjIzNzcxMSwiaWF0IjoxNzM5NjQ1NzExLCJqdGkiOiI5MDQ4ZDVlMzU0YjM0YWMyOThlZjI3NmU2YTdiZTY4MSIsInVzZXJfaWQiOjF9.H465LqsZCFxi4hjq_x127YFA5iK3iQPzz0Kmbp9ZeTM	\N	2025-03-18 02:55:11+08	\N	9048d5e354b34ac298ef276e6a7be681
99	eyJhbGciOiJIUzI1NiIsInR5cCI6IkpXVCJ9.eyJ0b2tlbl90eXBlIjoicmVmcmVzaCIsImV4cCI6MTc0MjIzNzcyMCwiaWF0IjoxNzM5NjQ1NzIwLCJqdGkiOiI0YjhjNDIyODE4MjM0OTU4YjhjYTlhODQ2MGM0ZTg2ZSIsInVzZXJfaWQiOjF9.VMdl3CKeoelGLjV1NqIQkL_wJizyfJpTJU_iknZ9GXc	\N	2025-03-18 02:55:20+08	\N	4b8c422818234958b8ca9a8460c4e86e
100	eyJhbGciOiJIUzI1NiIsInR5cCI6IkpXVCJ9.eyJ0b2tlbl90eXBlIjoicmVmcmVzaCIsImV4cCI6MTc0MjIzNzc3NywiaWF0IjoxNzM5NjQ1Nzc3LCJqdGkiOiI2NzVhMzEyOTM2YTM0MDVkOWY2NWQ2Mzk0OGNjMDFiMSIsInVzZXJfaWQiOjF9.RW6z9fYGv054FLm5bXf8J0IHWJPr2adKmsEzhU6--5I	\N	2025-03-18 02:56:17+08	\N	675a312936a3405d9f65d63948cc01b1
101	eyJhbGciOiJIUzI1NiIsInR5cCI6IkpXVCJ9.eyJ0b2tlbl90eXBlIjoicmVmcmVzaCIsImV4cCI6MTc0MjIzNzk1NywiaWF0IjoxNzM5NjQ1OTU3LCJqdGkiOiJhNzQ3OWRlZjcxNTI0NWNiOTIwM2I0MDBiYWMxNDM5YiIsInVzZXJfaWQiOjF9.n83uY60TyZDn1KchGj9qz-5tDYfd7P-NkpZTVtV3eIU	\N	2025-03-18 02:59:17+08	\N	a7479def715245cb9203b400bac1439b
102	eyJhbGciOiJIUzI1NiIsInR5cCI6IkpXVCJ9.eyJ0b2tlbl90eXBlIjoicmVmcmVzaCIsImV4cCI6MTc0MjIzNzk2MywiaWF0IjoxNzM5NjQ1OTYzLCJqdGkiOiI4ZDk4MWI5ZTgyNDA0OTBjYTViZGRmNjIxN2Q2MjA0MCIsInVzZXJfaWQiOjF9.MiroenJzu2b3jNTyRzdSN0DSgyeakTv3ICfA56MkDrY	\N	2025-03-18 02:59:23+08	\N	8d981b9e8240490ca5bddf6217d62040
103	eyJhbGciOiJIUzI1NiIsInR5cCI6IkpXVCJ9.eyJ0b2tlbl90eXBlIjoicmVmcmVzaCIsImV4cCI6MTc0MjIzODAzMSwiaWF0IjoxNzM5NjQ2MDMxLCJqdGkiOiJkOWUwM2Y0MjY2Nzk0MmE3YWNmN2QzZGRmZmI1MmU2YiIsInVzZXJfaWQiOjF9.jHs7GxJBvqgRIHC6P9nUVsQT0sP6ZgVJ4s2F4-yk_bs	\N	2025-03-18 03:00:31+08	\N	d9e03f42667942a7acf7d3ddffb52e6b
104	eyJhbGciOiJIUzI1NiIsInR5cCI6IkpXVCJ9.eyJ0b2tlbl90eXBlIjoicmVmcmVzaCIsImV4cCI6MTc0MjIzODE1MSwiaWF0IjoxNzM5NjQ2MTUxLCJqdGkiOiI0NzFkNDgxY2JmZmY0MTE4OWE1M2MyMGI2MThjMjRjMCIsInVzZXJfaWQiOjF9.38z_7FnnwMbw3dxdXhkLhveunFnUY6oBybVnmrddsvA	\N	2025-03-18 03:02:31+08	\N	471d481cbfff41189a53c20b618c24c0
105	eyJhbGciOiJIUzI1NiIsInR5cCI6IkpXVCJ9.eyJ0b2tlbl90eXBlIjoicmVmcmVzaCIsImV4cCI6MTc0MjIzODIyNiwiaWF0IjoxNzM5NjQ2MjI2LCJqdGkiOiIyODJlYTIxNjRlNzI0YmQyOWQ5NjRkMzllZWI0YjFmMCIsInVzZXJfaWQiOjF9.Czpq1z-UBW_TUfnlcf0UbLFSmsXHXRG8etqvMEfRnJs	\N	2025-03-18 03:03:46+08	\N	282ea2164e724bd29d964d39eeb4b1f0
106	eyJhbGciOiJIUzI1NiIsInR5cCI6IkpXVCJ9.eyJ0b2tlbl90eXBlIjoicmVmcmVzaCIsImV4cCI6MTc0MjIzODIzNiwiaWF0IjoxNzM5NjQ2MjM2LCJqdGkiOiIxNmFhYzVhNzJiMjY0ODZlOGZlMjdlM2NjNjdhMDFjYSIsInVzZXJfaWQiOjF9.xjI8X3keBozleUrGpPEGTTxZ3vN98QD-sSxrJbYWLtY	\N	2025-03-18 03:03:56+08	\N	16aac5a72b26486e8fe27e3cc67a01ca
107	eyJhbGciOiJIUzI1NiIsInR5cCI6IkpXVCJ9.eyJ0b2tlbl90eXBlIjoicmVmcmVzaCIsImV4cCI6MTc0MjIzODI0MCwiaWF0IjoxNzM5NjQ2MjQwLCJqdGkiOiJlNjk1OTNkZTc2MGI0ODljYTQ4NzdmNWMwYmIzYTU4NCIsInVzZXJfaWQiOjF9.nXie1LJPPCtZZ2yebmSTlWWEZEdQv2axzelJiHa0l2Y	\N	2025-03-18 03:04:00+08	\N	e69593de760b489ca4877f5c0bb3a584
108	eyJhbGciOiJIUzI1NiIsInR5cCI6IkpXVCJ9.eyJ0b2tlbl90eXBlIjoicmVmcmVzaCIsImV4cCI6MTc0MjIzODI0NCwiaWF0IjoxNzM5NjQ2MjQ0LCJqdGkiOiIyODdhZDg2OTA5YzE0ZDJkOWQ1NDA4Njc2MTZiNjdiOCIsInVzZXJfaWQiOjF9.YAhahsIRdnNTTeaFPocL9w4x1wwhT2cXSVoDpDcRB00	\N	2025-03-18 03:04:04+08	\N	287ad86909c14d2d9d540867616b67b8
109	eyJhbGciOiJIUzI1NiIsInR5cCI6IkpXVCJ9.eyJ0b2tlbl90eXBlIjoicmVmcmVzaCIsImV4cCI6MTc0MjIzODI0NywiaWF0IjoxNzM5NjQ2MjQ3LCJqdGkiOiJlMmU2ZmI2M2M1YmM0ZjA0OTE4MzIxYzcyYTg3NmEyZiIsInVzZXJfaWQiOjF9.BIcMxgAgRLvfwLOGjnVAd1R7jyhjW5CFyg_C5npXWDA	\N	2025-03-18 03:04:07+08	\N	e2e6fb63c5bc4f04918321c72a876a2f
110	eyJhbGciOiJIUzI1NiIsInR5cCI6IkpXVCJ9.eyJ0b2tlbl90eXBlIjoicmVmcmVzaCIsImV4cCI6MTc0MjIzODI1OSwiaWF0IjoxNzM5NjQ2MjU5LCJqdGkiOiJmZjBjNmEwMzAzNmU0YjA0ODQyM2VkZjZiMTI0ODZkZCIsInVzZXJfaWQiOjF9.j1vAf1U6Eki87QYBAjqY-jCAMTzTpudObMTAdIS2ufE	\N	2025-03-18 03:04:19+08	\N	ff0c6a03036e4b048423edf6b12486dd
111	eyJhbGciOiJIUzI1NiIsInR5cCI6IkpXVCJ9.eyJ0b2tlbl90eXBlIjoicmVmcmVzaCIsImV4cCI6MTc0MjI3NDA0OCwiaWF0IjoxNzM5NjgyMDQ4LCJqdGkiOiI3M2RkODkzZDllYzM0MDIxODNkZTYyYzBhNzAxZjE4YyIsInVzZXJfaWQiOjF9.yjh0INU0T5J_ozrfi6NIXohlOEdipAMYsY2mXFxz7Rk	\N	2025-03-18 13:00:48+08	\N	73dd893d9ec3402183de62c0a701f18c
112	eyJhbGciOiJIUzI1NiIsInR5cCI6IkpXVCJ9.eyJ0b2tlbl90eXBlIjoicmVmcmVzaCIsImV4cCI6MTc0MjI3OTEyMywiaWF0IjoxNzM5Njg3MTIzLCJqdGkiOiI5ZDZlODJhMWQ0MmM0OWQyOWRhNGNiNWVkYTEyOGQ4NCIsInVzZXJfaWQiOjF9.pO8iUCLdPX6KSRGVK-SbkMzcCSI7se1_4d7WZsILZvk	\N	2025-03-18 14:25:23+08	\N	9d6e82a1d42c49d29da4cb5eda128d84
113	eyJhbGciOiJIUzI1NiIsInR5cCI6IkpXVCJ9.eyJ0b2tlbl90eXBlIjoicmVmcmVzaCIsImV4cCI6MTc0MjI3OTI1MCwiaWF0IjoxNzM5Njg3MjUwLCJqdGkiOiIwMDg4Y2ZhYTc4Njk0MTI4YmEwMTA4NjJjMGUxNDRiNiIsInVzZXJfaWQiOjF9.vHKbZ71rRRBim65jyxhbjadO8Ac-NVMLobxKFFAA53U	\N	2025-03-18 14:27:30+08	\N	0088cfaa78694128ba010862c0e144b6
114	eyJhbGciOiJIUzI1NiIsInR5cCI6IkpXVCJ9.eyJ0b2tlbl90eXBlIjoicmVmcmVzaCIsImV4cCI6MTc0MjI3OTMyNiwiaWF0IjoxNzM5Njg3MzI2LCJqdGkiOiIxNWJlMTU0NDkzMTY0YzE5ODA2YTEzMDM1NDcyNjIwOCIsInVzZXJfaWQiOjF9.u9bqrJ2Jz6p1qqTcDl6UEXyhwsgLEqo-wxxz86huMM0	\N	2025-03-18 14:28:46+08	\N	15be154493164c19806a130354726208
115	eyJhbGciOiJIUzI1NiIsInR5cCI6IkpXVCJ9.eyJ0b2tlbl90eXBlIjoicmVmcmVzaCIsImV4cCI6MTc0MjI3OTMzNSwiaWF0IjoxNzM5Njg3MzM1LCJqdGkiOiIxOWMyMzM3OTFjMzU0YWIyOWE0NTVlNDJmYjI0ZDY5YiIsInVzZXJfaWQiOjF9.lLNJnzX20KXGK8B_p-m04NnX3qxDmAJA9wTE99vhNRI	\N	2025-03-18 14:28:55+08	\N	19c233791c354ab29a455e42fb24d69b
116	eyJhbGciOiJIUzI1NiIsInR5cCI6IkpXVCJ9.eyJ0b2tlbl90eXBlIjoicmVmcmVzaCIsImV4cCI6MTc0MjI3OTM1MSwiaWF0IjoxNzM5Njg3MzUxLCJqdGkiOiIzYWI3NDc2NzY3ZGI0OTNlYWJjNTNiYzEwZmMwYjBlMiIsInVzZXJfaWQiOjF9.mW-9MVM7nbl4lwQ74MdYFn7JOi834l79A1vD9H81jO4	\N	2025-03-18 14:29:11+08	\N	3ab7476767db493eabc53bc10fc0b0e2
117	eyJhbGciOiJIUzI1NiIsInR5cCI6IkpXVCJ9.eyJ0b2tlbl90eXBlIjoicmVmcmVzaCIsImV4cCI6MTc0MjI3OTM2MiwiaWF0IjoxNzM5Njg3MzYyLCJqdGkiOiJhMGM4YjQ4ZDY5OGE0Y2I0YTBiZTNiNWQxZDJkYjk4OSIsInVzZXJfaWQiOjF9.386I0dJNI1UuQQiAhmlONtu6dSAwQccjuBDrDSBcWXs	\N	2025-03-18 14:29:22+08	\N	a0c8b48d698a4cb4a0be3b5d1d2db989
118	eyJhbGciOiJIUzI1NiIsInR5cCI6IkpXVCJ9.eyJ0b2tlbl90eXBlIjoicmVmcmVzaCIsImV4cCI6MTc0MjI3OTQwNywiaWF0IjoxNzM5Njg3NDA3LCJqdGkiOiI5OTA2MWE1ZDAxMzU0ZDFhYmQ2MDk2Nzg0NjZiZDE2MyIsInVzZXJfaWQiOjF9.zvtZCLJpJW4625ySXVa73qEEKDODpatdg-mjFHd6HRc	\N	2025-03-18 14:30:07+08	\N	99061a5d01354d1abd609678466bd163
119	eyJhbGciOiJIUzI1NiIsInR5cCI6IkpXVCJ9.eyJ0b2tlbl90eXBlIjoicmVmcmVzaCIsImV4cCI6MTc0MjI3OTQxNCwiaWF0IjoxNzM5Njg3NDE0LCJqdGkiOiJiMzEzYzQyNTUyZjE0YWQ2YjFhMDI3ZmQ5MjI5ZTIxOSIsInVzZXJfaWQiOjF9.CKXowhoGgUeFYKG-1nebefx0H3sJ7VON-CnhZxSqKx4	\N	2025-03-18 14:30:14+08	\N	b313c42552f14ad6b1a027fd9229e219
120	eyJhbGciOiJIUzI1NiIsInR5cCI6IkpXVCJ9.eyJ0b2tlbl90eXBlIjoicmVmcmVzaCIsImV4cCI6MTc0MjI3OTQyMywiaWF0IjoxNzM5Njg3NDIzLCJqdGkiOiJhZmVlYzhjOGVjNTM0N2RmYjc4OTBmNDQ2ZTI5OGY2ZSIsInVzZXJfaWQiOjF9.3nzI1gbcekbzFpZm9HsjLjjGuV9pvJHaoFw19XOYBp4	\N	2025-03-18 14:30:23+08	\N	afeec8c8ec5347dfb7890f446e298f6e
121	eyJhbGciOiJIUzI1NiIsInR5cCI6IkpXVCJ9.eyJ0b2tlbl90eXBlIjoicmVmcmVzaCIsImV4cCI6MTc0MjI3OTQzMCwiaWF0IjoxNzM5Njg3NDMwLCJqdGkiOiJiOTExOTMyYmFjOWI0N2U2YTE2MTFhY2Y0MTc0ZmU2MCIsInVzZXJfaWQiOjF9.IGexQ01SeaIqzvNJAci-DpPWnWWm_vgcQ93jJXEW3eQ	\N	2025-03-18 14:30:30+08	\N	b911932bac9b47e6a1611acf4174fe60
122	eyJhbGciOiJIUzI1NiIsInR5cCI6IkpXVCJ9.eyJ0b2tlbl90eXBlIjoicmVmcmVzaCIsImV4cCI6MTc0MjI3OTQ1NSwiaWF0IjoxNzM5Njg3NDU1LCJqdGkiOiIzNGIyY2VmNmM0MjE0NjU3OTc4NzUyNzMwY2EzYzZhMSIsInVzZXJfaWQiOjF9.Ji6aft8MFAPeFuoXoVHegMMCpM-4-4bkwCR1J4_M1SY	\N	2025-03-18 14:30:55+08	\N	34b2cef6c4214657978752730ca3c6a1
123	eyJhbGciOiJIUzI1NiIsInR5cCI6IkpXVCJ9.eyJ0b2tlbl90eXBlIjoicmVmcmVzaCIsImV4cCI6MTc0MjI3OTUwMCwiaWF0IjoxNzM5Njg3NTAwLCJqdGkiOiIxMTk3Y2IzN2NlMDM0NzQ1OWE0MTMxNjU1YjM3YTExZCIsInVzZXJfaWQiOjF9.nXpZcKpF91AgGq3FFmynoNrZw1aUqeXC4KeBzFSgFtE	\N	2025-03-18 14:31:40+08	\N	1197cb37ce0347459a4131655b37a11d
124	eyJhbGciOiJIUzI1NiIsInR5cCI6IkpXVCJ9.eyJ0b2tlbl90eXBlIjoicmVmcmVzaCIsImV4cCI6MTc0MjI3OTU4MCwiaWF0IjoxNzM5Njg3NTgwLCJqdGkiOiJiYzdjNjVhMzJlMDc0OGNhODNkZjk0NjI0NTg5M2JhMCIsInVzZXJfaWQiOjF9.nDJ7BKxh5v-BYTuLdKKoOtUSXkRd1fIzbt20JIpz5Ww	\N	2025-03-18 14:33:00+08	\N	bc7c65a32e0748ca83df946245893ba0
125	eyJhbGciOiJIUzI1NiIsInR5cCI6IkpXVCJ9.eyJ0b2tlbl90eXBlIjoicmVmcmVzaCIsImV4cCI6MTc0MjI3OTU4MywiaWF0IjoxNzM5Njg3NTgzLCJqdGkiOiJkMDM1MTU1ZDY1OWQ0MGY0YTRhYTI2MmIxY2Q0MzJmZCIsInVzZXJfaWQiOjF9.IBtws7jdC5D7aNqP3fGevB037IJQ67auP-vSHo-bWdI	\N	2025-03-18 14:33:03+08	\N	d035155d659d40f4a4aa262b1cd432fd
126	eyJhbGciOiJIUzI1NiIsInR5cCI6IkpXVCJ9.eyJ0b2tlbl90eXBlIjoicmVmcmVzaCIsImV4cCI6MTc0MjI3OTU4OCwiaWF0IjoxNzM5Njg3NTg4LCJqdGkiOiIzMjE1MDAyNjM4OTM0NzU5YTY5ZDIzYzUxZjA4YWU2NSIsInVzZXJfaWQiOjF9.srz-oZCQzZa0K2e6LqcojWEhX5tNdkDTKtWO6LkLckQ	\N	2025-03-18 14:33:08+08	\N	3215002638934759a69d23c51f08ae65
127	eyJhbGciOiJIUzI1NiIsInR5cCI6IkpXVCJ9.eyJ0b2tlbl90eXBlIjoicmVmcmVzaCIsImV4cCI6MTc0MjI3OTU5MSwiaWF0IjoxNzM5Njg3NTkxLCJqdGkiOiIxZWRjZmQyNWY3MTg0MmZhOTFmNWJkN2Q1OWZkNzhmYyIsInVzZXJfaWQiOjF9.XRtd1eaElJc2enm8NmAw7sP8p96jXdEEAnj5_C2_1UM	\N	2025-03-18 14:33:11+08	\N	1edcfd25f71842fa91f5bd7d59fd78fc
128	eyJhbGciOiJIUzI1NiIsInR5cCI6IkpXVCJ9.eyJ0b2tlbl90eXBlIjoicmVmcmVzaCIsImV4cCI6MTc0MjI3OTU5OSwiaWF0IjoxNzM5Njg3NTk5LCJqdGkiOiI5MTEwMDQ4YWFkYmM0ZTU0YmU5OGViOTY3Y2VkNjE0YiIsInVzZXJfaWQiOjF9.XOgCSFFJZ95ZAiUuOJAeTWK4ZpHwH5hDN1JoXT5uRIk	\N	2025-03-18 14:33:19+08	\N	9110048aadbc4e54be98eb967ced614b
129	eyJhbGciOiJIUzI1NiIsInR5cCI6IkpXVCJ9.eyJ0b2tlbl90eXBlIjoicmVmcmVzaCIsImV4cCI6MTc0MjI3OTYwMiwiaWF0IjoxNzM5Njg3NjAyLCJqdGkiOiI2MGEzYzE5YjcyMmU0OWU3ODY4MTJhOGRkNjE1YWY5YyIsInVzZXJfaWQiOjF9.9BW3aknbsERwUPvon8iBynv-hwhGm3TklbdPWdL1sjQ	\N	2025-03-18 14:33:22+08	\N	60a3c19b722e49e786812a8dd615af9c
130	eyJhbGciOiJIUzI1NiIsInR5cCI6IkpXVCJ9.eyJ0b2tlbl90eXBlIjoicmVmcmVzaCIsImV4cCI6MTc0MjI3OTYxNSwiaWF0IjoxNzM5Njg3NjE1LCJqdGkiOiIwYWFjMzA0YzMzYWU0NjRiOGRlMWI2OTQyMjk4ODAwNiIsInVzZXJfaWQiOjF9.KAD_dXrxzJZR4JWDtupbT61LUYMtaH2y-ZFzNf4f8qE	\N	2025-03-18 14:33:35+08	\N	0aac304c33ae464b8de1b69422988006
131	eyJhbGciOiJIUzI1NiIsInR5cCI6IkpXVCJ9.eyJ0b2tlbl90eXBlIjoicmVmcmVzaCIsImV4cCI6MTc0MjI3OTYyMSwiaWF0IjoxNzM5Njg3NjIxLCJqdGkiOiI2M2QxNTQ4MTNiNTE0MTgwOWFjN2FlZWYwNjcyMTJkMSIsInVzZXJfaWQiOjF9.VhBbDRMPbtJNZNwDHk5f25TDcoYCL6nap_b-j9k1iSc	\N	2025-03-18 14:33:41+08	\N	63d154813b5141809ac7aeef067212d1
132	eyJhbGciOiJIUzI1NiIsInR5cCI6IkpXVCJ9.eyJ0b2tlbl90eXBlIjoicmVmcmVzaCIsImV4cCI6MTc0MjI3OTYyNSwiaWF0IjoxNzM5Njg3NjI1LCJqdGkiOiIyNmFmZWVkZmIxOWE0YTI4OWI4MmYxZDFkMzc3MDA4YiIsInVzZXJfaWQiOjF9.gq4EUaut2ktxbs6kqVH2cYgGG6NxZG42QRVct1uABuo	\N	2025-03-18 14:33:45+08	\N	26afeedfb19a4a289b82f1d1d377008b
133	eyJhbGciOiJIUzI1NiIsInR5cCI6IkpXVCJ9.eyJ0b2tlbl90eXBlIjoicmVmcmVzaCIsImV4cCI6MTc0MjI3OTYyOCwiaWF0IjoxNzM5Njg3NjI4LCJqdGkiOiIyN2I4YzFiMjBkMDI0YTJlOTIxZjIwMmM5NmI0NmQwNiIsInVzZXJfaWQiOjF9.Dn4VDECPlBxRbfuEp3w_l7MP31ZRlBykc_zinPMs7hE	\N	2025-03-18 14:33:48+08	\N	27b8c1b20d024a2e921f202c96b46d06
134	eyJhbGciOiJIUzI1NiIsInR5cCI6IkpXVCJ9.eyJ0b2tlbl90eXBlIjoicmVmcmVzaCIsImV4cCI6MTc0MjI3OTYzMywiaWF0IjoxNzM5Njg3NjMzLCJqdGkiOiI2ODJjYTE5NGRiMjA0ZGY0Yjg3Njk5MTU5MjNlNDU3MCIsInVzZXJfaWQiOjF9.7W_8xiWi_faBxQqRhVXB9z22qPDTKhz2P9_BoGv_48M	\N	2025-03-18 14:33:53+08	\N	682ca194db204df4b8769915923e4570
135	eyJhbGciOiJIUzI1NiIsInR5cCI6IkpXVCJ9.eyJ0b2tlbl90eXBlIjoicmVmcmVzaCIsImV4cCI6MTc0MjI3OTY3MywiaWF0IjoxNzM5Njg3NjczLCJqdGkiOiJjZWQ0N2QxMzAzMjk0OTEyYjUxOTUzY2E1ZTE5MDJjZiIsInVzZXJfaWQiOjF9.4LaLg0KT82j5jNKfA9JJZ-OEWb_vh1K1YKGKMWL3wVo	\N	2025-03-18 14:34:33+08	\N	ced47d1303294912b51953ca5e1902cf
136	eyJhbGciOiJIUzI1NiIsInR5cCI6IkpXVCJ9.eyJ0b2tlbl90eXBlIjoicmVmcmVzaCIsImV4cCI6MTc0MjI3OTY4MywiaWF0IjoxNzM5Njg3NjgzLCJqdGkiOiI0NjY1ZTllZTVkMzY0NmFhOTE1OWRhODU0NTA1MWU2MiIsInVzZXJfaWQiOjF9.hAa_6LYSWfdgr538A2MHydU5GjWiRueNCIuowf9hjFM	\N	2025-03-18 14:34:43+08	\N	4665e9ee5d3646aa9159da8545051e62
137	eyJhbGciOiJIUzI1NiIsInR5cCI6IkpXVCJ9.eyJ0b2tlbl90eXBlIjoicmVmcmVzaCIsImV4cCI6MTc0MjI3OTcxMCwiaWF0IjoxNzM5Njg3NzEwLCJqdGkiOiJjODFmZjI3MzMyNmE0ZGE2YjI3NzU1NzFhY2IwOWYwZiIsInVzZXJfaWQiOjF9.Nxnk0-ZoR350TD6CUIZ4yYgRPX0rMcMQy__HgvqIB8k	\N	2025-03-18 14:35:10+08	\N	c81ff273326a4da6b2775571acb09f0f
138	eyJhbGciOiJIUzI1NiIsInR5cCI6IkpXVCJ9.eyJ0b2tlbl90eXBlIjoicmVmcmVzaCIsImV4cCI6MTc0MjI3OTcyNCwiaWF0IjoxNzM5Njg3NzI0LCJqdGkiOiI0MjNmMmQ0NGI0NjU0NGRhODc0Njg2OGUxYWI2YWM2NCIsInVzZXJfaWQiOjF9.pD2BJG2Vig8O1X-cY10g-pk5pY8Tfmw5zjtC2NZ_6AU	\N	2025-03-18 14:35:24+08	\N	423f2d44b46544da8746868e1ab6ac64
139	eyJhbGciOiJIUzI1NiIsInR5cCI6IkpXVCJ9.eyJ0b2tlbl90eXBlIjoicmVmcmVzaCIsImV4cCI6MTc0MjI3OTc2NCwiaWF0IjoxNzM5Njg3NzY0LCJqdGkiOiI2NTQ4MzEyNWVjNWM0NzZiYTU4N2RlYTMwODZjMjRiMSIsInVzZXJfaWQiOjF9.OFOcTsUi90LEBefHhjjwQYyOJ_d3rfTyMUTf_aJHJbM	\N	2025-03-18 14:36:04+08	\N	65483125ec5c476ba587dea3086c24b1
140	eyJhbGciOiJIUzI1NiIsInR5cCI6IkpXVCJ9.eyJ0b2tlbl90eXBlIjoicmVmcmVzaCIsImV4cCI6MTc0MjI3OTc3OSwiaWF0IjoxNzM5Njg3Nzc5LCJqdGkiOiJmN2E0NWMyZGFiNjA0MmMyYjkzM2ZiM2ZlODUxZmRmMiIsInVzZXJfaWQiOjF9.Z8SJQbB-PpGdxZJHTRKFPl-PN3vQ2ef7Sjqlie7XsLU	\N	2025-03-18 14:36:19+08	\N	f7a45c2dab6042c2b933fb3fe851fdf2
141	eyJhbGciOiJIUzI1NiIsInR5cCI6IkpXVCJ9.eyJ0b2tlbl90eXBlIjoicmVmcmVzaCIsImV4cCI6MTc0MjI3OTc5NCwiaWF0IjoxNzM5Njg3Nzk0LCJqdGkiOiIyOWVmNjVlMmZmOTY0OWY4OTZmY2IwYTgxMGJkZjcwMSIsInVzZXJfaWQiOjF9.qcAMcEDdH8fGU8XNVKHZPjPgwF4t8OZ4PGbsHg2vWtw	\N	2025-03-18 14:36:34+08	\N	29ef65e2ff9649f896fcb0a810bdf701
142	eyJhbGciOiJIUzI1NiIsInR5cCI6IkpXVCJ9.eyJ0b2tlbl90eXBlIjoicmVmcmVzaCIsImV4cCI6MTc0MjI3OTgzMywiaWF0IjoxNzM5Njg3ODMzLCJqdGkiOiI5YmE2ODQ5MWY4YjQ0MzgwYjg5ZDllNDg0ZWY5NmY4ZiIsInVzZXJfaWQiOjF9.uTx23ZLWS-HOYyxe2DbZV8siUf-PwvwdOWB2gq93eWs	\N	2025-03-18 14:37:13+08	\N	9ba68491f8b44380b89d9e484ef96f8f
143	eyJhbGciOiJIUzI1NiIsInR5cCI6IkpXVCJ9.eyJ0b2tlbl90eXBlIjoicmVmcmVzaCIsImV4cCI6MTc0MjI3OTg0MCwiaWF0IjoxNzM5Njg3ODQwLCJqdGkiOiI3YzE3OTJiNmNmZDE0ZDUyYmQyMWIzMzBjZDQxNzc0YyIsInVzZXJfaWQiOjF9.FhDbedXnxB1tulDqJj2WHZcTNJtBbNYC_0T9HDhqxKE	\N	2025-03-18 14:37:20+08	\N	7c1792b6cfd14d52bd21b330cd41774c
144	eyJhbGciOiJIUzI1NiIsInR5cCI6IkpXVCJ9.eyJ0b2tlbl90eXBlIjoicmVmcmVzaCIsImV4cCI6MTc0MjI3OTg1MSwiaWF0IjoxNzM5Njg3ODUxLCJqdGkiOiI0MGJlMWZkY2NmYTk0YmU5YjdhZGZlNjdhYTAzOGJkOSIsInVzZXJfaWQiOjF9.azQuYj1U9YBV7kFFrxv8_XoOoyRFRDan1mD70pKQD6k	\N	2025-03-18 14:37:31+08	\N	40be1fdccfa94be9b7adfe67aa038bd9
145	eyJhbGciOiJIUzI1NiIsInR5cCI6IkpXVCJ9.eyJ0b2tlbl90eXBlIjoicmVmcmVzaCIsImV4cCI6MTc0MjI3OTg1OSwiaWF0IjoxNzM5Njg3ODU5LCJqdGkiOiI5NDVjMWMwMGI0ZTc0OWRkYjg5NjgyOGRkZDg0Y2IyMyIsInVzZXJfaWQiOjF9.Vrqzp8t01FbDTf8S0ulVyT5dDajM9p_17Hvq2-JaTpo	\N	2025-03-18 14:37:39+08	\N	945c1c00b4e749ddb896828ddd84cb23
146	eyJhbGciOiJIUzI1NiIsInR5cCI6IkpXVCJ9.eyJ0b2tlbl90eXBlIjoicmVmcmVzaCIsImV4cCI6MTc0MjI3OTg3NSwiaWF0IjoxNzM5Njg3ODc1LCJqdGkiOiI5ZjE5NDUwZDM2MmY0YjM5ODBjYjEzNjY0MjQzYzhmNSIsInVzZXJfaWQiOjF9.D2UhjNB39WMoVGiIiBOe2cLJd7yuGW0TugMS4sr56Vw	\N	2025-03-18 14:37:55+08	\N	9f19450d362f4b3980cb13664243c8f5
147	eyJhbGciOiJIUzI1NiIsInR5cCI6IkpXVCJ9.eyJ0b2tlbl90eXBlIjoicmVmcmVzaCIsImV4cCI6MTc0MjI3OTkwMCwiaWF0IjoxNzM5Njg3OTAwLCJqdGkiOiI3ZDQ5ZjNiNThjNDU0OTQ2ODc0MjFlMjRiMzI1ZmFiNSIsInVzZXJfaWQiOjF9.bR6jPccCcr8oaMZC3k_1E68sMXip56p0Ywe5plusuTQ	\N	2025-03-18 14:38:20+08	\N	7d49f3b58c45494687421e24b325fab5
148	eyJhbGciOiJIUzI1NiIsInR5cCI6IkpXVCJ9.eyJ0b2tlbl90eXBlIjoicmVmcmVzaCIsImV4cCI6MTc0MjI3OTkxNywiaWF0IjoxNzM5Njg3OTE3LCJqdGkiOiJjNjQ2Y2E5YWU5ZWE0NmQwOWM4N2FjNWNjMjNiNzczOSIsInVzZXJfaWQiOjF9.RIaoQwYma89htx3PnVSZwGu_njMeVxhVIcN7b9c49PM	\N	2025-03-18 14:38:37+08	\N	c646ca9ae9ea46d09c87ac5cc23b7739
149	eyJhbGciOiJIUzI1NiIsInR5cCI6IkpXVCJ9.eyJ0b2tlbl90eXBlIjoicmVmcmVzaCIsImV4cCI6MTc0MjI3OTk1OSwiaWF0IjoxNzM5Njg3OTU5LCJqdGkiOiIwN2JiMTBjMDFmZjM0NDIyOGQ5ZDE2YTFhZjg1NjIwOCIsInVzZXJfaWQiOjF9.Vh1PTsIBrm30K6yCUNsqVjtgiQd0k4NRtu9Z-NnQFBs	\N	2025-03-18 14:39:19+08	\N	07bb10c01ff344228d9d16a1af856208
150	eyJhbGciOiJIUzI1NiIsInR5cCI6IkpXVCJ9.eyJ0b2tlbl90eXBlIjoicmVmcmVzaCIsImV4cCI6MTc0MjI4MDAyMCwiaWF0IjoxNzM5Njg4MDIwLCJqdGkiOiJjZWU5NjE4M2Q5ZTA0MTY0YmE5MmU5NGIxODdlZWQ4OCIsInVzZXJfaWQiOjF9.QZF6XNPJGp7UEsUYJ0GlrQRIgDWC8bVjryclXaPs6Xs	\N	2025-03-18 14:40:20+08	\N	cee96183d9e04164ba92e94b187eed88
151	eyJhbGciOiJIUzI1NiIsInR5cCI6IkpXVCJ9.eyJ0b2tlbl90eXBlIjoicmVmcmVzaCIsImV4cCI6MTc0MjI4MDEwMSwiaWF0IjoxNzM5Njg4MTAxLCJqdGkiOiJiODkxOWZiZTY0YTA0OTQxYmE4MTFhZDFkODQ3YzhjOSIsInVzZXJfaWQiOjF9.Yc8aCXitxNVN77eAZwsNZB6VD5VHGIfbuU_c3sqGpL0	\N	2025-03-18 14:41:41+08	\N	b8919fbe64a04941ba811ad1d847c8c9
152	eyJhbGciOiJIUzI1NiIsInR5cCI6IkpXVCJ9.eyJ0b2tlbl90eXBlIjoicmVmcmVzaCIsImV4cCI6MTc0MjI4MDEyNywiaWF0IjoxNzM5Njg4MTI3LCJqdGkiOiJjOGIwMmI4MjczMTM0ODhkYjMyYWVjZTQzODFkYTJiZCIsInVzZXJfaWQiOjF9.m7IRzr_PIUzTxedomfhnh6HpVh3OW7KW8P3-OGMh6G4	\N	2025-03-18 14:42:07+08	\N	c8b02b827313488db32aece4381da2bd
153	eyJhbGciOiJIUzI1NiIsInR5cCI6IkpXVCJ9.eyJ0b2tlbl90eXBlIjoicmVmcmVzaCIsImV4cCI6MTc0MjI4MDMzOCwiaWF0IjoxNzM5Njg4MzM4LCJqdGkiOiJkNjg3NWI1NTZlZWE0OWU0Yjg2MDIzYzY2NDdmOTc0ZSIsInVzZXJfaWQiOjF9.obRbObmB5_7Ho7auTd34zHrFLngzNeaNYlbdivSUKw8	\N	2025-03-18 14:45:38+08	\N	d6875b556eea49e4b86023c6647f974e
154	eyJhbGciOiJIUzI1NiIsInR5cCI6IkpXVCJ9.eyJ0b2tlbl90eXBlIjoicmVmcmVzaCIsImV4cCI6MTc0MjI4MDQzOCwiaWF0IjoxNzM5Njg4NDM4LCJqdGkiOiI5NTdhNWVmYjllOTU0OGVjOTI4ZmZjOTZkZWFmMjNjNiIsInVzZXJfaWQiOjF9.U7-zH5Sk_MrXAJjRGN5fYSAEDU734flpVTJ0YNAgyrQ	\N	2025-03-18 14:47:18+08	\N	957a5efb9e9548ec928ffc96deaf23c6
155	eyJhbGciOiJIUzI1NiIsInR5cCI6IkpXVCJ9.eyJ0b2tlbl90eXBlIjoicmVmcmVzaCIsImV4cCI6MTc0MjI4MDQ1NCwiaWF0IjoxNzM5Njg4NDU0LCJqdGkiOiI3Y2E3MzdjMDY0MTE0OWY1OTI0MDUxODE4M2I5NWRiNSIsInVzZXJfaWQiOjF9.xGqA8jxDQdr0obv0LsAQ2Hzxzun51AyKNaW2N51nVFo	\N	2025-03-18 14:47:34+08	\N	7ca737c0641149f59240518183b95db5
156	eyJhbGciOiJIUzI1NiIsInR5cCI6IkpXVCJ9.eyJ0b2tlbl90eXBlIjoicmVmcmVzaCIsImV4cCI6MTc0MjI4MDQ2NSwiaWF0IjoxNzM5Njg4NDY1LCJqdGkiOiIzY2I0MTAxZTc3NDc0OWQyYTk1OWM5MTJiZDcwYzU3OSIsInVzZXJfaWQiOjF9.Ci4l0DIAU7KunlyTTEpPwigho3jXbcH-dOaQqVM3sqo	\N	2025-03-18 14:47:45+08	\N	3cb4101e774749d2a959c912bd70c579
157	eyJhbGciOiJIUzI1NiIsInR5cCI6IkpXVCJ9.eyJ0b2tlbl90eXBlIjoicmVmcmVzaCIsImV4cCI6MTc0MjI4MDQ4NCwiaWF0IjoxNzM5Njg4NDg0LCJqdGkiOiJmZTRhMmY4ZjU2Yzg0NDQyOGM1ZTViYzQ4MWY3NjBkOCIsInVzZXJfaWQiOjF9.g4b4hRjm9RoYB_lyUDCn9bKEGHptfaS12gbJZtDBZhs	\N	2025-03-18 14:48:04+08	\N	fe4a2f8f56c844428c5e5bc481f760d8
158	eyJhbGciOiJIUzI1NiIsInR5cCI6IkpXVCJ9.eyJ0b2tlbl90eXBlIjoicmVmcmVzaCIsImV4cCI6MTc0MjI4MDQ5MCwiaWF0IjoxNzM5Njg4NDkwLCJqdGkiOiJjZDM0YzcyMmE4MDk0ODI4YWM5NmU5ZDExNTU0N2NlMSIsInVzZXJfaWQiOjF9.oBeGbMAXJWwqphtFexcKea9y2FGEQTv3PmC2x_ohaJI	\N	2025-03-18 14:48:10+08	\N	cd34c722a8094828ac96e9d115547ce1
159	eyJhbGciOiJIUzI1NiIsInR5cCI6IkpXVCJ9.eyJ0b2tlbl90eXBlIjoicmVmcmVzaCIsImV4cCI6MTc0MjI4MDUwNSwiaWF0IjoxNzM5Njg4NTA1LCJqdGkiOiI2ZTg1NDZiMjIyNjU0YzFmOTk0MDEyMWU5NDhmMzQxOSIsInVzZXJfaWQiOjF9.LvEo0U42x7aebyzCtjyBt-WOYxZzeXAAxidzlDQ4wzk	\N	2025-03-18 14:48:25+08	\N	6e8546b222654c1f9940121e948f3419
160	eyJhbGciOiJIUzI1NiIsInR5cCI6IkpXVCJ9.eyJ0b2tlbl90eXBlIjoicmVmcmVzaCIsImV4cCI6MTc0MjI4MDY2OSwiaWF0IjoxNzM5Njg4NjY5LCJqdGkiOiJjMzM2NzkzODVhZGE0ZTUwODJmYWY5ZjQ4MmI4NmE3ZCIsInVzZXJfaWQiOjF9._BH2HqdZjEkJoP08BbsY_vsxwEPJeP5Nif9gALz1TaU	\N	2025-03-18 14:51:09+08	\N	c33679385ada4e5082faf9f482b86a7d
161	eyJhbGciOiJIUzI1NiIsInR5cCI6IkpXVCJ9.eyJ0b2tlbl90eXBlIjoicmVmcmVzaCIsImV4cCI6MTc0MjI4MDY3OSwiaWF0IjoxNzM5Njg4Njc5LCJqdGkiOiJjZmQ1NzBiZDI5MTA0NzBlYjEyNTAzZDRmZTQ0NjcwZCIsInVzZXJfaWQiOjF9.Rw27hqU7WC9lXejbU8kqbDZJkdzTgnemTe2uxggcKLE	\N	2025-03-18 14:51:19+08	\N	cfd570bd2910470eb12503d4fe44670d
162	eyJhbGciOiJIUzI1NiIsInR5cCI6IkpXVCJ9.eyJ0b2tlbl90eXBlIjoicmVmcmVzaCIsImV4cCI6MTc0MjI4MDcwMywiaWF0IjoxNzM5Njg4NzAzLCJqdGkiOiI5MDlmNDI1ODliNjQ0NjRkOGExMDU1ZmYyZjY4ZjE0MCIsInVzZXJfaWQiOjF9.IxEOjbk_HBRZxLNubk9T9FhKu40sWrz6nwmEGgCCYP4	\N	2025-03-18 14:51:43+08	\N	909f42589b64464d8a1055ff2f68f140
163	eyJhbGciOiJIUzI1NiIsInR5cCI6IkpXVCJ9.eyJ0b2tlbl90eXBlIjoicmVmcmVzaCIsImV4cCI6MTc0MjI4MDcxMCwiaWF0IjoxNzM5Njg4NzEwLCJqdGkiOiIyOTFmMjk2ZmVmNTQ0MTFkYmI2NjEzM2ZlNmRkMzI5ZCIsInVzZXJfaWQiOjF9.te_MYkGSBBcXgv6XPdWRUs3-BdpBvxiix8CnBsjKZ8k	\N	2025-03-18 14:51:50+08	\N	291f296fef54411dbb66133fe6dd329d
164	eyJhbGciOiJIUzI1NiIsInR5cCI6IkpXVCJ9.eyJ0b2tlbl90eXBlIjoicmVmcmVzaCIsImV4cCI6MTc0MjI4MDcxNywiaWF0IjoxNzM5Njg4NzE3LCJqdGkiOiI3NGVlZGI1MjNjYjY0ODZhYmQ4Zjc4MTdjOGQzZGNmOCIsInVzZXJfaWQiOjF9.VNHm9pBAt2nR9FpHHWZAh9ZpRRB2heHqIYMwdyZX0UA	\N	2025-03-18 14:51:57+08	\N	74eedb523cb6486abd8f7817c8d3dcf8
165	eyJhbGciOiJIUzI1NiIsInR5cCI6IkpXVCJ9.eyJ0b2tlbl90eXBlIjoicmVmcmVzaCIsImV4cCI6MTc0MjI4MDcyMCwiaWF0IjoxNzM5Njg4NzIwLCJqdGkiOiI1MTVkMmM0ZTUyYTg0Y2Q0OWRjNWI5ZDFlZjI0ZTdjYSIsInVzZXJfaWQiOjF9.71fNe9MLhXlwfzLKDXLEQaa7786OV4XU_yQvDp6gAyA	\N	2025-03-18 14:52:00+08	\N	515d2c4e52a84cd49dc5b9d1ef24e7ca
166	eyJhbGciOiJIUzI1NiIsInR5cCI6IkpXVCJ9.eyJ0b2tlbl90eXBlIjoicmVmcmVzaCIsImV4cCI6MTc0MjI4MDczMSwiaWF0IjoxNzM5Njg4NzMxLCJqdGkiOiIxMzJjZDUyNDMzY2Y0YTcyYWEwM2E0NzBkMjU4ZGNiNiIsInVzZXJfaWQiOjF9.8piy0R6b-lHz7gMUJrVXtS-tvwrh5HlW_Wf53gX5sOc	\N	2025-03-18 14:52:11+08	\N	132cd52433cf4a72aa03a470d258dcb6
167	eyJhbGciOiJIUzI1NiIsInR5cCI6IkpXVCJ9.eyJ0b2tlbl90eXBlIjoicmVmcmVzaCIsImV4cCI6MTc0MjI4MDczOSwiaWF0IjoxNzM5Njg4NzM5LCJqdGkiOiJmM2VhZWRhMjg5ODg0YWE1YmZmZWY5ZTAzMjhkZjA5NSIsInVzZXJfaWQiOjF9.JF8toRZiTo-9pSP6UDjDxxUhodJ_8uX3an1kmxahaX0	\N	2025-03-18 14:52:19+08	\N	f3eaeda289884aa5bffef9e0328df095
168	eyJhbGciOiJIUzI1NiIsInR5cCI6IkpXVCJ9.eyJ0b2tlbl90eXBlIjoicmVmcmVzaCIsImV4cCI6MTc0MjI4MDc1NSwiaWF0IjoxNzM5Njg4NzU1LCJqdGkiOiI5OWE0YzU3M2I0YmY0ZDNkYmNlZWMzNWU0ZDdiMzkyNyIsInVzZXJfaWQiOjF9.AuQjRURjH6HFTByZRY2GBbZb2YiJheA16TjpTstGZXI	\N	2025-03-18 14:52:35+08	\N	99a4c573b4bf4d3dbceec35e4d7b3927
169	eyJhbGciOiJIUzI1NiIsInR5cCI6IkpXVCJ9.eyJ0b2tlbl90eXBlIjoicmVmcmVzaCIsImV4cCI6MTc0MjI4MDc2NywiaWF0IjoxNzM5Njg4NzY3LCJqdGkiOiJmYWJiODFkYzE5OWU0ZTlkOTE1NzZmNzBjNzU3ODQ5ZiIsInVzZXJfaWQiOjF9.etOuonvg1D0AJ3IFGvWKShrOmOMhFoRaamU1v0VGi_E	\N	2025-03-18 14:52:47+08	\N	fabb81dc199e4e9d91576f70c757849f
170	eyJhbGciOiJIUzI1NiIsInR5cCI6IkpXVCJ9.eyJ0b2tlbl90eXBlIjoicmVmcmVzaCIsImV4cCI6MTc0MjI4MDc4MywiaWF0IjoxNzM5Njg4NzgzLCJqdGkiOiIyMTRiZjdlNDhjMzQ0YmJhYTFjNzNlOTBhMjcwODJkYyIsInVzZXJfaWQiOjF9.H6kVUT9tGf8bzMff77vyVvA-cm4Mg3rlbhgeOSVbWGo	\N	2025-03-18 14:53:03+08	\N	214bf7e48c344bbaa1c73e90a27082dc
171	eyJhbGciOiJIUzI1NiIsInR5cCI6IkpXVCJ9.eyJ0b2tlbl90eXBlIjoicmVmcmVzaCIsImV4cCI6MTc0MjI4MDgwNCwiaWF0IjoxNzM5Njg4ODA0LCJqdGkiOiI5MDlkYjRmM2JkNGU0MjU3YjUwZGVlMTkxNDQ3MjMxOCIsInVzZXJfaWQiOjF9.V5M42dYEBZoqp7kyAwA6UUPImYexCquDBrhWQlc0Y2I	\N	2025-03-18 14:53:24+08	\N	909db4f3bd4e4257b50dee1914472318
172	eyJhbGciOiJIUzI1NiIsInR5cCI6IkpXVCJ9.eyJ0b2tlbl90eXBlIjoicmVmcmVzaCIsImV4cCI6MTc0MjI4MDg5OCwiaWF0IjoxNzM5Njg4ODk4LCJqdGkiOiJjMmY1NDE1MGNlZGY0YmFkODE0YzQxNmY0Mjk5NTJkZSIsInVzZXJfaWQiOjF9.8pYbtQoHBiIhiWGIVwsuW4kuQqgsXR8DNbBZ95zAbCs	\N	2025-03-18 14:54:58+08	\N	c2f54150cedf4bad814c416f429952de
173	eyJhbGciOiJIUzI1NiIsInR5cCI6IkpXVCJ9.eyJ0b2tlbl90eXBlIjoicmVmcmVzaCIsImV4cCI6MTc0MjI4MDkwNSwiaWF0IjoxNzM5Njg4OTA1LCJqdGkiOiI1NDAwODI5NTc0ODU0ZTU2OGI1ZjhlOTA1ZmNhM2RhMCIsInVzZXJfaWQiOjF9.Zhl2bVKI0Yld5VLIVGQd9ZXnX0x2XZ2YyoLQQzXONiQ	\N	2025-03-18 14:55:05+08	\N	5400829574854e568b5f8e905fca3da0
174	eyJhbGciOiJIUzI1NiIsInR5cCI6IkpXVCJ9.eyJ0b2tlbl90eXBlIjoicmVmcmVzaCIsImV4cCI6MTc0MjI4MTA3NSwiaWF0IjoxNzM5Njg5MDc1LCJqdGkiOiIzMDAxYjcwMTA0Mzk0YzdhYWIyYTA2OTE5YzExMjE0NCIsInVzZXJfaWQiOjF9.2nyFpw8azrSehhVz4MX2AhYc-vsGWiAR7ClPqVDpANs	\N	2025-03-18 14:57:55+08	\N	3001b70104394c7aab2a06919c112144
175	eyJhbGciOiJIUzI1NiIsInR5cCI6IkpXVCJ9.eyJ0b2tlbl90eXBlIjoicmVmcmVzaCIsImV4cCI6MTc0MjI4MTA4NywiaWF0IjoxNzM5Njg5MDg3LCJqdGkiOiJjMjQ5YjI3NTk2ZTE0MDJkYmRiYTI3Mjc3ZjRkZjQ3NiIsInVzZXJfaWQiOjF9.HnnmKRAJLn5n2bksKJlIb_zwUAzJPhjaJBECWvPp784	\N	2025-03-18 14:58:07+08	\N	c249b27596e1402dbdba27277f4df476
176	eyJhbGciOiJIUzI1NiIsInR5cCI6IkpXVCJ9.eyJ0b2tlbl90eXBlIjoicmVmcmVzaCIsImV4cCI6MTc0MjI4MTA5OCwiaWF0IjoxNzM5Njg5MDk4LCJqdGkiOiI0MDAzMWU3Mzk5ZDM0MjliODE0YTY1YTRlOGNmOWYxZSIsInVzZXJfaWQiOjF9.p89GKSV9796ZpQH8D3zKyVlhEByYo7Yk9JR0ZlF-YQs	\N	2025-03-18 14:58:18+08	\N	40031e7399d3429b814a65a4e8cf9f1e
177	eyJhbGciOiJIUzI1NiIsInR5cCI6IkpXVCJ9.eyJ0b2tlbl90eXBlIjoicmVmcmVzaCIsImV4cCI6MTc0MjI4MTI3NiwiaWF0IjoxNzM5Njg5Mjc2LCJqdGkiOiIyZjliNzFmN2EzYWM0NzhlYmQ1NTA4NDE0MjAwMjk2ZSIsInVzZXJfaWQiOjF9.86bQ5sthTl7SRWVjefdaFoOVV-NrH8eCV_GBiwH-LW0	\N	2025-03-18 15:01:16+08	\N	2f9b71f7a3ac478ebd5508414200296e
178	eyJhbGciOiJIUzI1NiIsInR5cCI6IkpXVCJ9.eyJ0b2tlbl90eXBlIjoicmVmcmVzaCIsImV4cCI6MTc0MjI4MTI5NSwiaWF0IjoxNzM5Njg5Mjk1LCJqdGkiOiIyMDFhNTljNmYyYjU0ZjhhODQ0MjY4MzQ0N2IwZWFlMiIsInVzZXJfaWQiOjF9.Q5LiEj0kBYNVWLi4c8c2DPYNDGEtqPaJhH0rWWIpSCo	\N	2025-03-18 15:01:35+08	\N	201a59c6f2b54f8a8442683447b0eae2
179	eyJhbGciOiJIUzI1NiIsInR5cCI6IkpXVCJ9.eyJ0b2tlbl90eXBlIjoicmVmcmVzaCIsImV4cCI6MTc0MjI4MTUzNywiaWF0IjoxNzM5Njg5NTM3LCJqdGkiOiJhZjQ2Y2IzZDk3NjQ0OWY3OWE5OGYzYzczNGY4MjRmYiIsInVzZXJfaWQiOjF9.zhTibs64hwIyuE0vA0t-6BymSw03EoutAglfZIbpQBk	\N	2025-03-18 15:05:37+08	\N	af46cb3d976449f79a98f3c734f824fb
180	eyJhbGciOiJIUzI1NiIsInR5cCI6IkpXVCJ9.eyJ0b2tlbl90eXBlIjoicmVmcmVzaCIsImV4cCI6MTc0MjI4MTY4NSwiaWF0IjoxNzM5Njg5Njg1LCJqdGkiOiIxMmRhYzI4YjNlNWE0MTllODE5MGE3YTE5YjFkOWE1NyIsInVzZXJfaWQiOjF9.NuWj836zMGGKUOQhy9XijYyjKHmmx0rj_0-XiVu_FAA	\N	2025-03-18 15:08:05+08	\N	12dac28b3e5a419e8190a7a19b1d9a57
181	eyJhbGciOiJIUzI1NiIsInR5cCI6IkpXVCJ9.eyJ0b2tlbl90eXBlIjoicmVmcmVzaCIsImV4cCI6MTc0MjI4MTY5NSwiaWF0IjoxNzM5Njg5Njk1LCJqdGkiOiI5ZDNmNWI0MTU3YTQ0ZTYzODhlNDE5Y2NmMDQzYTExMCIsInVzZXJfaWQiOjF9.dmOsZlMcMrs2OTFqVqQrG0oW_POcUpuYLQWAvDHslao	\N	2025-03-18 15:08:15+08	\N	9d3f5b4157a44e6388e419ccf043a110
182	eyJhbGciOiJIUzI1NiIsInR5cCI6IkpXVCJ9.eyJ0b2tlbl90eXBlIjoicmVmcmVzaCIsImV4cCI6MTc0MjI4MTgzNywiaWF0IjoxNzM5Njg5ODM3LCJqdGkiOiJhZmY1ZTFiMTZjNzI0MzEwYTNkMjQ5Zjk5YWFlZTU4YiIsInVzZXJfaWQiOjF9.xEtPH7NikLkZjkAAE69fUDIRyHv929prPkQMlwiS6fA	\N	2025-03-18 15:10:37+08	\N	aff5e1b16c724310a3d249f99aaee58b
183	eyJhbGciOiJIUzI1NiIsInR5cCI6IkpXVCJ9.eyJ0b2tlbl90eXBlIjoicmVmcmVzaCIsImV4cCI6MTc0MjI4MjAzOCwiaWF0IjoxNzM5NjkwMDM4LCJqdGkiOiJmZDYxNTJjYmRhZjY0NmJlYWE2MmY1YjJmNWJiZjg3YiIsInVzZXJfaWQiOjF9.uW8KIk2sxIYenZizIdyCY2LrPkaDiQr7GyaTlypb1f0	\N	2025-03-18 15:13:58+08	\N	fd6152cbdaf646beaa62f5b2f5bbf87b
184	eyJhbGciOiJIUzI1NiIsInR5cCI6IkpXVCJ9.eyJ0b2tlbl90eXBlIjoicmVmcmVzaCIsImV4cCI6MTc0MjI4MjExOCwiaWF0IjoxNzM5NjkwMTE4LCJqdGkiOiI2MDJlMmUzMjAyYTI0ZDZjYjU5YWJiMzYwNGY0MjFhNyIsInVzZXJfaWQiOjF9.9RvEjrfwP_WBbYHt1m98HEKS05hSHMsbkc18La5PpFY	\N	2025-03-18 15:15:18+08	\N	602e2e3202a24d6cb59abb3604f421a7
185	eyJhbGciOiJIUzI1NiIsInR5cCI6IkpXVCJ9.eyJ0b2tlbl90eXBlIjoicmVmcmVzaCIsImV4cCI6MTc0MjI4MjEzMywiaWF0IjoxNzM5NjkwMTMzLCJqdGkiOiJjMWFiMjk4NTNlMzM0NWFiOGE1OTkzNjJlNDhiYmUyNSIsInVzZXJfaWQiOjF9.ZQFBgRPeO8Csvpz0PtYTqC7SmC1s2zkykSTIrRi6Y_o	\N	2025-03-18 15:15:33+08	\N	c1ab29853e3345ab8a599362e48bbe25
186	eyJhbGciOiJIUzI1NiIsInR5cCI6IkpXVCJ9.eyJ0b2tlbl90eXBlIjoicmVmcmVzaCIsImV4cCI6MTc0MjI4MjE3NiwiaWF0IjoxNzM5NjkwMTc2LCJqdGkiOiJjNTZiMzE4YzIwYjk0MmRkODI5MTQ1NGU2N2E0Nzk0NSIsInVzZXJfaWQiOjF9.S2XUETZXU01c-Bx1oJ0Y5rnWSnQg9woWUjmUZTlMuMQ	\N	2025-03-18 15:16:16+08	\N	c56b318c20b942dd8291454e67a47945
187	eyJhbGciOiJIUzI1NiIsInR5cCI6IkpXVCJ9.eyJ0b2tlbl90eXBlIjoicmVmcmVzaCIsImV4cCI6MTc0MjI4MjE5NywiaWF0IjoxNzM5NjkwMTk3LCJqdGkiOiI2OGU2MDM4NzViZjI0YjJkYjA2N2Q2NzdhN2EwNzMzYyIsInVzZXJfaWQiOjF9.a-xX5pj_ZVq8lQYcArf_O7sDQvO9BJLzFFFpQrvBGfw	\N	2025-03-18 15:16:37+08	\N	68e603875bf24b2db067d677a7a0733c
188	eyJhbGciOiJIUzI1NiIsInR5cCI6IkpXVCJ9.eyJ0b2tlbl90eXBlIjoicmVmcmVzaCIsImV4cCI6MTc0MjI4MjE5OSwiaWF0IjoxNzM5NjkwMTk5LCJqdGkiOiJmODM5MjBhYWJjNGM0YjkyODA1MGFlNzM1ZGVkZDVkNiIsInVzZXJfaWQiOjF9.dupoVaCs0uLlVrvhlVnMChrDH96p2RhdwsH60xqqHJ8	\N	2025-03-18 15:16:39+08	\N	f83920aabc4c4b928050ae735dedd5d6
189	eyJhbGciOiJIUzI1NiIsInR5cCI6IkpXVCJ9.eyJ0b2tlbl90eXBlIjoicmVmcmVzaCIsImV4cCI6MTc0MjI4MjIwNiwiaWF0IjoxNzM5NjkwMjA2LCJqdGkiOiI1Yzc5OTIwN2JhYzk0NWE2OTcyZGU1YjE4NDM3MzJiZiIsInVzZXJfaWQiOjF9.jBfywaRcvH-Yi4qgSHZ59getxMt1pMb7WGY_1hXYwxc	\N	2025-03-18 15:16:46+08	\N	5c799207bac945a6972de5b1843732bf
190	eyJhbGciOiJIUzI1NiIsInR5cCI6IkpXVCJ9.eyJ0b2tlbl90eXBlIjoicmVmcmVzaCIsImV4cCI6MTc0MjI4MjIxNiwiaWF0IjoxNzM5NjkwMjE2LCJqdGkiOiI4ZGUzMjczYzZkNGY0MDZkYTViY2RjNjk2OGU0Y2UzNSIsInVzZXJfaWQiOjF9.3hfZZrDud67LLf5Tk0umizs_JuNSO8NxDzSi3GK94AE	\N	2025-03-18 15:16:56+08	\N	8de3273c6d4f406da5bcdc6968e4ce35
191	eyJhbGciOiJIUzI1NiIsInR5cCI6IkpXVCJ9.eyJ0b2tlbl90eXBlIjoicmVmcmVzaCIsImV4cCI6MTc0MjI4MjI0MSwiaWF0IjoxNzM5NjkwMjQxLCJqdGkiOiJjOTQ0N2ZlZDExYTA0YTQ4YmRiZmU1NzRkNmQ0ZTJiZSIsInVzZXJfaWQiOjF9.SKaS1dI3Bx0tH3_B3QnNBBNLUT5hvXx7-T9Srpnk9ZE	\N	2025-03-18 15:17:21+08	\N	c9447fed11a04a48bdbfe574d6d4e2be
192	eyJhbGciOiJIUzI1NiIsInR5cCI6IkpXVCJ9.eyJ0b2tlbl90eXBlIjoicmVmcmVzaCIsImV4cCI6MTc0MjI4MjI0OSwiaWF0IjoxNzM5NjkwMjQ5LCJqdGkiOiI4Yzc3NjcwOGFhYTA0NDNiYmFlN2MzOTNmZWRjZGJjMyIsInVzZXJfaWQiOjF9.O3sI-JOj7QNh0b8qj7TLBw1vl7evD7cYKQ3_FlLDw6E	\N	2025-03-18 15:17:29+08	\N	8c776708aaa0443bbae7c393fedcdbc3
193	eyJhbGciOiJIUzI1NiIsInR5cCI6IkpXVCJ9.eyJ0b2tlbl90eXBlIjoicmVmcmVzaCIsImV4cCI6MTc0MjI4MjI1NiwiaWF0IjoxNzM5NjkwMjU2LCJqdGkiOiI1NGNjNmZkNGQ0MmM0MGQ5YmI3ZTNjNGYxZmIwMjkzNCIsInVzZXJfaWQiOjF9.GPKarUVcOALL9R79KT4bUQiqYEwBedfb-qKLLH4hzy4	\N	2025-03-18 15:17:36+08	\N	54cc6fd4d42c40d9bb7e3c4f1fb02934
194	eyJhbGciOiJIUzI1NiIsInR5cCI6IkpXVCJ9.eyJ0b2tlbl90eXBlIjoicmVmcmVzaCIsImV4cCI6MTc0MjI4MjI4OSwiaWF0IjoxNzM5NjkwMjg5LCJqdGkiOiIxMTMxM2ZjZjNkZGE0NzJiODljMmIzZGU4NmY5YmY3ZCIsInVzZXJfaWQiOjF9.or2gBbIsDsGMqIGsfM-nKz-t7ta3mEOKVr57oaiyk3k	\N	2025-03-18 15:18:09+08	\N	11313fcf3dda472b89c2b3de86f9bf7d
195	eyJhbGciOiJIUzI1NiIsInR5cCI6IkpXVCJ9.eyJ0b2tlbl90eXBlIjoicmVmcmVzaCIsImV4cCI6MTc0MjI4MjI5OCwiaWF0IjoxNzM5NjkwMjk4LCJqdGkiOiI0MjRmMTVmM2FlNmQ0MDE1OGYxYTY1YjczMDdmYTRjYSIsInVzZXJfaWQiOjF9.9CjPjbNWfJIBY8Gx1WKg7motcHf5CwHTBqWIcraqFRY	\N	2025-03-18 15:18:18+08	\N	424f15f3ae6d40158f1a65b7307fa4ca
196	eyJhbGciOiJIUzI1NiIsInR5cCI6IkpXVCJ9.eyJ0b2tlbl90eXBlIjoicmVmcmVzaCIsImV4cCI6MTc0MjI4MjMwOCwiaWF0IjoxNzM5NjkwMzA4LCJqdGkiOiI5MDEwNzMyMDM5YTI0NmNjYWJiMzZiZDExMWRhZDIwNyIsInVzZXJfaWQiOjF9.3eGfdM99IyAbSx4jXEM0VMnAQOM9MpMwNof7eFMQ7gw	\N	2025-03-18 15:18:28+08	\N	9010732039a246ccabb36bd111dad207
197	eyJhbGciOiJIUzI1NiIsInR5cCI6IkpXVCJ9.eyJ0b2tlbl90eXBlIjoicmVmcmVzaCIsImV4cCI6MTc0MjI4MjMxNiwiaWF0IjoxNzM5NjkwMzE2LCJqdGkiOiJjMDhhM2NjNzBiYWQ0YTYxOWZiYTQzMjAzNTBjNWVjZSIsInVzZXJfaWQiOjF9._sT4Xhiq8o0xvF4b7a-2Hysb_OYFcOPGCB1c02yOsMA	\N	2025-03-18 15:18:36+08	\N	c08a3cc70bad4a619fba4320350c5ece
198	eyJhbGciOiJIUzI1NiIsInR5cCI6IkpXVCJ9.eyJ0b2tlbl90eXBlIjoicmVmcmVzaCIsImV4cCI6MTc0MjI4MjMyNCwiaWF0IjoxNzM5NjkwMzI0LCJqdGkiOiJlNDZhMjc4OTMzMzY0OTQzOWI0MjEzYTgyNTIzNDg4ZSIsInVzZXJfaWQiOjF9._8U2qxFBZp0NqQv6kQ2kcjak9GY9II9J0Jyr1QSOkCs	\N	2025-03-18 15:18:44+08	\N	e46a2789333649439b4213a82523488e
199	eyJhbGciOiJIUzI1NiIsInR5cCI6IkpXVCJ9.eyJ0b2tlbl90eXBlIjoicmVmcmVzaCIsImV4cCI6MTc0MjI4MjMzOCwiaWF0IjoxNzM5NjkwMzM4LCJqdGkiOiIwZDNlZTFkOThhY2M0NjE2YTc0YTI4MWI0NTJjMThlOSIsInVzZXJfaWQiOjF9.QY3S7YarHIhtUGeaKNk-bgxKWrVWfC1FTrEL8it7-W4	\N	2025-03-18 15:18:58+08	\N	0d3ee1d98acc4616a74a281b452c18e9
200	eyJhbGciOiJIUzI1NiIsInR5cCI6IkpXVCJ9.eyJ0b2tlbl90eXBlIjoicmVmcmVzaCIsImV4cCI6MTc0MjI4MjM0NiwiaWF0IjoxNzM5NjkwMzQ2LCJqdGkiOiI1N2ZmM2Q5MGVmMGQ0MjI4OGFiYjI1MzA3M2ZmMDBjOSIsInVzZXJfaWQiOjF9.wLlk8r1qnK6kcA36hmLl0N1Gqd6QWY3K9g75KUZfPTM	\N	2025-03-18 15:19:06+08	\N	57ff3d90ef0d42288abb253073ff00c9
201	eyJhbGciOiJIUzI1NiIsInR5cCI6IkpXVCJ9.eyJ0b2tlbl90eXBlIjoicmVmcmVzaCIsImV4cCI6MTc0MjI4MjM2MiwiaWF0IjoxNzM5NjkwMzYyLCJqdGkiOiIwODU2ZTUyY2IyOTY0MGExOWE2Y2U1Mzk0MTFhYjdjZCIsInVzZXJfaWQiOjF9.T7DvrQAirFlrtukzUrQXvTvf3zEdSUBwXEKq6ZWWQUg	\N	2025-03-18 15:19:22+08	\N	0856e52cb29640a19a6ce539411ab7cd
202	eyJhbGciOiJIUzI1NiIsInR5cCI6IkpXVCJ9.eyJ0b2tlbl90eXBlIjoicmVmcmVzaCIsImV4cCI6MTc0MjI4MjM3MCwiaWF0IjoxNzM5NjkwMzcwLCJqdGkiOiJjZGU4Mzk0YTQyNDU0MzNkOWM5OTRmNjhiZjhiMzc1YSIsInVzZXJfaWQiOjF9.m_uMsN2fwn_w8Y2GPb-xulvKAttDi2dxCuzGQOOff4E	\N	2025-03-18 15:19:30+08	\N	cde8394a4245433d9c994f68bf8b375a
203	eyJhbGciOiJIUzI1NiIsInR5cCI6IkpXVCJ9.eyJ0b2tlbl90eXBlIjoicmVmcmVzaCIsImV4cCI6MTc0MjI4MjQwMywiaWF0IjoxNzM5NjkwNDAzLCJqdGkiOiI2YzY4MTNjYTljODA0OTNkODk5OTJlNWQwNDk5MmRmMyIsInVzZXJfaWQiOjF9.ag6N-T6lxjDVP7odrmI0LbVP6FRwFm9bTpLYv1Q0SRQ	\N	2025-03-18 15:20:03+08	\N	6c6813ca9c80493d89992e5d04992df3
204	eyJhbGciOiJIUzI1NiIsInR5cCI6IkpXVCJ9.eyJ0b2tlbl90eXBlIjoicmVmcmVzaCIsImV4cCI6MTc0MjI4MjQxNSwiaWF0IjoxNzM5NjkwNDE1LCJqdGkiOiJiNGM0NzFjNTcxZjE0NDY5YmY1ZTE1NTliZDk1OTBmMyIsInVzZXJfaWQiOjF9.KxJhnaKwI1sJMtu3JAeuWUJTx96sBgl3oPu35mfbdLU	\N	2025-03-18 15:20:15+08	\N	b4c471c571f14469bf5e1559bd9590f3
205	eyJhbGciOiJIUzI1NiIsInR5cCI6IkpXVCJ9.eyJ0b2tlbl90eXBlIjoicmVmcmVzaCIsImV4cCI6MTc0MjI4MjQzMCwiaWF0IjoxNzM5NjkwNDMwLCJqdGkiOiI5NWE2MTc0OTJhZWY0YzQ0Yjk5MzEyMjFmZWNiOWIwYiIsInVzZXJfaWQiOjF9.oT0RMzb06kFlIJH2Ht9kcnqY3Pa7jCYKGC-NMoc06X0	\N	2025-03-18 15:20:30+08	\N	95a617492aef4c44b9931221fecb9b0b
206	eyJhbGciOiJIUzI1NiIsInR5cCI6IkpXVCJ9.eyJ0b2tlbl90eXBlIjoicmVmcmVzaCIsImV4cCI6MTc0MjI4MjQ0MCwiaWF0IjoxNzM5NjkwNDQwLCJqdGkiOiI2OWVjOTk4MjIyOTc0ZWI4YjUyY2Y3NjhjNDZlZjNkZCIsInVzZXJfaWQiOjF9.PATugm3j0cLIOXsWQoc7ritimvn3F-tfC22Fw6jabos	\N	2025-03-18 15:20:40+08	\N	69ec998222974eb8b52cf768c46ef3dd
207	eyJhbGciOiJIUzI1NiIsInR5cCI6IkpXVCJ9.eyJ0b2tlbl90eXBlIjoicmVmcmVzaCIsImV4cCI6MTc0MjI4MjU1OSwiaWF0IjoxNzM5NjkwNTU5LCJqdGkiOiIwNzcyYWY1NDZiMTY0YTQ4YmIwNjZmNzU0NWZmMjIxYiIsInVzZXJfaWQiOjF9.bSW5LyFhP30UDHcTT8JgruJPtDDJW-GyzvIDl93gIco	\N	2025-03-18 15:22:39+08	\N	0772af546b164a48bb066f7545ff221b
208	eyJhbGciOiJIUzI1NiIsInR5cCI6IkpXVCJ9.eyJ0b2tlbl90eXBlIjoicmVmcmVzaCIsImV4cCI6MTc0MjI4MjU2NiwiaWF0IjoxNzM5NjkwNTY2LCJqdGkiOiJmYWUwZjAzOTdmNzU0MGU3YTNlN2I1MTAyM2U3ZjNmZiIsInVzZXJfaWQiOjF9.O84t8t7IuFW78MBu7_9VlkRqOEeBH_g5uNxYlm1VeG8	\N	2025-03-18 15:22:46+08	\N	fae0f0397f7540e7a3e7b51023e7f3ff
209	eyJhbGciOiJIUzI1NiIsInR5cCI6IkpXVCJ9.eyJ0b2tlbl90eXBlIjoicmVmcmVzaCIsImV4cCI6MTc0MjI4Mjc1MywiaWF0IjoxNzM5NjkwNzUzLCJqdGkiOiIyY2YyOTkyNTJjZWY0NjI1YWRjY2U4NzFiNDZmN2Y3MCIsInVzZXJfaWQiOjF9.Xo0NYZ0hvirPq-Dzwz17-yJtZP5QC2FhBwzxDx04gkc	\N	2025-03-18 15:25:53+08	\N	2cf299252cef4625adcce871b46f7f70
210	eyJhbGciOiJIUzI1NiIsInR5cCI6IkpXVCJ9.eyJ0b2tlbl90eXBlIjoicmVmcmVzaCIsImV4cCI6MTc0MjI4Mjg4NywiaWF0IjoxNzM5NjkwODg3LCJqdGkiOiI5MWNhN2Y2OTdkM2Q0NDkzOTM1NDE3NzFlNDAyYjBhYSIsInVzZXJfaWQiOjF9.SFhYoqAGm8benqVI2OrhAyqdesmOcmnN9SoY8LFt0UE	\N	2025-03-18 15:28:07+08	\N	91ca7f697d3d449393541771e402b0aa
211	eyJhbGciOiJIUzI1NiIsInR5cCI6IkpXVCJ9.eyJ0b2tlbl90eXBlIjoicmVmcmVzaCIsImV4cCI6MTc0MjI4MzAxNywiaWF0IjoxNzM5NjkxMDE3LCJqdGkiOiJlMDZjN2ZkMWJmMzU0YWJhYjJiMzMzZTA5ODU5OGI3OCIsInVzZXJfaWQiOjF9.wQDcokI4Np46tuBBvxeGZM4bnMPpYt3HRuF_bGJvHec	\N	2025-03-18 15:30:17+08	\N	e06c7fd1bf354abab2b333e098598b78
212	eyJhbGciOiJIUzI1NiIsInR5cCI6IkpXVCJ9.eyJ0b2tlbl90eXBlIjoicmVmcmVzaCIsImV4cCI6MTc0MjI4MzA3NCwiaWF0IjoxNzM5NjkxMDc0LCJqdGkiOiJhMjExMTdjZmJhNDQ0ZDI4ODE2NzQ3Mzk2ZGExYmY1YiIsInVzZXJfaWQiOjF9.bcxbpgYgX11wAZRJBKGoqML4Ysg3rwoJDW7MQFmipvA	\N	2025-03-18 15:31:14+08	\N	a21117cfba444d28816747396da1bf5b
213	eyJhbGciOiJIUzI1NiIsInR5cCI6IkpXVCJ9.eyJ0b2tlbl90eXBlIjoicmVmcmVzaCIsImV4cCI6MTc0MjI4MzA4MiwiaWF0IjoxNzM5NjkxMDgyLCJqdGkiOiI5MjhlYjhiMzc2MDQ0ZTYwYmU5MjNjNGU2NDQyOTVhMCIsInVzZXJfaWQiOjF9.aDOHm-DMxmjerqYInIADr1KybJ3j6sHHEAjLTtITxt0	\N	2025-03-18 15:31:22+08	\N	928eb8b376044e60be923c4e644295a0
214	eyJhbGciOiJIUzI1NiIsInR5cCI6IkpXVCJ9.eyJ0b2tlbl90eXBlIjoicmVmcmVzaCIsImV4cCI6MTc0MjI4MzEwMSwiaWF0IjoxNzM5NjkxMTAxLCJqdGkiOiJhNTYyNWIwOTkyNjA0OTA0YjNhMzU5MWZmYzY2NzVlZCIsInVzZXJfaWQiOjF9.bmCVAAsPYiDr9sghJ0rPWTj4N1CMcgo1oXcqe2DGAq0	\N	2025-03-18 15:31:41+08	\N	a5625b0992604904b3a3591ffc6675ed
215	eyJhbGciOiJIUzI1NiIsInR5cCI6IkpXVCJ9.eyJ0b2tlbl90eXBlIjoicmVmcmVzaCIsImV4cCI6MTc0MjI4MzExNCwiaWF0IjoxNzM5NjkxMTE0LCJqdGkiOiI1YTAyMDcyNzJjMjE0NjdmYjFlODE4NjI4NjIwYzQ3NCIsInVzZXJfaWQiOjF9.UUAZBSdOxAnLPWDUK9WmErRP-Q7xgS95q6uP8TvU6NU	\N	2025-03-18 15:31:54+08	\N	5a0207272c21467fb1e818628620c474
216	eyJhbGciOiJIUzI1NiIsInR5cCI6IkpXVCJ9.eyJ0b2tlbl90eXBlIjoicmVmcmVzaCIsImV4cCI6MTc0MjI4MzEyNCwiaWF0IjoxNzM5NjkxMTI0LCJqdGkiOiJhYTk0NzBjNzUwZGI0ZmJiOGI3YjY2MWJlYjdiMWQwYiIsInVzZXJfaWQiOjF9.KyiM6zTvs0hqiULDoZmfGtXvHDX-aW1NqRHP0P9TJu4	\N	2025-03-18 15:32:04+08	\N	aa9470c750db4fbb8b7b661beb7b1d0b
217	eyJhbGciOiJIUzI1NiIsInR5cCI6IkpXVCJ9.eyJ0b2tlbl90eXBlIjoicmVmcmVzaCIsImV4cCI6MTc0MjI4MzE0MCwiaWF0IjoxNzM5NjkxMTQwLCJqdGkiOiJjMTAyMTEyOGUxNGI0NGNhYWVlOGQyZGY1OTJkNmU3NiIsInVzZXJfaWQiOjF9.A9xX9UjRhviWYNYfBActOdVc5f2xyIem2b-fMNhSAzE	\N	2025-03-18 15:32:20+08	\N	c1021128e14b44caaee8d2df592d6e76
218	eyJhbGciOiJIUzI1NiIsInR5cCI6IkpXVCJ9.eyJ0b2tlbl90eXBlIjoicmVmcmVzaCIsImV4cCI6MTc0MjI4MzMzMSwiaWF0IjoxNzM5NjkxMzMxLCJqdGkiOiI2ZTdhMWI0OTgxNTY0ZTU0YmZhYzk3MmJkYjlmNWE5NiIsInVzZXJfaWQiOjF9.DE-XGCubD0d1aXfje8gGJICJpkhvVtQLpecL9ZHQQ28	\N	2025-03-18 15:35:31+08	\N	6e7a1b4981564e54bfac972bdb9f5a96
219	eyJhbGciOiJIUzI1NiIsInR5cCI6IkpXVCJ9.eyJ0b2tlbl90eXBlIjoicmVmcmVzaCIsImV4cCI6MTc0MjI4MzM3MiwiaWF0IjoxNzM5NjkxMzcyLCJqdGkiOiIxNjY3MTI1NWRmYmE0MTMyOTg0OWNkYmFlOTA4MmQ1ZSIsInVzZXJfaWQiOjF9.P6BWDve9RoDFCBE3FqqchhaKOFnV9yCJ5yDWxjI8wvw	\N	2025-03-18 15:36:12+08	\N	16671255dfba41329849cdbae9082d5e
220	eyJhbGciOiJIUzI1NiIsInR5cCI6IkpXVCJ9.eyJ0b2tlbl90eXBlIjoicmVmcmVzaCIsImV4cCI6MTc0MjI4MzM4MCwiaWF0IjoxNzM5NjkxMzgwLCJqdGkiOiIwMWExZDI2NTgxMGU0Y2FiYmYxZTNhY2ExMzQyMDU1NiIsInVzZXJfaWQiOjF9.6CGXsWE2ocAHu2b3S_AP4awucfKBpcmjPc__21W6SB4	\N	2025-03-18 15:36:20+08	\N	01a1d265810e4cabbf1e3aca13420556
221	eyJhbGciOiJIUzI1NiIsInR5cCI6IkpXVCJ9.eyJ0b2tlbl90eXBlIjoicmVmcmVzaCIsImV4cCI6MTc0MjI4MzQ0NiwiaWF0IjoxNzM5NjkxNDQ2LCJqdGkiOiIyYjExMzdlZTMyMDc0YzM0YTU3MmQ4MTIyOWViMGM0ZiIsInVzZXJfaWQiOjF9.BYKBkxk7zfVQEKzvomz2F2WLBEuWF4NUGb9OjNYQ0Hc	\N	2025-03-18 15:37:26+08	\N	2b1137ee32074c34a572d81229eb0c4f
222	eyJhbGciOiJIUzI1NiIsInR5cCI6IkpXVCJ9.eyJ0b2tlbl90eXBlIjoicmVmcmVzaCIsImV4cCI6MTc0MjI4MzQ4OSwiaWF0IjoxNzM5NjkxNDg5LCJqdGkiOiI0YmRjOTc3NzYxNTA0NDk2OGViNmE5MTkwMmVhZWU0YSIsInVzZXJfaWQiOjF9.TCg8GGjJ5g6rxO3i3oZlLUP0kt4UcJx77XYMX987L3U	\N	2025-03-18 15:38:09+08	\N	4bdc9777615044968eb6a91902eaee4a
223	eyJhbGciOiJIUzI1NiIsInR5cCI6IkpXVCJ9.eyJ0b2tlbl90eXBlIjoicmVmcmVzaCIsImV4cCI6MTc0MjI4Mzc2NywiaWF0IjoxNzM5NjkxNzY3LCJqdGkiOiJjYWUyNzUzNGYyNmU0MGY2OWZmYzYwNjM5NDdhN2I0NSIsInVzZXJfaWQiOjF9.WDREXguxCl5pWUKsPSgEUrSsZKSDA_sTyLTEvodirfU	\N	2025-03-18 15:42:47+08	\N	cae27534f26e40f69ffc6063947a7b45
224	eyJhbGciOiJIUzI1NiIsInR5cCI6IkpXVCJ9.eyJ0b2tlbl90eXBlIjoicmVmcmVzaCIsImV4cCI6MTc0MjI4NDQ2MiwiaWF0IjoxNzM5NjkyNDYyLCJqdGkiOiIzMGQ0YWFkNzc0MDA0ODhjOWFiZmJmZmZlNTQwMmUwMCIsInVzZXJfaWQiOjF9.m_ZFIweU7NFr6yR-bezZtnuwrDPRkb1Zai32A4_2urc	\N	2025-03-18 15:54:22+08	\N	30d4aad77400488c9abfbfffe5402e00
225	eyJhbGciOiJIUzI1NiIsInR5cCI6IkpXVCJ9.eyJ0b2tlbl90eXBlIjoicmVmcmVzaCIsImV4cCI6MTc0MjI4NDc1NiwiaWF0IjoxNzM5NjkyNzU2LCJqdGkiOiI4MDg1MTJiYTlmYzE0OWQxYTA5MTkyMzAxNTlhMWI1MSIsInVzZXJfaWQiOjF9.Gg8st-Uwj544vQecbOF-eiADQZPHdxDnSjH7W1RCIX4	\N	2025-03-18 15:59:16+08	\N	808512ba9fc149d1a0919230159a1b51
226	eyJhbGciOiJIUzI1NiIsInR5cCI6IkpXVCJ9.eyJ0b2tlbl90eXBlIjoicmVmcmVzaCIsImV4cCI6MTc0MjI4NDc2NywiaWF0IjoxNzM5NjkyNzY3LCJqdGkiOiI5ZDM0MWE4YzE5ZTY0ZGI4YTMxMzE3YTZiYjIzYWQ5MCIsInVzZXJfaWQiOjF9.zp1zGw1b44P_aCPF1oWN9cG4IrR5CGSJ5iozcAFtWt4	\N	2025-03-18 15:59:27+08	\N	9d341a8c19e64db8a31317a6bb23ad90
227	eyJhbGciOiJIUzI1NiIsInR5cCI6IkpXVCJ9.eyJ0b2tlbl90eXBlIjoicmVmcmVzaCIsImV4cCI6MTc0MjI4NDc4MiwiaWF0IjoxNzM5NjkyNzgyLCJqdGkiOiI1YmRmYWYzODE3MDU0OTI3YWM4OWYxNGQwYjFiNDA0NSIsInVzZXJfaWQiOjF9.Q39sB1LSrqh29F1gFa4hnDQJHOX9XUxGejUXhpBVi00	\N	2025-03-18 15:59:42+08	\N	5bdfaf3817054927ac89f14d0b1b4045
228	eyJhbGciOiJIUzI1NiIsInR5cCI6IkpXVCJ9.eyJ0b2tlbl90eXBlIjoicmVmcmVzaCIsImV4cCI6MTc0MjI4NDg4MiwiaWF0IjoxNzM5NjkyODgyLCJqdGkiOiIxOWQxNTY3YzMyZmI0YzIwYmQxYWViYzllNzI5NjhlYyIsInVzZXJfaWQiOjF9.u0eNfbZ1Pm48S8f24RjnU-wETLGOrdNsE3waV4p6Qwc	\N	2025-03-18 16:01:22+08	\N	19d1567c32fb4c20bd1aebc9e72968ec
229	eyJhbGciOiJIUzI1NiIsInR5cCI6IkpXVCJ9.eyJ0b2tlbl90eXBlIjoicmVmcmVzaCIsImV4cCI6MTc0MjI4NDkwMSwiaWF0IjoxNzM5NjkyOTAxLCJqdGkiOiI5NjU3MWU3YWVjNDc0M2YwOTFmZTJjODdiZjQyNmJlMCIsInVzZXJfaWQiOjF9.blXr0V3JhvWzZybrQFDm8SEWob2BidYQr3ElJMlHLGI	\N	2025-03-18 16:01:41+08	\N	96571e7aec4743f091fe2c87bf426be0
230	eyJhbGciOiJIUzI1NiIsInR5cCI6IkpXVCJ9.eyJ0b2tlbl90eXBlIjoicmVmcmVzaCIsImV4cCI6MTc0MjI4NDkyOCwiaWF0IjoxNzM5NjkyOTI4LCJqdGkiOiIzOWJhNTRhOWRlMGM0NDc5ODBmMjJlYTYwOWJlYzk5ZCIsInVzZXJfaWQiOjF9.kFklL0mkEOKDy2FKswNOD_BlHvrdEYQLDRf7AkPPh0A	\N	2025-03-18 16:02:08+08	\N	39ba54a9de0c447980f22ea609bec99d
231	eyJhbGciOiJIUzI1NiIsInR5cCI6IkpXVCJ9.eyJ0b2tlbl90eXBlIjoicmVmcmVzaCIsImV4cCI6MTc0MjI4NTAwNiwiaWF0IjoxNzM5NjkzMDA2LCJqdGkiOiIxZDVlMGE5YzViMzU0MDY3OWJkZGY4ODY2MDMxMmZkNiIsInVzZXJfaWQiOjF9.5E_T75sTKF4pGrhgaQ5rICc4LGPhgPnl5w3XGSELKVE	\N	2025-03-18 16:03:26+08	\N	1d5e0a9c5b3540679bddf88660312fd6
232	eyJhbGciOiJIUzI1NiIsInR5cCI6IkpXVCJ9.eyJ0b2tlbl90eXBlIjoicmVmcmVzaCIsImV4cCI6MTc0MjI4NTAyOCwiaWF0IjoxNzM5NjkzMDI4LCJqdGkiOiIwODVmZGIyNzg3ZGM0ZGQyOTMwOWI2MDI4M2RiOThiZiIsInVzZXJfaWQiOjF9.1Vm7k4PGHNbF_qzIK7JGwHvqCyO24Jhp0JgtRSeKlj0	\N	2025-03-18 16:03:48+08	\N	085fdb2787dc4dd29309b60283db98bf
233	eyJhbGciOiJIUzI1NiIsInR5cCI6IkpXVCJ9.eyJ0b2tlbl90eXBlIjoicmVmcmVzaCIsImV4cCI6MTc0MjI4NTExMywiaWF0IjoxNzM5NjkzMTEzLCJqdGkiOiJmNTJmYjg2YWM3OTY0OGQ1OTU1OTVkNWFlNzVkNmI0MiIsInVzZXJfaWQiOjF9.UWYDmORBwelUWG104d8yB3-VaUzn4M58Tf_WSPv2g4M	\N	2025-03-18 16:05:13+08	\N	f52fb86ac79648d595595d5ae75d6b42
234	eyJhbGciOiJIUzI1NiIsInR5cCI6IkpXVCJ9.eyJ0b2tlbl90eXBlIjoicmVmcmVzaCIsImV4cCI6MTc0MjI4NTEyNSwiaWF0IjoxNzM5NjkzMTI1LCJqdGkiOiIwODJiMmYyMjQyZjA0YTdmODE3NmVjNmIxZDcxNjZhZiIsInVzZXJfaWQiOjF9.36lRl81OitB-1LVHhG723i0vVyOGb2fEFSEpzu7y8Eo	\N	2025-03-18 16:05:25+08	\N	082b2f2242f04a7f8176ec6b1d7166af
235	eyJhbGciOiJIUzI1NiIsInR5cCI6IkpXVCJ9.eyJ0b2tlbl90eXBlIjoicmVmcmVzaCIsImV4cCI6MTc0MjI4NTEzOCwiaWF0IjoxNzM5NjkzMTM4LCJqdGkiOiI5YmQ3Yzc5OTVlODE0YWNhYmRhMzllYTY1NDExYjJjOCIsInVzZXJfaWQiOjF9.GWtEsua0zcau8W1eF-X6jhIiD_yE7xzMCjDfhZ7wYbM	\N	2025-03-18 16:05:38+08	\N	9bd7c7995e814acabda39ea65411b2c8
236	eyJhbGciOiJIUzI1NiIsInR5cCI6IkpXVCJ9.eyJ0b2tlbl90eXBlIjoicmVmcmVzaCIsImV4cCI6MTc0MjI4NTE3MiwiaWF0IjoxNzM5NjkzMTcyLCJqdGkiOiI2OWQ1Yzc1YzQ3NmM0YWMyOTY5NjEwMmRhNDcwNTMxNyIsInVzZXJfaWQiOjF9.jVXuIFpddgE0O370gbC05QdkPb96M3paJ6CIjW-j2HM	\N	2025-03-18 16:06:12+08	\N	69d5c75c476c4ac29696102da4705317
237	eyJhbGciOiJIUzI1NiIsInR5cCI6IkpXVCJ9.eyJ0b2tlbl90eXBlIjoicmVmcmVzaCIsImV4cCI6MTc0MjI4NTE3NiwiaWF0IjoxNzM5NjkzMTc2LCJqdGkiOiI5ZmFkY2RiYTI4MTk0NzJmOTUxZjM2Mjg2OWUzYjU5NiIsInVzZXJfaWQiOjF9.VrT_XMteCVbbtdlj8ACWnzNcQbLHOJT8I4AkP1nrkfA	\N	2025-03-18 16:06:16+08	\N	9fadcdba2819472f951f362869e3b596
238	eyJhbGciOiJIUzI1NiIsInR5cCI6IkpXVCJ9.eyJ0b2tlbl90eXBlIjoicmVmcmVzaCIsImV4cCI6MTc0MjI4NTE4NiwiaWF0IjoxNzM5NjkzMTg2LCJqdGkiOiI5YTVhNDk1YmMzNWM0MDA3YjczMGUzMzg4OGM0YWVlOCIsInVzZXJfaWQiOjF9.OwCKJ4qFSb920678sym7s8qUPOlTEiYhjLuNrZLjvGA	\N	2025-03-18 16:06:26+08	\N	9a5a495bc35c4007b730e33888c4aee8
239	eyJhbGciOiJIUzI1NiIsInR5cCI6IkpXVCJ9.eyJ0b2tlbl90eXBlIjoicmVmcmVzaCIsImV4cCI6MTc0MjI4NTIzNSwiaWF0IjoxNzM5NjkzMjM1LCJqdGkiOiIyYzM2NTcxYTNkYzE0YTUxODBhODk0MmQ2YmUxYWUwYyIsInVzZXJfaWQiOjF9.R8ZeZv4QS7ACeCzrW1P1IzsAN9HSHohP5WVAH3Rl68U	\N	2025-03-18 16:07:15+08	\N	2c36571a3dc14a5180a8942d6be1ae0c
240	eyJhbGciOiJIUzI1NiIsInR5cCI6IkpXVCJ9.eyJ0b2tlbl90eXBlIjoicmVmcmVzaCIsImV4cCI6MTc0MjI4NTI0MywiaWF0IjoxNzM5NjkzMjQzLCJqdGkiOiJhZTk3ZjM3OWQ1MGY0ZWZmOTcxYWUyYWI2M2ZmMTIwMCIsInVzZXJfaWQiOjF9.wDxZQpJ_Flu4ddBhwKUYUaSscoHf_wLF0DTwt-IISl8	\N	2025-03-18 16:07:23+08	\N	ae97f379d50f4eff971ae2ab63ff1200
241	eyJhbGciOiJIUzI1NiIsInR5cCI6IkpXVCJ9.eyJ0b2tlbl90eXBlIjoicmVmcmVzaCIsImV4cCI6MTc0MjI4NTI2NywiaWF0IjoxNzM5NjkzMjY3LCJqdGkiOiI2ZWQ2ODFkMzI3YTQ0ZjM2YTU3YTdmOTIzYjczNGE4ZiIsInVzZXJfaWQiOjF9.mLH6DYk9uDevqpjM4U2pO_lmVNogoR7LLQgBKREvcKo	\N	2025-03-18 16:07:47+08	\N	6ed681d327a44f36a57a7f923b734a8f
242	eyJhbGciOiJIUzI1NiIsInR5cCI6IkpXVCJ9.eyJ0b2tlbl90eXBlIjoicmVmcmVzaCIsImV4cCI6MTc0MjI4NTI4MiwiaWF0IjoxNzM5NjkzMjgyLCJqdGkiOiI1OTA2N2E1N2IyYWU0MWMwYTM4ZDg0ZDY5NzU4M2JiNSIsInVzZXJfaWQiOjF9.R6GM9B65YrD90IeACaqrHd7uJDyctVVkv5oMOLigN_4	\N	2025-03-18 16:08:02+08	\N	59067a57b2ae41c0a38d84d697583bb5
243	eyJhbGciOiJIUzI1NiIsInR5cCI6IkpXVCJ9.eyJ0b2tlbl90eXBlIjoicmVmcmVzaCIsImV4cCI6MTc0MjI4NTI5NywiaWF0IjoxNzM5NjkzMjk3LCJqdGkiOiI3Y2NlNjg3M2JmZWU0M2ExOTlhMjlmYmQ0YWZkYzZkMiIsInVzZXJfaWQiOjF9.g6zowQ36n3ngBphGk1A0iJQ82vRD_657bLRMiuLm5Ys	\N	2025-03-18 16:08:17+08	\N	7cce6873bfee43a199a29fbd4afdc6d2
244	eyJhbGciOiJIUzI1NiIsInR5cCI6IkpXVCJ9.eyJ0b2tlbl90eXBlIjoicmVmcmVzaCIsImV4cCI6MTc0MjI4NTMwNiwiaWF0IjoxNzM5NjkzMzA2LCJqdGkiOiIxZTk4OWQ1MTA2MjA0MmI4OGM1Zjc3MzU3OTlmYjM3NCIsInVzZXJfaWQiOjF9.zciurDuTNEjlXg_GU-hBlLG11my-AMBn5p6pPs6a4d4	\N	2025-03-18 16:08:26+08	\N	1e989d51062042b88c5f7735799fb374
245	eyJhbGciOiJIUzI1NiIsInR5cCI6IkpXVCJ9.eyJ0b2tlbl90eXBlIjoicmVmcmVzaCIsImV4cCI6MTc0MjI4NTMyMCwiaWF0IjoxNzM5NjkzMzIwLCJqdGkiOiI5NmRhNGZiODgyODU0MjJhYTM1NzM1M2ZkOTA5MmRmNCIsInVzZXJfaWQiOjF9.ED7LB7RW_WY6F54HZ5_wKVbn6jRA09_EplACTrQdJFo	\N	2025-03-18 16:08:40+08	\N	96da4fb88285422aa357353fd9092df4
246	eyJhbGciOiJIUzI1NiIsInR5cCI6IkpXVCJ9.eyJ0b2tlbl90eXBlIjoicmVmcmVzaCIsImV4cCI6MTc0MjI4NTMzNSwiaWF0IjoxNzM5NjkzMzM1LCJqdGkiOiI1NDliZDkyZjQ0NDU0ZmI4YWMwNzBiMDI3NTUyZjAwZSIsInVzZXJfaWQiOjF9.084nxNLQGprCoPDpnxK7JKwBDTifoLw5Qqexk3aEQpg	\N	2025-03-18 16:08:55+08	\N	549bd92f44454fb8ac070b027552f00e
247	eyJhbGciOiJIUzI1NiIsInR5cCI6IkpXVCJ9.eyJ0b2tlbl90eXBlIjoicmVmcmVzaCIsImV4cCI6MTc0MjI4NTM0NywiaWF0IjoxNzM5NjkzMzQ3LCJqdGkiOiJjMzc0NzQwMmZiM2Y0YzIzYjA5YzQwNzllM2Y5OWUyOSIsInVzZXJfaWQiOjF9.xe6TN34DEdctD73r3mNRsfP5b-qDQTVsevqjXY8R3w8	\N	2025-03-18 16:09:07+08	\N	c3747402fb3f4c23b09c4079e3f99e29
248	eyJhbGciOiJIUzI1NiIsInR5cCI6IkpXVCJ9.eyJ0b2tlbl90eXBlIjoicmVmcmVzaCIsImV4cCI6MTc0MjI4NTM1OCwiaWF0IjoxNzM5NjkzMzU4LCJqdGkiOiJhNTNlNmFkZTlmMWU0MDAwYmNiYmZhODBkNTkzM2QwYiIsInVzZXJfaWQiOjF9.0dcB6Wdo1PSOEcDvn2cpxnPFrl-J1c7ZVgcux-gUwps	\N	2025-03-18 16:09:18+08	\N	a53e6ade9f1e4000bcbbfa80d5933d0b
249	eyJhbGciOiJIUzI1NiIsInR5cCI6IkpXVCJ9.eyJ0b2tlbl90eXBlIjoicmVmcmVzaCIsImV4cCI6MTc0MjI4NTM3MCwiaWF0IjoxNzM5NjkzMzcwLCJqdGkiOiI2YjlmNmQ3Y2EyYzE0N2JmYmUwYzg3YTFiN2NkMzhiMiIsInVzZXJfaWQiOjF9.yzre8gwcmUPZTQ6wCa4Ww96g3GTsAVC_Q-1xXXpuTIo	\N	2025-03-18 16:09:30+08	\N	6b9f6d7ca2c147bfbe0c87a1b7cd38b2
250	eyJhbGciOiJIUzI1NiIsInR5cCI6IkpXVCJ9.eyJ0b2tlbl90eXBlIjoicmVmcmVzaCIsImV4cCI6MTc0MjI4NTM4MCwiaWF0IjoxNzM5NjkzMzgwLCJqdGkiOiI0NTc3ZGI0NWZjZWU0NTI4YjQ1ZjMzZTBhMmY5NjdiMSIsInVzZXJfaWQiOjF9.r2SfzlbzO92gigN15jKHRJqY9psrs6sfU6ff-Lj8R-I	\N	2025-03-18 16:09:40+08	\N	4577db45fcee4528b45f33e0a2f967b1
251	eyJhbGciOiJIUzI1NiIsInR5cCI6IkpXVCJ9.eyJ0b2tlbl90eXBlIjoicmVmcmVzaCIsImV4cCI6MTc0MjI4NTM5OCwiaWF0IjoxNzM5NjkzMzk4LCJqdGkiOiIwOGVlMWRmMmY4YmQ0OTZjYjQ4NDE5YTNjZTQ2YzBhZSIsInVzZXJfaWQiOjF9.yTE_ZmbR2mDrGceR9nWHPTRwxneCx61zkQtHHlO74Z8	\N	2025-03-18 16:09:58+08	\N	08ee1df2f8bd496cb48419a3ce46c0ae
252	eyJhbGciOiJIUzI1NiIsInR5cCI6IkpXVCJ9.eyJ0b2tlbl90eXBlIjoicmVmcmVzaCIsImV4cCI6MTc0MjI4NTQxOCwiaWF0IjoxNzM5NjkzNDE4LCJqdGkiOiI5NTM4YWZmZmViY2Y0NTRhYTU2MTJkYjIwZDcyNThmOCIsInVzZXJfaWQiOjF9.jShaaRpH3hZWEvsEQBsMN8-FuGj4DJDn0tPFA49BxQs	\N	2025-03-18 16:10:18+08	\N	9538afffebcf454aa5612db20d7258f8
253	eyJhbGciOiJIUzI1NiIsInR5cCI6IkpXVCJ9.eyJ0b2tlbl90eXBlIjoicmVmcmVzaCIsImV4cCI6MTc0MjI4NTUzMCwiaWF0IjoxNzM5NjkzNTMwLCJqdGkiOiJiNDYxZTE1MjM3ZWY0MzNlOGRmYzdiZjYzZDlhZDk5MiIsInVzZXJfaWQiOjF9.xECJdtEiAokBlwYuPT-EPvwt6i18rFI8S1mrMwqzbik	\N	2025-03-18 16:12:10+08	\N	b461e15237ef433e8dfc7bf63d9ad992
254	eyJhbGciOiJIUzI1NiIsInR5cCI6IkpXVCJ9.eyJ0b2tlbl90eXBlIjoicmVmcmVzaCIsImV4cCI6MTc0MjI4NTU0MSwiaWF0IjoxNzM5NjkzNTQxLCJqdGkiOiI1Mjk4OGRhNDAzNmY0MThlYThiZjhlZWM5ZDdkOTQ3ZCIsInVzZXJfaWQiOjF9.9fGs-17Lq1SilDb3PAABAKCbZ0hISegYIhy-9PQlyvc	\N	2025-03-18 16:12:21+08	\N	52988da4036f418ea8bf8eec9d7d947d
255	eyJhbGciOiJIUzI1NiIsInR5cCI6IkpXVCJ9.eyJ0b2tlbl90eXBlIjoicmVmcmVzaCIsImV4cCI6MTc0MjI4NTU3MCwiaWF0IjoxNzM5NjkzNTcwLCJqdGkiOiI5YjFjN2FkOWEzMjc0ZmRkYTkxMzNkMjZhZjdjZDVlYiIsInVzZXJfaWQiOjF9.jA-ozbjDVW0gYz5V_1wKQdWZvMVi9T1p7DjNp48ahTQ	\N	2025-03-18 16:12:50+08	\N	9b1c7ad9a3274fdda9133d26af7cd5eb
256	eyJhbGciOiJIUzI1NiIsInR5cCI6IkpXVCJ9.eyJ0b2tlbl90eXBlIjoicmVmcmVzaCIsImV4cCI6MTc0MjI4NTU3NywiaWF0IjoxNzM5NjkzNTc3LCJqdGkiOiJkM2M3MWZkMzlmYjI0NzU3OTM3YTY1MzAxMTg3MmYyOCIsInVzZXJfaWQiOjF9.uwzMVaf4MfDjh4e29AMIYHBmUEfyWNnOjFoJoFE0FMQ	\N	2025-03-18 16:12:57+08	\N	d3c71fd39fb24757937a653011872f28
257	eyJhbGciOiJIUzI1NiIsInR5cCI6IkpXVCJ9.eyJ0b2tlbl90eXBlIjoicmVmcmVzaCIsImV4cCI6MTc0MjI4NTYxNSwiaWF0IjoxNzM5NjkzNjE1LCJqdGkiOiI5NzdiNWM3ODU2ZDY0Zjg5YjNkNGFmMzc3NGQxNjkwYyIsInVzZXJfaWQiOjF9.VfHvk0RZfEK-7qwdNnuUfBri40Nrm4aonxF1zLtHRgQ	\N	2025-03-18 16:13:35+08	\N	977b5c7856d64f89b3d4af3774d1690c
258	eyJhbGciOiJIUzI1NiIsInR5cCI6IkpXVCJ9.eyJ0b2tlbl90eXBlIjoicmVmcmVzaCIsImV4cCI6MTc0MjI4NTYyNywiaWF0IjoxNzM5NjkzNjI3LCJqdGkiOiI1ZmM1YjdlMTUzNzk0OTZiYmFjNjg5ZDlmYjI2Mjg5OSIsInVzZXJfaWQiOjF9.ljW85mWUaiy4_DFNjqajWihcPp8Uop06NEi0InCbrWk	\N	2025-03-18 16:13:47+08	\N	5fc5b7e15379496bbac689d9fb262899
259	eyJhbGciOiJIUzI1NiIsInR5cCI6IkpXVCJ9.eyJ0b2tlbl90eXBlIjoicmVmcmVzaCIsImV4cCI6MTc0MjI4NTY2MCwiaWF0IjoxNzM5NjkzNjYwLCJqdGkiOiIzMjUwNjU4YTU2YmI0NDc0YTU4NDY0YjI2OGZiYWRiYyIsInVzZXJfaWQiOjF9.AIytOsPUSLjj-UHL55Lqig9uXGeADLr4aowitI1GbwM	\N	2025-03-18 16:14:20+08	\N	3250658a56bb4474a58464b268fbadbc
260	eyJhbGciOiJIUzI1NiIsInR5cCI6IkpXVCJ9.eyJ0b2tlbl90eXBlIjoicmVmcmVzaCIsImV4cCI6MTc0MjI4NTY3OCwiaWF0IjoxNzM5NjkzNjc4LCJqdGkiOiJiMTE5MGJkMzllODU0NTM1YjZhZTM2ZGQ5Nzg0YTAxYyIsInVzZXJfaWQiOjF9.S6KxHEQaKmZlKNiI8VulCSADC1CzXuaRhssmJl4Z0hY	\N	2025-03-18 16:14:38+08	\N	b1190bd39e854535b6ae36dd9784a01c
261	eyJhbGciOiJIUzI1NiIsInR5cCI6IkpXVCJ9.eyJ0b2tlbl90eXBlIjoicmVmcmVzaCIsImV4cCI6MTc0MjI4NTY5NiwiaWF0IjoxNzM5NjkzNjk2LCJqdGkiOiI0YTU4ZjZkZWJlZmU0OWQ0YjhhNWE4NzU4MWI2MGY0ZiIsInVzZXJfaWQiOjF9.aSuYX8KHBkod6qh5ogABg_9zpgqy_wY0aWgi_174BGQ	\N	2025-03-18 16:14:56+08	\N	4a58f6debefe49d4b8a5a87581b60f4f
262	eyJhbGciOiJIUzI1NiIsInR5cCI6IkpXVCJ9.eyJ0b2tlbl90eXBlIjoicmVmcmVzaCIsImV4cCI6MTc0MjI4NTcxMiwiaWF0IjoxNzM5NjkzNzEyLCJqdGkiOiI0YzBkZGY1NjA2ZDg0ZmE4ODU5M2ViYTQ2Y2NjYmY2YyIsInVzZXJfaWQiOjF9.KRjtHcXA5lWWeBXVZ-qJ6GbYaXCFIRrB1LuJnUNIdU0	\N	2025-03-18 16:15:12+08	\N	4c0ddf5606d84fa88593eba46cccbf6c
263	eyJhbGciOiJIUzI1NiIsInR5cCI6IkpXVCJ9.eyJ0b2tlbl90eXBlIjoicmVmcmVzaCIsImV4cCI6MTc0MjI4NTcyMCwiaWF0IjoxNzM5NjkzNzIwLCJqdGkiOiJjYWViZmNkODExZmY0YjZmOTQ1MmRlZTUyODUyYWVkZCIsInVzZXJfaWQiOjF9.iJ_wRR7JqnD6spcJsOikjALhakbxswE3EXzC64xLp0s	\N	2025-03-18 16:15:20+08	\N	caebfcd811ff4b6f9452dee52852aedd
264	eyJhbGciOiJIUzI1NiIsInR5cCI6IkpXVCJ9.eyJ0b2tlbl90eXBlIjoicmVmcmVzaCIsImV4cCI6MTc0MjI4NTc1NSwiaWF0IjoxNzM5NjkzNzU1LCJqdGkiOiI0ODgyNjk5N2QzN2E0NTcwYjk5MGRmODUwMzQ5NGRiZSIsInVzZXJfaWQiOjF9.xBMouGcdLyX_kF5c3RNjBArra11eN8nldCVgGeM1big	\N	2025-03-18 16:15:55+08	\N	48826997d37a4570b990df8503494dbe
265	eyJhbGciOiJIUzI1NiIsInR5cCI6IkpXVCJ9.eyJ0b2tlbl90eXBlIjoicmVmcmVzaCIsImV4cCI6MTc0MjI4NTc5NywiaWF0IjoxNzM5NjkzNzk3LCJqdGkiOiI4MThjMjcxMTViOTA0NDEzODJjMDYxNjBkYWE1YjVmYSIsInVzZXJfaWQiOjF9.7Uu31OueMmij-F6fCJQFJmxjUkVsMlSO8ESB3ba0TOc	\N	2025-03-18 16:16:37+08	\N	818c27115b90441382c06160daa5b5fa
266	eyJhbGciOiJIUzI1NiIsInR5cCI6IkpXVCJ9.eyJ0b2tlbl90eXBlIjoicmVmcmVzaCIsImV4cCI6MTc0MjI4NTg2NiwiaWF0IjoxNzM5NjkzODY2LCJqdGkiOiI3ZWFmMzU1NzRhYzI0MWFlYTIyZDU5NmE1Mzg5MzE1YyIsInVzZXJfaWQiOjF9.zqNrKPd3T6qQ2MiKN0VQJ3G6L3PUyJv7CzjbWbkfXSY	\N	2025-03-18 16:17:46+08	\N	7eaf35574ac241aea22d596a5389315c
267	eyJhbGciOiJIUzI1NiIsInR5cCI6IkpXVCJ9.eyJ0b2tlbl90eXBlIjoicmVmcmVzaCIsImV4cCI6MTc0MjI4NTg3NSwiaWF0IjoxNzM5NjkzODc1LCJqdGkiOiIzOTlhM2U3Zjc0YjQ0NWY4OTE3Yjc2MmMyOTg3NjY4MSIsInVzZXJfaWQiOjF9.Ms3-Ms1ct8JNv_6FQ_YSO1lUdYUKMlacBRrGIffi5wE	\N	2025-03-18 16:17:55+08	\N	399a3e7f74b445f8917b762c29876681
268	eyJhbGciOiJIUzI1NiIsInR5cCI6IkpXVCJ9.eyJ0b2tlbl90eXBlIjoicmVmcmVzaCIsImV4cCI6MTc0MjI4NTk1MiwiaWF0IjoxNzM5NjkzOTUyLCJqdGkiOiIxMmQ0ZjA2MjYzNGY0MTVhYmQ0MTVkYTJjZWFiMGU1NiIsInVzZXJfaWQiOjF9.1h9J9CuXOb6T9LK9lhZxe2dU1pIA2oX20XT_viB_97o	\N	2025-03-18 16:19:12+08	\N	12d4f062634f415abd415da2ceab0e56
269	eyJhbGciOiJIUzI1NiIsInR5cCI6IkpXVCJ9.eyJ0b2tlbl90eXBlIjoicmVmcmVzaCIsImV4cCI6MTc0MjI4NTk2NywiaWF0IjoxNzM5NjkzOTY3LCJqdGkiOiIwOWY5ZWM3ZTJjNzc0NzQ3YmY5NWU5NzI4M2NhZDQ1YiIsInVzZXJfaWQiOjF9.AgxLODzU7japAmpIc_klxisL1EKfrroWawhadvGKkY8	\N	2025-03-18 16:19:27+08	\N	09f9ec7e2c774747bf95e97283cad45b
270	eyJhbGciOiJIUzI1NiIsInR5cCI6IkpXVCJ9.eyJ0b2tlbl90eXBlIjoicmVmcmVzaCIsImV4cCI6MTc0MjI4NjA4OCwiaWF0IjoxNzM5Njk0MDg4LCJqdGkiOiIzZmMwZGQzY2RhMTk0NmE3YmI2ZGViOTg5NTBmZGZmYiIsInVzZXJfaWQiOjF9.y-q_drNEetWFj6k4N7Wpux2oPvHDR4bO04eBt6mTdfY	\N	2025-03-18 16:21:28+08	\N	3fc0dd3cda1946a7bb6deb98950fdffb
271	eyJhbGciOiJIUzI1NiIsInR5cCI6IkpXVCJ9.eyJ0b2tlbl90eXBlIjoicmVmcmVzaCIsImV4cCI6MTc0MjI4NjEyNywiaWF0IjoxNzM5Njk0MTI3LCJqdGkiOiJjMjA4NjE2ZmVlNTQ0M2NhYjNmNGQ5MDE3MTgwZDU5OCIsInVzZXJfaWQiOjF9.VspzUpQRxywBXlCPUPVvzHrzqkyCLuqUS9M9cGzThEM	\N	2025-03-18 16:22:07+08	\N	c208616fee5443cab3f4d9017180d598
272	eyJhbGciOiJIUzI1NiIsInR5cCI6IkpXVCJ9.eyJ0b2tlbl90eXBlIjoicmVmcmVzaCIsImV4cCI6MTc0MjI4NjI4NywiaWF0IjoxNzM5Njk0Mjg3LCJqdGkiOiJmMWU5NGNlYjQ4Mzk0YTFmOTY0YjYxNjRlZDhjODAzNiIsInVzZXJfaWQiOjF9.hQJmUrAxEEnnrnh4yaSTkTlYCiAg6qlJvpQYOz3a5wM	\N	2025-03-18 16:24:47+08	\N	f1e94ceb48394a1f964b6164ed8c8036
273	eyJhbGciOiJIUzI1NiIsInR5cCI6IkpXVCJ9.eyJ0b2tlbl90eXBlIjoicmVmcmVzaCIsImV4cCI6MTc0MjI4NjM3MiwiaWF0IjoxNzM5Njk0MzcyLCJqdGkiOiJhYjRhMjQ2MzFkZGY0MTZjOTZjZGU5ZjUwNzZhNmM4OSIsInVzZXJfaWQiOjF9.EK85krFq1UmvtEa7PApI47L7edyHbmy_Ct_aVtIN1HQ	\N	2025-03-18 16:26:12+08	\N	ab4a24631ddf416c96cde9f5076a6c89
274	eyJhbGciOiJIUzI1NiIsInR5cCI6IkpXVCJ9.eyJ0b2tlbl90eXBlIjoicmVmcmVzaCIsImV4cCI6MTc0MjI4NjM4NiwiaWF0IjoxNzM5Njk0Mzg2LCJqdGkiOiJkMDRiMTgxMWE0MjM0MGQ5OGQ5NWY2MzlhNDdlZjY2ZiIsInVzZXJfaWQiOjF9.c4ZhEqlCTnJPxOuGafHzspUqFWm7Wdvt6XVclNGPRa8	\N	2025-03-18 16:26:26+08	\N	d04b1811a42340d98d95f639a47ef66f
275	eyJhbGciOiJIUzI1NiIsInR5cCI6IkpXVCJ9.eyJ0b2tlbl90eXBlIjoicmVmcmVzaCIsImV4cCI6MTc0MjI4NjQxOCwiaWF0IjoxNzM5Njk0NDE4LCJqdGkiOiIyMjcyNWY4NWJjN2E0NTFjYWY4ODU1ZDc2MTU1ODk3NSIsInVzZXJfaWQiOjF9.n1dqogWzmWrFz8B7AEAdWHk45zHBXXnjtcIyM7JHTzM	\N	2025-03-18 16:26:58+08	\N	22725f85bc7a451caf8855d761558975
276	eyJhbGciOiJIUzI1NiIsInR5cCI6IkpXVCJ9.eyJ0b2tlbl90eXBlIjoicmVmcmVzaCIsImV4cCI6MTc0MjI4NjQyOCwiaWF0IjoxNzM5Njk0NDI4LCJqdGkiOiJhOGJjYTM1ZTEwMjc0ODY5OGJkMGI0OTg0MTBjNzZiNyIsInVzZXJfaWQiOjF9.butfp0XILSSL9gCDtwB0P-zWbIDiSfOpzn5n5fcYXmg	\N	2025-03-18 16:27:08+08	\N	a8bca35e102748698bd0b498410c76b7
277	eyJhbGciOiJIUzI1NiIsInR5cCI6IkpXVCJ9.eyJ0b2tlbl90eXBlIjoicmVmcmVzaCIsImV4cCI6MTc0MjI4NjQ0NiwiaWF0IjoxNzM5Njk0NDQ2LCJqdGkiOiJlZmQ2NWM4NjYwNTk0YjMyODQ1YjFkMGYxNGM2YjdkMSIsInVzZXJfaWQiOjF9.V_9iQCXqvqZbRUXIS3MKXger7ZYqGi80HNPImhDuqjM	\N	2025-03-18 16:27:26+08	\N	efd65c8660594b32845b1d0f14c6b7d1
278	eyJhbGciOiJIUzI1NiIsInR5cCI6IkpXVCJ9.eyJ0b2tlbl90eXBlIjoicmVmcmVzaCIsImV4cCI6MTc0MjI4NjQ1MywiaWF0IjoxNzM5Njk0NDUzLCJqdGkiOiIzZGQ0MzA2MDM3YjU0ZGNkODc3MTA0ZWIyNjVmNTYyYiIsInVzZXJfaWQiOjF9.4r-O-a88_2-brh3lnht6wX_AzH-ah89ykZyKV-FO8RU	\N	2025-03-18 16:27:33+08	\N	3dd4306037b54dcd877104eb265f562b
279	eyJhbGciOiJIUzI1NiIsInR5cCI6IkpXVCJ9.eyJ0b2tlbl90eXBlIjoicmVmcmVzaCIsImV4cCI6MTc0MjI4NjUzMSwiaWF0IjoxNzM5Njk0NTMxLCJqdGkiOiJhYmI0Nzk1ODZjZTQ0YTQxYTJhN2M3OGVjZThjNzJiZCIsInVzZXJfaWQiOjF9.7rEeFS49qVj8eRicD68TGjFV1zfHkT-fwIVbrwPA3IY	\N	2025-03-18 16:28:51+08	\N	abb479586ce44a41a2a7c78ece8c72bd
280	eyJhbGciOiJIUzI1NiIsInR5cCI6IkpXVCJ9.eyJ0b2tlbl90eXBlIjoicmVmcmVzaCIsImV4cCI6MTc0MjI4NjUzNiwiaWF0IjoxNzM5Njk0NTM2LCJqdGkiOiJlOGE0MDllMjllYTQ0ZjFiYWZkYWQyNjRiMmY3N2ZmMSIsInVzZXJfaWQiOjF9.MHQgiTI_3mpaTpytCukHs8y7nAFix8iNMUks3zEbXZo	\N	2025-03-18 16:28:56+08	\N	e8a409e29ea44f1bafdad264b2f77ff1
281	eyJhbGciOiJIUzI1NiIsInR5cCI6IkpXVCJ9.eyJ0b2tlbl90eXBlIjoicmVmcmVzaCIsImV4cCI6MTc0MjI4NjU0NiwiaWF0IjoxNzM5Njk0NTQ2LCJqdGkiOiJlOWEwNzVlZmVhOTU0MTcwODVlYjk0YWNkNzAyYTgzMiIsInVzZXJfaWQiOjF9.waUX0qtzP6COLXoVBkifOdnhadPAC24CdHpNzleuOC0	\N	2025-03-18 16:29:06+08	\N	e9a075efea95417085eb94acd702a832
282	eyJhbGciOiJIUzI1NiIsInR5cCI6IkpXVCJ9.eyJ0b2tlbl90eXBlIjoicmVmcmVzaCIsImV4cCI6MTc0MjI4NjU3NiwiaWF0IjoxNzM5Njk0NTc2LCJqdGkiOiIxMGExMzEwZTRiNTg0ZmNhODZiNzJjMWU1NTg4YjExNyIsInVzZXJfaWQiOjF9.5UIBFn3GMt8Cf4VsGzihVnjoE8iQkQaPWfEFc_1wmRo	\N	2025-03-18 16:29:36+08	\N	10a1310e4b584fca86b72c1e5588b117
283	eyJhbGciOiJIUzI1NiIsInR5cCI6IkpXVCJ9.eyJ0b2tlbl90eXBlIjoicmVmcmVzaCIsImV4cCI6MTc0MjI4NjYwMCwiaWF0IjoxNzM5Njk0NjAwLCJqdGkiOiJhYjg4Y2U2MjczN2M0MGEwYWUzYWUwNjM2ODAwYjY1NCIsInVzZXJfaWQiOjF9.6Bg4Wf_D0yJqP-4R-vsMhtsLT6ZzHN1kJD3eCIGMyCc	\N	2025-03-18 16:30:00+08	\N	ab88ce62737c40a0ae3ae0636800b654
284	eyJhbGciOiJIUzI1NiIsInR5cCI6IkpXVCJ9.eyJ0b2tlbl90eXBlIjoicmVmcmVzaCIsImV4cCI6MTc0MjI4NzAyMCwiaWF0IjoxNzM5Njk1MDIwLCJqdGkiOiI0YWMxZTI2NDQ3ZGM0ZmFjYmY4ODEwYmM0NGUzNTNlMSIsInVzZXJfaWQiOjF9.kyQ_uNZoNlYRB5Ww1jzSEfF9eqcVUn_xNo11vekta_E	\N	2025-03-18 16:37:00+08	\N	4ac1e26447dc4facbf8810bc44e353e1
285	eyJhbGciOiJIUzI1NiIsInR5cCI6IkpXVCJ9.eyJ0b2tlbl90eXBlIjoicmVmcmVzaCIsImV4cCI6MTc0MjI4NzA3MywiaWF0IjoxNzM5Njk1MDczLCJqdGkiOiIwMmUxZmI2YjZmZmI0ZDE4OThmZDExZjE1ZGI3ZDA0NCIsInVzZXJfaWQiOjF9.xzkqVfh6EhdeyaOdYjOra1Zcwsc1CCBJdwshcMrERO8	\N	2025-03-18 16:37:53+08	\N	02e1fb6b6ffb4d1898fd11f15db7d044
286	eyJhbGciOiJIUzI1NiIsInR5cCI6IkpXVCJ9.eyJ0b2tlbl90eXBlIjoicmVmcmVzaCIsImV4cCI6MTc0MjI4NzEzMSwiaWF0IjoxNzM5Njk1MTMxLCJqdGkiOiIyNDBmMmE4NTY2Zjk0ZjNjOGJkMzM1NmUwZWFjNTk5ZSIsInVzZXJfaWQiOjF9.hIUDDaOMtdLeSjXnzlwHFt2Bnb7qe1IA8epXaNaer0U	\N	2025-03-18 16:38:51+08	\N	240f2a8566f94f3c8bd3356e0eac599e
287	eyJhbGciOiJIUzI1NiIsInR5cCI6IkpXVCJ9.eyJ0b2tlbl90eXBlIjoicmVmcmVzaCIsImV4cCI6MTc0MjI4NzI4OSwiaWF0IjoxNzM5Njk1Mjg5LCJqdGkiOiIzMGRmOWY0ZjJhYmE0MjAxOThkNjM5NjQyZDUyNTc2OCIsInVzZXJfaWQiOjF9.w0qg5f3AwKwfCZjQqBRPn7hji91lZVdn5u17nfazcwM	\N	2025-03-18 16:41:29+08	\N	30df9f4f2aba420198d639642d525768
288	eyJhbGciOiJIUzI1NiIsInR5cCI6IkpXVCJ9.eyJ0b2tlbl90eXBlIjoicmVmcmVzaCIsImV4cCI6MTc0MjI4NzUyMCwiaWF0IjoxNzM5Njk1NTIwLCJqdGkiOiJmNGMwMDRlZjBlZmQ0NjQxYThjOTY3NDRlNzI2MGI5OSIsInVzZXJfaWQiOjF9.Ves3V-vqUWpx-II-u9nB-BITAlpsrIIx9IWDJBXJ4y0	\N	2025-03-18 16:45:20+08	\N	f4c004ef0efd4641a8c96744e7260b99
289	eyJhbGciOiJIUzI1NiIsInR5cCI6IkpXVCJ9.eyJ0b2tlbl90eXBlIjoicmVmcmVzaCIsImV4cCI6MTc0MjI4NzYwMCwiaWF0IjoxNzM5Njk1NjAwLCJqdGkiOiI5MjA1MzQzOTA1ZDE0YTNhODlmZjY0Yzc0ZjI1MjU5NyIsInVzZXJfaWQiOjF9.qd5aoVMIHZFtxrc12JdOHuH67HjDqSPua1H_3aqm6Qw	\N	2025-03-18 16:46:40+08	\N	9205343905d14a3a89ff64c74f252597
290	eyJhbGciOiJIUzI1NiIsInR5cCI6IkpXVCJ9.eyJ0b2tlbl90eXBlIjoicmVmcmVzaCIsImV4cCI6MTc0MjI4NzY1NiwiaWF0IjoxNzM5Njk1NjU2LCJqdGkiOiI5YzZhZTBmYjI5NTE0N2E2OGE1ZDM0NGY4NjcwOGEwNSIsInVzZXJfaWQiOjF9.Uia0ypFpEXgGo_va02xjiNOuCZ-2SqRE8sO6vDTH824	\N	2025-03-18 16:47:36+08	\N	9c6ae0fb295147a68a5d344f86708a05
291	eyJhbGciOiJIUzI1NiIsInR5cCI6IkpXVCJ9.eyJ0b2tlbl90eXBlIjoicmVmcmVzaCIsImV4cCI6MTc0MjI4NzY5NywiaWF0IjoxNzM5Njk1Njk3LCJqdGkiOiJkOWU2YWRjYjc1MDI0MTRkOTM5Y2UwODY1MjYwY2Q4MyIsInVzZXJfaWQiOjF9.eRLjQnrBRdh-qecRBq0WWwUe-qEJadR-x0KJ01raCX8	\N	2025-03-18 16:48:17+08	\N	d9e6adcb7502414d939ce0865260cd83
292	eyJhbGciOiJIUzI1NiIsInR5cCI6IkpXVCJ9.eyJ0b2tlbl90eXBlIjoicmVmcmVzaCIsImV4cCI6MTc0MjI4ODc5OSwiaWF0IjoxNzM5Njk2Nzk5LCJqdGkiOiI4NGJhOGNmMmMxZTc0YmJjYmE4ODJiNTViMDQzNzQ4NSIsInVzZXJfaWQiOjF9.fR3AAOBNrXC5oLQ82QHyBLygi77LDQKF1j4vBjGJeqM	\N	2025-03-18 17:06:39+08	\N	84ba8cf2c1e74bbcba882b55b0437485
293	eyJhbGciOiJIUzI1NiIsInR5cCI6IkpXVCJ9.eyJ0b2tlbl90eXBlIjoicmVmcmVzaCIsImV4cCI6MTc0MjMwMDczNCwiaWF0IjoxNzM5NzA4NzM0LCJqdGkiOiIzM2IzZTg5OTQzZTk0ODM3YTJiOWM3MjQwODJmYTI4NyIsInVzZXJfaWQiOjF9.3QloKqabm_4Q2LD4SKVA30bOOf-Jq36Rvw-6nuzMuis	\N	2025-03-18 20:25:34+08	\N	33b3e89943e94837a2b9c724082fa287
294	eyJhbGciOiJIUzI1NiIsInR5cCI6IkpXVCJ9.eyJ0b2tlbl90eXBlIjoicmVmcmVzaCIsImV4cCI6MTc0MjMwMDk0MSwiaWF0IjoxNzM5NzA4OTQxLCJqdGkiOiI0M2U5NGFkN2Y5YjI0MjViOTMzNWNiMzNhNTkzOWMwNCIsInVzZXJfaWQiOjF9.J9-Y2F0VeH-IDm0o1FCLpKbnEPKwL4b8HHXRqwPadJM	\N	2025-03-18 20:29:01+08	\N	43e94ad7f9b2425b9335cb33a5939c04
295	eyJhbGciOiJIUzI1NiIsInR5cCI6IkpXVCJ9.eyJ0b2tlbl90eXBlIjoicmVmcmVzaCIsImV4cCI6MTc0MjMwMzc3MywiaWF0IjoxNzM5NzExNzczLCJqdGkiOiI2MjI1ZmEzMmUwMmE0MTE2ODMwZWQ2ZGU0MDlhODBjOSIsInVzZXJfaWQiOjF9.dB1nzc-rPRfU1_4b0dW2rpScvk0kgrfvzW7wIALsLNs	\N	2025-03-18 21:16:13+08	\N	6225fa32e02a4116830ed6de409a80c9
296	eyJhbGciOiJIUzI1NiIsInR5cCI6IkpXVCJ9.eyJ0b2tlbl90eXBlIjoicmVmcmVzaCIsImV4cCI6MTc0MjMwOTExNywiaWF0IjoxNzM5NzE3MTE3LCJqdGkiOiJhZjcyMzZkM2M2N2Y0YzY2YTliYmMwOGJjZjFhZTQzNiIsInVzZXJfaWQiOjF9.iVEKg7etuNOH1YnKkU0M4Y9oPuGBaH5WBrCADDH9WqA	\N	2025-03-18 22:45:17+08	\N	af7236d3c67f4c66a9bbc08bcf1ae436
297	eyJhbGciOiJIUzI1NiIsInR5cCI6IkpXVCJ9.eyJ0b2tlbl90eXBlIjoicmVmcmVzaCIsImV4cCI6MTc0MjMwOTQyNywiaWF0IjoxNzM5NzE3NDI3LCJqdGkiOiI2OWRjZmNjZTgzZWM0NmQ5ODcwMjdlMzNiMGZiY2NkMCIsInVzZXJfaWQiOjF9.5J0c1_AqdShJrGweok8k6ofTTXntsUomB9LQfrz0qHQ	\N	2025-03-18 22:50:27+08	\N	69dcfcce83ec46d987027e33b0fbccd0
298	eyJhbGciOiJIUzI1NiIsInR5cCI6IkpXVCJ9.eyJ0b2tlbl90eXBlIjoicmVmcmVzaCIsImV4cCI6MTc0MjMwOTQzOCwiaWF0IjoxNzM5NzE3NDM4LCJqdGkiOiIwNDg3MDZlYjg4NWY0ZmExYmIxYzA4MTg0MTNlYWUxYiIsInVzZXJfaWQiOjF9.41t2L_8pBl4wcrKUwIOo2a1nSbZf-DyAE6pVO3iVkRo	\N	2025-03-18 22:50:38+08	\N	048706eb885f4fa1bb1c0818413eae1b
299	eyJhbGciOiJIUzI1NiIsInR5cCI6IkpXVCJ9.eyJ0b2tlbl90eXBlIjoicmVmcmVzaCIsImV4cCI6MTc0MjMwOTQ0NCwiaWF0IjoxNzM5NzE3NDQ0LCJqdGkiOiI0NTU5M2YxMWE4YmQ0NDJjYjAwZDUzMTE2OTUxYWZmNiIsInVzZXJfaWQiOjF9.jppUEbQ3Xm7RyevovTdvnESPl0tiyCR9egR96SMn3YE	\N	2025-03-18 22:50:44+08	\N	45593f11a8bd442cb00d53116951aff6
300	eyJhbGciOiJIUzI1NiIsInR5cCI6IkpXVCJ9.eyJ0b2tlbl90eXBlIjoicmVmcmVzaCIsImV4cCI6MTc0MjMwOTQ2NywiaWF0IjoxNzM5NzE3NDY3LCJqdGkiOiIzZDc4M2RiMWNlZGM0NDFlYjhmMjYzZTdkNTdhZDNkOSIsInVzZXJfaWQiOjF9.-P94MxynSDw2EH0PcrwRRR1hkYthzziuJCIpaeRpMx0	\N	2025-03-18 22:51:07+08	\N	3d783db1cedc441eb8f263e7d57ad3d9
301	eyJhbGciOiJIUzI1NiIsInR5cCI6IkpXVCJ9.eyJ0b2tlbl90eXBlIjoicmVmcmVzaCIsImV4cCI6MTc0MjMwOTQ3NSwiaWF0IjoxNzM5NzE3NDc1LCJqdGkiOiJhMzRiMDM3NjRkNWE0ZjViYWJlNTQyN2ZkYTk1OWEwZiIsInVzZXJfaWQiOjF9.42yNzPAvnP4WUF3Tls9RjxxdhUYEZdTgczllT2e0Gf8	\N	2025-03-18 22:51:15+08	\N	a34b03764d5a4f5babe5427fda959a0f
302	eyJhbGciOiJIUzI1NiIsInR5cCI6IkpXVCJ9.eyJ0b2tlbl90eXBlIjoicmVmcmVzaCIsImV4cCI6MTc0MjMwOTQ4NCwiaWF0IjoxNzM5NzE3NDg0LCJqdGkiOiIxM2UyNDVhNDgwNTc0ZjQzODhiNzhlYWY3NWM0YmFkOSIsInVzZXJfaWQiOjF9.x-01maNLTF7zAi519IcfeVVV3cEOM9OrOt5gTuONC50	\N	2025-03-18 22:51:24+08	\N	13e245a480574f4388b78eaf75c4bad9
303	eyJhbGciOiJIUzI1NiIsInR5cCI6IkpXVCJ9.eyJ0b2tlbl90eXBlIjoicmVmcmVzaCIsImV4cCI6MTc0MjMwOTQ5MywiaWF0IjoxNzM5NzE3NDkzLCJqdGkiOiIwODNlZDNiMGUxZjY0MjZkYTBlYjAyOGFjY2JkMTlkMSIsInVzZXJfaWQiOjF9.m_CImuLG0vx6QLHirR5_SzUUE12_zp9PVeKu1gY96pU	\N	2025-03-18 22:51:33+08	\N	083ed3b0e1f6426da0eb028accbd19d1
304	eyJhbGciOiJIUzI1NiIsInR5cCI6IkpXVCJ9.eyJ0b2tlbl90eXBlIjoicmVmcmVzaCIsImV4cCI6MTc0MjMwOTUzNCwiaWF0IjoxNzM5NzE3NTM0LCJqdGkiOiJjMDEyZDBmYzI3ODk0NTk2ODgwMzE5OTcwNzBiOGE5OCIsInVzZXJfaWQiOjF9.YI-YAg48WD1JJiCe2uCfiET_Yo-XEKLpWlIkddNWdek	\N	2025-03-18 22:52:14+08	\N	c012d0fc2789459688031997070b8a98
305	eyJhbGciOiJIUzI1NiIsInR5cCI6IkpXVCJ9.eyJ0b2tlbl90eXBlIjoicmVmcmVzaCIsImV4cCI6MTc0MjMwOTU5OCwiaWF0IjoxNzM5NzE3NTk4LCJqdGkiOiI2MDIzYjBiNTYwNzg0ZGM3ODZjMzg1ZGM2MjAzNWQ3OCIsInVzZXJfaWQiOjF9.fcGs39jinNSnzE7AI-HrnKfTyzyvzpNizW3vGywTg-s	\N	2025-03-18 22:53:18+08	\N	6023b0b560784dc786c385dc62035d78
306	eyJhbGciOiJIUzI1NiIsInR5cCI6IkpXVCJ9.eyJ0b2tlbl90eXBlIjoicmVmcmVzaCIsImV4cCI6MTc0MjMwOTYxMywiaWF0IjoxNzM5NzE3NjEzLCJqdGkiOiJmNzU2OTE3ODk2MTU0ZDUzYWFlMGMyNjYwODY4YThkOSIsInVzZXJfaWQiOjF9.V4pBgOhk8mWYuHRkGRgRbjX21WY2FBT71C-jK-pOsA4	\N	2025-03-18 22:53:33+08	\N	f756917896154d53aae0c2660868a8d9
307	eyJhbGciOiJIUzI1NiIsInR5cCI6IkpXVCJ9.eyJ0b2tlbl90eXBlIjoicmVmcmVzaCIsImV4cCI6MTc0MjMwOTYyMywiaWF0IjoxNzM5NzE3NjIzLCJqdGkiOiJmN2NhNmIyYjIxMjM0MzAwYWYxMGIxYzhlNDJhZDMwOSIsInVzZXJfaWQiOjF9.Jy94XIDt8f74ee76iEM5ZSsgY6RhHa9rvHcq6KimmKY	\N	2025-03-18 22:53:43+08	\N	f7ca6b2b21234300af10b1c8e42ad309
308	eyJhbGciOiJIUzI1NiIsInR5cCI6IkpXVCJ9.eyJ0b2tlbl90eXBlIjoicmVmcmVzaCIsImV4cCI6MTc0MjMwOTY1MCwiaWF0IjoxNzM5NzE3NjUwLCJqdGkiOiI4YWE0MTBlMmEyOTg0MGQ5OWEwYzgzNWFhOTEzYjIzNiIsInVzZXJfaWQiOjF9.7GJGucQkIpJIkdhpay0cXLTnujDT3V51-SfwJooJyxY	\N	2025-03-18 22:54:10+08	\N	8aa410e2a29840d99a0c835aa913b236
309	eyJhbGciOiJIUzI1NiIsInR5cCI6IkpXVCJ9.eyJ0b2tlbl90eXBlIjoicmVmcmVzaCIsImV4cCI6MTc0MjMwOTc0NywiaWF0IjoxNzM5NzE3NzQ3LCJqdGkiOiIwNWM0Mjk1Zjk4NzM0MDM4YmIyNzQ3YWRlODU0OTgwNCIsInVzZXJfaWQiOjF9.spPEmwrMEAA-F1Gd0KL5edD07lRQtP2byxFZF5xfoQs	\N	2025-03-18 22:55:47+08	\N	05c4295f98734038bb2747ade8549804
310	eyJhbGciOiJIUzI1NiIsInR5cCI6IkpXVCJ9.eyJ0b2tlbl90eXBlIjoicmVmcmVzaCIsImV4cCI6MTc0MjMxMDQ1NCwiaWF0IjoxNzM5NzE4NDU0LCJqdGkiOiI5ODkzNzM3MGQ0OGQ0NjVmODgyOGNhN2RkZTk3MmI3NCIsInVzZXJfaWQiOjF9.TAgJo8HZe02q-7gC-cMz9FgAQPI3_XldvgUA1cASlGY	\N	2025-03-18 23:07:34+08	\N	98937370d48d465f8828ca7dde972b74
311	eyJhbGciOiJIUzI1NiIsInR5cCI6IkpXVCJ9.eyJ0b2tlbl90eXBlIjoicmVmcmVzaCIsImV4cCI6MTc0MjMxMDY3MiwiaWF0IjoxNzM5NzE4NjcyLCJqdGkiOiJmNmFiMWNmMzQyNWE0ZTA1YTUyMWRmODU4ZWIxNTNmYyIsInVzZXJfaWQiOjF9.ZLryFXvtottCg92vCyV68p_6MIJo9pyi-Lev80p5j1o	\N	2025-03-18 23:11:12+08	\N	f6ab1cf3425a4e05a521df858eb153fc
312	eyJhbGciOiJIUzI1NiIsInR5cCI6IkpXVCJ9.eyJ0b2tlbl90eXBlIjoicmVmcmVzaCIsImV4cCI6MTc0MjMxMDY3NSwiaWF0IjoxNzM5NzE4Njc1LCJqdGkiOiJhOGU4Y2RkOTA0YjA0OTU0OTZjNDE5YTdiMDAwZjgxMiIsInVzZXJfaWQiOjF9.Cw96cWJSF6UxJVutRQOjDKGMLuqnFh9H7Kz1-TZFBok	\N	2025-03-18 23:11:15+08	\N	a8e8cdd904b0495496c419a7b000f812
313	eyJhbGciOiJIUzI1NiIsInR5cCI6IkpXVCJ9.eyJ0b2tlbl90eXBlIjoicmVmcmVzaCIsImV4cCI6MTc0MjMxMDk0MywiaWF0IjoxNzM5NzE4OTQzLCJqdGkiOiJjY2U1NzY4NWQ4OWM0N2UyYjg3Y2IwMWU5ZWVjMGMyMCIsInVzZXJfaWQiOjF9.NJYyUKyy97RkHw_NrEFRXJao-D8AZgAa5cINoU3Iubs	\N	2025-03-18 23:15:43+08	\N	cce57685d89c47e2b87cb01e9eec0c20
314	eyJhbGciOiJIUzI1NiIsInR5cCI6IkpXVCJ9.eyJ0b2tlbl90eXBlIjoicmVmcmVzaCIsImV4cCI6MTc0MjMxMDk1NSwiaWF0IjoxNzM5NzE4OTU1LCJqdGkiOiI2YTg1NzhlYzkyZjE0YWZmYjA1MGZkNTFmNTA5YTFmOCIsInVzZXJfaWQiOjF9.t4B7JAVFoVSRtIQx64rQymW7Ov4TYjJJkBNZGBuqShQ	\N	2025-03-18 23:15:55+08	\N	6a8578ec92f14affb050fd51f509a1f8
315	eyJhbGciOiJIUzI1NiIsInR5cCI6IkpXVCJ9.eyJ0b2tlbl90eXBlIjoicmVmcmVzaCIsImV4cCI6MTc0MjMxMDk2NiwiaWF0IjoxNzM5NzE4OTY2LCJqdGkiOiJkYTU2MjhkNjFiOGQ0NzMxOWI3OTFjMTRiYTYzZDBiYyIsInVzZXJfaWQiOjF9.AJnYcbPAh3YjR7DrvkfM9pihBA0LF2ADwF_1_Owp0XE	\N	2025-03-18 23:16:06+08	\N	da5628d61b8d47319b791c14ba63d0bc
316	eyJhbGciOiJIUzI1NiIsInR5cCI6IkpXVCJ9.eyJ0b2tlbl90eXBlIjoicmVmcmVzaCIsImV4cCI6MTc0MjMxMDk3MCwiaWF0IjoxNzM5NzE4OTcwLCJqdGkiOiI5ZmQ1ZWNlZTFjODI0ZWZlYTg5MGMxYjJlN2MzNjUyNyIsInVzZXJfaWQiOjF9.lkstKrINk_u9eC5G4aKqVtWXFZL7y7bLRVYErsua9jo	\N	2025-03-18 23:16:10+08	\N	9fd5ecee1c824efea890c1b2e7c36527
317	eyJhbGciOiJIUzI1NiIsInR5cCI6IkpXVCJ9.eyJ0b2tlbl90eXBlIjoicmVmcmVzaCIsImV4cCI6MTc0MjMxMDk3NywiaWF0IjoxNzM5NzE4OTc3LCJqdGkiOiIyMzY5MzgyYTdiZDg0MGNiOTYwOWJhNmVjZGVlNWQ0ZSIsInVzZXJfaWQiOjF9.KitUfTIHLd8keYB3Tr8KkEl0UvqkFZFYWjtNwBVSTc0	\N	2025-03-18 23:16:17+08	\N	2369382a7bd840cb9609ba6ecdee5d4e
318	eyJhbGciOiJIUzI1NiIsInR5cCI6IkpXVCJ9.eyJ0b2tlbl90eXBlIjoicmVmcmVzaCIsImV4cCI6MTc0MjMxMDk4NywiaWF0IjoxNzM5NzE4OTg3LCJqdGkiOiJlZTAzNTE1YjljMDU0NGRjYmM1NjM2MDUzYmFlNDI2MiIsInVzZXJfaWQiOjF9.WKwNOwTBJpl3PeYKZP_-JRxvrYttFefK-CSD-ee042Y	\N	2025-03-18 23:16:27+08	\N	ee03515b9c0544dcbc5636053bae4262
319	eyJhbGciOiJIUzI1NiIsInR5cCI6IkpXVCJ9.eyJ0b2tlbl90eXBlIjoicmVmcmVzaCIsImV4cCI6MTc0MjMxMDk5MywiaWF0IjoxNzM5NzE4OTkzLCJqdGkiOiI1ZTgyMWI0YjAyZmQ0ZWNlODhjYjZlMDA3NDllOTQwYyIsInVzZXJfaWQiOjF9.gXM8Nl0WcSqBXf5AqLhlxIcGM0PFosryLWyyIEIILiM	\N	2025-03-18 23:16:33+08	\N	5e821b4b02fd4ece88cb6e00749e940c
320	eyJhbGciOiJIUzI1NiIsInR5cCI6IkpXVCJ9.eyJ0b2tlbl90eXBlIjoicmVmcmVzaCIsImV4cCI6MTc0MjMxMDk5OSwiaWF0IjoxNzM5NzE4OTk5LCJqdGkiOiI5OTJjM2MzYWZlMWE0ZTcxYTE3ZTMzNWJmYTAzYzVjYyIsInVzZXJfaWQiOjF9.WtCBSdScvr-USU1QBU2MoijWe8nM6EdFHdTdzXYqeXE	\N	2025-03-18 23:16:39+08	\N	992c3c3afe1a4e71a17e335bfa03c5cc
321	eyJhbGciOiJIUzI1NiIsInR5cCI6IkpXVCJ9.eyJ0b2tlbl90eXBlIjoicmVmcmVzaCIsImV4cCI6MTc0MjMxMTAwMywiaWF0IjoxNzM5NzE5MDAzLCJqdGkiOiI3NjhhMGM2OTcxOTU0ZmU2YmNjMTkxY2JkMDUxYmQ2YSIsInVzZXJfaWQiOjF9.sFw6RekzPp20KvAL1LQxm-RJHniGfbdJTFitjgRQ0AU	\N	2025-03-18 23:16:43+08	\N	768a0c6971954fe6bcc191cbd051bd6a
322	eyJhbGciOiJIUzI1NiIsInR5cCI6IkpXVCJ9.eyJ0b2tlbl90eXBlIjoicmVmcmVzaCIsImV4cCI6MTc0MjMxMTAxMSwiaWF0IjoxNzM5NzE5MDExLCJqdGkiOiJhYWU4Mjc3ZTg5Zjg0MDk0YmZmZjBmM2IxZTQ4YWMxOCIsInVzZXJfaWQiOjF9.g3QK91e7orW78ppGWHqMMqMM4y41nLN2rBOlDXH4uJo	\N	2025-03-18 23:16:51+08	\N	aae8277e89f84094bfff0f3b1e48ac18
323	eyJhbGciOiJIUzI1NiIsInR5cCI6IkpXVCJ9.eyJ0b2tlbl90eXBlIjoicmVmcmVzaCIsImV4cCI6MTc0MjMxMTIyNiwiaWF0IjoxNzM5NzE5MjI2LCJqdGkiOiI5NDg5YmZkMTFlZjE0MTlkYmNhNzkyZTcxZmI5NTFiNSIsInVzZXJfaWQiOjF9.Necaxl27GIVV3_Zz-As5rcuKfe6AdTcX0NFgaDxaHWs	\N	2025-03-18 23:20:26+08	\N	9489bfd11ef1419dbca792e71fb951b5
324	eyJhbGciOiJIUzI1NiIsInR5cCI6IkpXVCJ9.eyJ0b2tlbl90eXBlIjoicmVmcmVzaCIsImV4cCI6MTc0MjMxMTM4MiwiaWF0IjoxNzM5NzE5MzgyLCJqdGkiOiI2NzM3YjczMTY4ZGI0NTU0YmU5ZGJlZDY3N2NhYmY0MiIsInVzZXJfaWQiOjF9.5Gv_vpyqBw6FWHnJAZGhnx6ywPbTi7VJ1aqgTHAW17s	\N	2025-03-18 23:23:02+08	\N	6737b73168db4554be9dbed677cabf42
325	eyJhbGciOiJIUzI1NiIsInR5cCI6IkpXVCJ9.eyJ0b2tlbl90eXBlIjoicmVmcmVzaCIsImV4cCI6MTc0MjMxMTQyNywiaWF0IjoxNzM5NzE5NDI3LCJqdGkiOiI3Y2M3MGY3OTc4N2E0ZDQ0ODlhNDRiYTc3ZjMxZjRiNiIsInVzZXJfaWQiOjF9.-IyrXEya_CmoGzMEffdnvKhCiti3ziGDtT0vWzsOFWE	\N	2025-03-18 23:23:47+08	\N	7cc70f79787a4d4489a44ba77f31f4b6
326	eyJhbGciOiJIUzI1NiIsInR5cCI6IkpXVCJ9.eyJ0b2tlbl90eXBlIjoicmVmcmVzaCIsImV4cCI6MTc0MjMxMTQ4OSwiaWF0IjoxNzM5NzE5NDg5LCJqdGkiOiI1NDk2NDUwYTQwNzE0NGM5OGEzNjE4NDg4Mjc0YWZjYyIsInVzZXJfaWQiOjF9.59QqHzSIF06EAfo7qFzGyuOQT3HQapV2j20fszP_CZ8	\N	2025-03-18 23:24:49+08	\N	5496450a407144c98a3618488274afcc
327	eyJhbGciOiJIUzI1NiIsInR5cCI6IkpXVCJ9.eyJ0b2tlbl90eXBlIjoicmVmcmVzaCIsImV4cCI6MTc0MjMxMTk0NSwiaWF0IjoxNzM5NzE5OTQ1LCJqdGkiOiI2NjZkNmUwMDc1ZTQ0YjBiYWU0OGEzNzBjMjFhNGJhOSIsInVzZXJfaWQiOjF9.u1UUtu_n_J4qHjjjdGPyTgk0-hJZ9gopTaXZNelKcAQ	\N	2025-03-18 23:32:25+08	\N	666d6e0075e44b0bae48a370c21a4ba9
328	eyJhbGciOiJIUzI1NiIsInR5cCI6IkpXVCJ9.eyJ0b2tlbl90eXBlIjoicmVmcmVzaCIsImV4cCI6MTc0MjMxMjAyNSwiaWF0IjoxNzM5NzIwMDI1LCJqdGkiOiI0YjcxNTJmYTZhMWI0N2RmOWQ0ZTlmOWZiYWIzNzBlYiIsInVzZXJfaWQiOjF9.ZjfzkGR2V0gazt64gA2QDVuECd1_m3cLrr6MEfgtCmY	\N	2025-03-18 23:33:45+08	\N	4b7152fa6a1b47df9d4e9f9fbab370eb
329	eyJhbGciOiJIUzI1NiIsInR5cCI6IkpXVCJ9.eyJ0b2tlbl90eXBlIjoicmVmcmVzaCIsImV4cCI6MTc0MjMxMzU5MiwiaWF0IjoxNzM5NzIxNTkyLCJqdGkiOiJiN2RmNThhMzA5NTA0NTFjOTEzMmRlNjM4N2YxMWI4MiIsInVzZXJfaWQiOjF9.TPrvYaiRlHWlWaHghNpRt7IaBDr1AYrI3dPnxPfpwBk	\N	2025-03-18 23:59:52+08	\N	b7df58a30950451c9132de6387f11b82
330	eyJhbGciOiJIUzI1NiIsInR5cCI6IkpXVCJ9.eyJ0b2tlbl90eXBlIjoicmVmcmVzaCIsImV4cCI6MTc0MjMxMzYxOSwiaWF0IjoxNzM5NzIxNjE5LCJqdGkiOiIzOWQzYzgyMTRlNjE0OWUwODBhYjg0NWYxOWRkYzcyMCIsInVzZXJfaWQiOjF9.s_5dZLwxkeZtwSkycSPQSOzm2544_qMrKYc4FhC5IlE	\N	2025-03-19 00:00:19+08	\N	39d3c8214e6149e080ab845f19ddc720
331	eyJhbGciOiJIUzI1NiIsInR5cCI6IkpXVCJ9.eyJ0b2tlbl90eXBlIjoicmVmcmVzaCIsImV4cCI6MTc0MjMxMzgzNywiaWF0IjoxNzM5NzIxODM3LCJqdGkiOiJhMzA5YmMzYjMzZDY0NTA3YWY0MGRmZDE3N2JjOWQ0NyIsInVzZXJfaWQiOjF9.NxwhX7lGC_ccAZhswSYT5RWKhf8rwGoM78VmXND1qFM	\N	2025-03-19 00:03:57+08	\N	a309bc3b33d64507af40dfd177bc9d47
332	eyJhbGciOiJIUzI1NiIsInR5cCI6IkpXVCJ9.eyJ0b2tlbl90eXBlIjoicmVmcmVzaCIsImV4cCI6MTc0MjMxNDAwNSwiaWF0IjoxNzM5NzIyMDA1LCJqdGkiOiIxYjM2NmY1MmVlNDQ0MzYzYTYwMzQ1MGQ0NTFiNWIxZSIsInVzZXJfaWQiOjF9.5KUDd_Nf878wvrNR5u1gqR7BKmBHthi8hVrWDwNdFGo	\N	2025-03-19 00:06:45+08	\N	1b366f52ee444363a603450d451b5b1e
\.


--
-- TOC entry 3629 (class 0 OID 0)
-- Dependencies: 227
-- Name: account_user_groups_id_seq; Type: SEQUENCE SET; Schema: public; Owner: giantcld
--

SELECT pg_catalog.setval('public.account_user_groups_id_seq', 1, false);


--
-- TOC entry 3630 (class 0 OID 0)
-- Dependencies: 225
-- Name: account_user_id_seq; Type: SEQUENCE SET; Schema: public; Owner: giantcld
--

SELECT pg_catalog.setval('public.account_user_id_seq', 1, true);


--
-- TOC entry 3631 (class 0 OID 0)
-- Dependencies: 229
-- Name: account_user_user_permissions_id_seq; Type: SEQUENCE SET; Schema: public; Owner: giantcld
--

SELECT pg_catalog.setval('public.account_user_user_permissions_id_seq', 1, false);


--
-- TOC entry 3632 (class 0 OID 0)
-- Dependencies: 233
-- Name: admin_interface_theme_id_seq; Type: SEQUENCE SET; Schema: public; Owner: giantcld
--

SELECT pg_catalog.setval('public.admin_interface_theme_id_seq', 8, true);


--
-- TOC entry 3633 (class 0 OID 0)
-- Dependencies: 221
-- Name: auth_group_id_seq; Type: SEQUENCE SET; Schema: public; Owner: giantcld
--

SELECT pg_catalog.setval('public.auth_group_id_seq', 1, false);


--
-- TOC entry 3634 (class 0 OID 0)
-- Dependencies: 223
-- Name: auth_group_permissions_id_seq; Type: SEQUENCE SET; Schema: public; Owner: giantcld
--

SELECT pg_catalog.setval('public.auth_group_permissions_id_seq', 1, false);


--
-- TOC entry 3635 (class 0 OID 0)
-- Dependencies: 219
-- Name: auth_permission_id_seq; Type: SEQUENCE SET; Schema: public; Owner: giantcld
--

SELECT pg_catalog.setval('public.auth_permission_id_seq', 84, true);


--
-- TOC entry 3636 (class 0 OID 0)
-- Dependencies: 239
-- Name: core_apscredentials_id_seq; Type: SEQUENCE SET; Schema: public; Owner: giantcld
--

SELECT pg_catalog.setval('public.core_apscredentials_id_seq', 1, true);


--
-- TOC entry 3637 (class 0 OID 0)
-- Dependencies: 235
-- Name: core_company_id_seq; Type: SEQUENCE SET; Schema: public; Owner: giantcld
--

SELECT pg_catalog.setval('public.core_company_id_seq', 1, false);


--
-- TOC entry 3638 (class 0 OID 0)
-- Dependencies: 237
-- Name: core_locale_id_seq; Type: SEQUENCE SET; Schema: public; Owner: giantcld
--

SELECT pg_catalog.setval('public.core_locale_id_seq', 1, false);


--
-- TOC entry 3639 (class 0 OID 0)
-- Dependencies: 241
-- Name: core_navigation_id_seq; Type: SEQUENCE SET; Schema: public; Owner: giantcld
--

SELECT pg_catalog.setval('public.core_navigation_id_seq', 6, true);


--
-- TOC entry 3640 (class 0 OID 0)
-- Dependencies: 243
-- Name: core_navigation_permissions_id_seq; Type: SEQUENCE SET; Schema: public; Owner: giantcld
--

SELECT pg_catalog.setval('public.core_navigation_permissions_id_seq', 1, false);


--
-- TOC entry 3641 (class 0 OID 0)
-- Dependencies: 247
-- Name: core_translation_id_seq; Type: SEQUENCE SET; Schema: public; Owner: giantcld
--

SELECT pg_catalog.setval('public.core_translation_id_seq', 204, true);


--
-- TOC entry 3642 (class 0 OID 0)
-- Dependencies: 245
-- Name: core_userprofile_id_seq; Type: SEQUENCE SET; Schema: public; Owner: giantcld
--

SELECT pg_catalog.setval('public.core_userprofile_id_seq', 1, true);


--
-- TOC entry 3643 (class 0 OID 0)
-- Dependencies: 231
-- Name: django_admin_log_id_seq; Type: SEQUENCE SET; Schema: public; Owner: giantcld
--

SELECT pg_catalog.setval('public.django_admin_log_id_seq', 23, true);


--
-- TOC entry 3644 (class 0 OID 0)
-- Dependencies: 251
-- Name: django_celery_results_chordcounter_id_seq; Type: SEQUENCE SET; Schema: public; Owner: giantcld
--

SELECT pg_catalog.setval('public.django_celery_results_chordcounter_id_seq', 1, false);


--
-- TOC entry 3645 (class 0 OID 0)
-- Dependencies: 253
-- Name: django_celery_results_groupresult_id_seq; Type: SEQUENCE SET; Schema: public; Owner: giantcld
--

SELECT pg_catalog.setval('public.django_celery_results_groupresult_id_seq', 1, false);


--
-- TOC entry 3646 (class 0 OID 0)
-- Dependencies: 249
-- Name: django_celery_results_taskresult_id_seq; Type: SEQUENCE SET; Schema: public; Owner: giantcld
--

SELECT pg_catalog.setval('public.django_celery_results_taskresult_id_seq', 29, true);


--
-- TOC entry 3647 (class 0 OID 0)
-- Dependencies: 217
-- Name: django_content_type_id_seq; Type: SEQUENCE SET; Schema: public; Owner: giantcld
--

SELECT pg_catalog.setval('public.django_content_type_id_seq', 22, true);


--
-- TOC entry 3648 (class 0 OID 0)
-- Dependencies: 215
-- Name: django_migrations_id_seq; Type: SEQUENCE SET; Schema: public; Owner: giantcld
--

SELECT pg_catalog.setval('public.django_migrations_id_seq', 80, true);


--
-- TOC entry 3649 (class 0 OID 0)
-- Dependencies: 255
-- Name: forge_bim_category_id_seq; Type: SEQUENCE SET; Schema: public; Owner: giantcld
--

SELECT pg_catalog.setval('public.forge_bim_category_id_seq', 1, false);


--
-- TOC entry 3650 (class 0 OID 0)
-- Dependencies: 259
-- Name: forge_bim_conversion_id_seq; Type: SEQUENCE SET; Schema: public; Owner: giantcld
--

SELECT pg_catalog.setval('public.forge_bim_conversion_id_seq', 40, true);


--
-- TOC entry 3651 (class 0 OID 0)
-- Dependencies: 257
-- Name: forge_bim_model_id_seq; Type: SEQUENCE SET; Schema: public; Owner: giantcld
--

SELECT pg_catalog.setval('public.forge_bim_model_id_seq', 25, true);


--
-- TOC entry 3652 (class 0 OID 0)
-- Dependencies: 262
-- Name: token_blacklist_blacklistedtoken_id_seq; Type: SEQUENCE SET; Schema: public; Owner: giantcld
--

SELECT pg_catalog.setval('public.token_blacklist_blacklistedtoken_id_seq', 331, true);


--
-- TOC entry 3653 (class 0 OID 0)
-- Dependencies: 264
-- Name: token_blacklist_outstandingtoken_id_seq; Type: SEQUENCE SET; Schema: public; Owner: giantcld
--

SELECT pg_catalog.setval('public.token_blacklist_outstandingtoken_id_seq', 332, true);


--
-- TOC entry 3305 (class 2606 OID 128471)
-- Name: account_user account_user_email_key; Type: CONSTRAINT; Schema: public; Owner: giantcld
--

ALTER TABLE ONLY public.account_user
    ADD CONSTRAINT account_user_email_key UNIQUE (email);


--
-- TOC entry 3310 (class 2606 OID 128477)
-- Name: account_user_groups account_user_groups_pkey; Type: CONSTRAINT; Schema: public; Owner: giantcld
--

ALTER TABLE ONLY public.account_user_groups
    ADD CONSTRAINT account_user_groups_pkey PRIMARY KEY (id);


--
-- TOC entry 3313 (class 2606 OID 128486)
-- Name: account_user_groups account_user_groups_user_id_group_id_4d09af3e_uniq; Type: CONSTRAINT; Schema: public; Owner: giantcld
--

ALTER TABLE ONLY public.account_user_groups
    ADD CONSTRAINT account_user_groups_user_id_group_id_4d09af3e_uniq UNIQUE (user_id, group_id);


--
-- TOC entry 3307 (class 2606 OID 128469)
-- Name: account_user account_user_pkey; Type: CONSTRAINT; Schema: public; Owner: giantcld
--

ALTER TABLE ONLY public.account_user
    ADD CONSTRAINT account_user_pkey PRIMARY KEY (id);


--
-- TOC entry 3315 (class 2606 OID 128500)
-- Name: account_user_user_permissions account_user_user_permis_user_id_permission_id_48bdd28b_uniq; Type: CONSTRAINT; Schema: public; Owner: giantcld
--

ALTER TABLE ONLY public.account_user_user_permissions
    ADD CONSTRAINT account_user_user_permis_user_id_permission_id_48bdd28b_uniq UNIQUE (user_id, permission_id);


--
-- TOC entry 3318 (class 2606 OID 128483)
-- Name: account_user_user_permissions account_user_user_permissions_pkey; Type: CONSTRAINT; Schema: public; Owner: giantcld
--

ALTER TABLE ONLY public.account_user_user_permissions
    ADD CONSTRAINT account_user_user_permissions_pkey PRIMARY KEY (id);


--
-- TOC entry 3326 (class 2606 OID 128556)
-- Name: admin_interface_theme admin_interface_theme_name_30bda70f_uniq; Type: CONSTRAINT; Schema: public; Owner: giantcld
--

ALTER TABLE ONLY public.admin_interface_theme
    ADD CONSTRAINT admin_interface_theme_name_30bda70f_uniq UNIQUE (name);


--
-- TOC entry 3328 (class 2606 OID 128541)
-- Name: admin_interface_theme admin_interface_theme_pkey; Type: CONSTRAINT; Schema: public; Owner: giantcld
--

ALTER TABLE ONLY public.admin_interface_theme
    ADD CONSTRAINT admin_interface_theme_pkey PRIMARY KEY (id);


--
-- TOC entry 3294 (class 2606 OID 128460)
-- Name: auth_group auth_group_name_key; Type: CONSTRAINT; Schema: public; Owner: giantcld
--

ALTER TABLE ONLY public.auth_group
    ADD CONSTRAINT auth_group_name_key UNIQUE (name);


--
-- TOC entry 3299 (class 2606 OID 128446)
-- Name: auth_group_permissions auth_group_permissions_group_id_permission_id_0cd325b0_uniq; Type: CONSTRAINT; Schema: public; Owner: giantcld
--

ALTER TABLE ONLY public.auth_group_permissions
    ADD CONSTRAINT auth_group_permissions_group_id_permission_id_0cd325b0_uniq UNIQUE (group_id, permission_id);


--
-- TOC entry 3302 (class 2606 OID 128435)
-- Name: auth_group_permissions auth_group_permissions_pkey; Type: CONSTRAINT; Schema: public; Owner: giantcld
--

ALTER TABLE ONLY public.auth_group_permissions
    ADD CONSTRAINT auth_group_permissions_pkey PRIMARY KEY (id);


--
-- TOC entry 3296 (class 2606 OID 128427)
-- Name: auth_group auth_group_pkey; Type: CONSTRAINT; Schema: public; Owner: giantcld
--

ALTER TABLE ONLY public.auth_group
    ADD CONSTRAINT auth_group_pkey PRIMARY KEY (id);


--
-- TOC entry 3289 (class 2606 OID 128437)
-- Name: auth_permission auth_permission_content_type_id_codename_01ab375a_uniq; Type: CONSTRAINT; Schema: public; Owner: giantcld
--

ALTER TABLE ONLY public.auth_permission
    ADD CONSTRAINT auth_permission_content_type_id_codename_01ab375a_uniq UNIQUE (content_type_id, codename);


--
-- TOC entry 3291 (class 2606 OID 128421)
-- Name: auth_permission auth_permission_pkey; Type: CONSTRAINT; Schema: public; Owner: giantcld
--

ALTER TABLE ONLY public.auth_permission
    ADD CONSTRAINT auth_permission_pkey PRIMARY KEY (id);


--
-- TOC entry 3341 (class 2606 OID 128603)
-- Name: core_apscredentials core_apscredentials_pkey; Type: CONSTRAINT; Schema: public; Owner: giantcld
--

ALTER TABLE ONLY public.core_apscredentials
    ADD CONSTRAINT core_apscredentials_pkey PRIMARY KEY (id);


--
-- TOC entry 3331 (class 2606 OID 128587)
-- Name: core_company core_company_name_key; Type: CONSTRAINT; Schema: public; Owner: giantcld
--

ALTER TABLE ONLY public.core_company
    ADD CONSTRAINT core_company_name_key UNIQUE (name);


--
-- TOC entry 3333 (class 2606 OID 128585)
-- Name: core_company core_company_pkey; Type: CONSTRAINT; Schema: public; Owner: giantcld
--

ALTER TABLE ONLY public.core_company
    ADD CONSTRAINT core_company_pkey PRIMARY KEY (id);


--
-- TOC entry 3336 (class 2606 OID 128595)
-- Name: core_locale core_locale_lang_key; Type: CONSTRAINT; Schema: public; Owner: giantcld
--

ALTER TABLE ONLY public.core_locale
    ADD CONSTRAINT core_locale_lang_key UNIQUE (lang);


--
-- TOC entry 3338 (class 2606 OID 128593)
-- Name: core_locale core_locale_pkey; Type: CONSTRAINT; Schema: public; Owner: giantcld
--

ALTER TABLE ONLY public.core_locale
    ADD CONSTRAINT core_locale_pkey PRIMARY KEY (id);


--
-- TOC entry 3347 (class 2606 OID 128654)
-- Name: core_navigation_permissions core_navigation_permissi_navigation_id_permission_4d4bd10a_uniq; Type: CONSTRAINT; Schema: public; Owner: giantcld
--

ALTER TABLE ONLY public.core_navigation_permissions
    ADD CONSTRAINT core_navigation_permissi_navigation_id_permission_4d4bd10a_uniq UNIQUE (navigation_id, permission_id);


--
-- TOC entry 3351 (class 2606 OID 128621)
-- Name: core_navigation_permissions core_navigation_permissions_pkey; Type: CONSTRAINT; Schema: public; Owner: giantcld
--

ALTER TABLE ONLY public.core_navigation_permissions
    ADD CONSTRAINT core_navigation_permissions_pkey PRIMARY KEY (id);


--
-- TOC entry 3344 (class 2606 OID 128615)
-- Name: core_navigation core_navigation_pkey; Type: CONSTRAINT; Schema: public; Owner: giantcld
--

ALTER TABLE ONLY public.core_navigation
    ADD CONSTRAINT core_navigation_pkey PRIMARY KEY (id);


--
-- TOC entry 3358 (class 2606 OID 128679)
-- Name: core_translation core_translation_key_locale_id_29de90de_uniq; Type: CONSTRAINT; Schema: public; Owner: giantcld
--

ALTER TABLE ONLY public.core_translation
    ADD CONSTRAINT core_translation_key_locale_id_29de90de_uniq UNIQUE (key, locale_id);


--
-- TOC entry 3361 (class 2606 OID 128637)
-- Name: core_translation core_translation_pkey; Type: CONSTRAINT; Schema: public; Owner: giantcld
--

ALTER TABLE ONLY public.core_translation
    ADD CONSTRAINT core_translation_pkey PRIMARY KEY (id);


--
-- TOC entry 3354 (class 2606 OID 128627)
-- Name: core_userprofile core_userprofile_pkey; Type: CONSTRAINT; Schema: public; Owner: giantcld
--

ALTER TABLE ONLY public.core_userprofile
    ADD CONSTRAINT core_userprofile_pkey PRIMARY KEY (id);


--
-- TOC entry 3356 (class 2606 OID 128629)
-- Name: core_userprofile core_userprofile_user_id_key; Type: CONSTRAINT; Schema: public; Owner: giantcld
--

ALTER TABLE ONLY public.core_userprofile
    ADD CONSTRAINT core_userprofile_user_id_key UNIQUE (user_id);


--
-- TOC entry 3322 (class 2606 OID 128521)
-- Name: django_admin_log django_admin_log_pkey; Type: CONSTRAINT; Schema: public; Owner: giantcld
--

ALTER TABLE ONLY public.django_admin_log
    ADD CONSTRAINT django_admin_log_pkey PRIMARY KEY (id);


--
-- TOC entry 3374 (class 2606 OID 128717)
-- Name: django_celery_results_chordcounter django_celery_results_chordcounter_group_id_key; Type: CONSTRAINT; Schema: public; Owner: giantcld
--

ALTER TABLE ONLY public.django_celery_results_chordcounter
    ADD CONSTRAINT django_celery_results_chordcounter_group_id_key UNIQUE (group_id);


--
-- TOC entry 3376 (class 2606 OID 128715)
-- Name: django_celery_results_chordcounter django_celery_results_chordcounter_pkey; Type: CONSTRAINT; Schema: public; Owner: giantcld
--

ALTER TABLE ONLY public.django_celery_results_chordcounter
    ADD CONSTRAINT django_celery_results_chordcounter_pkey PRIMARY KEY (id);


--
-- TOC entry 3381 (class 2606 OID 128728)
-- Name: django_celery_results_groupresult django_celery_results_groupresult_group_id_key; Type: CONSTRAINT; Schema: public; Owner: giantcld
--

ALTER TABLE ONLY public.django_celery_results_groupresult
    ADD CONSTRAINT django_celery_results_groupresult_group_id_key UNIQUE (group_id);


--
-- TOC entry 3383 (class 2606 OID 128726)
-- Name: django_celery_results_groupresult django_celery_results_groupresult_pkey; Type: CONSTRAINT; Schema: public; Owner: giantcld
--

ALTER TABLE ONLY public.django_celery_results_groupresult
    ADD CONSTRAINT django_celery_results_groupresult_pkey PRIMARY KEY (id);


--
-- TOC entry 3368 (class 2606 OID 128693)
-- Name: django_celery_results_taskresult django_celery_results_taskresult_pkey; Type: CONSTRAINT; Schema: public; Owner: giantcld
--

ALTER TABLE ONLY public.django_celery_results_taskresult
    ADD CONSTRAINT django_celery_results_taskresult_pkey PRIMARY KEY (id);


--
-- TOC entry 3371 (class 2606 OID 128695)
-- Name: django_celery_results_taskresult django_celery_results_taskresult_task_id_key; Type: CONSTRAINT; Schema: public; Owner: giantcld
--

ALTER TABLE ONLY public.django_celery_results_taskresult
    ADD CONSTRAINT django_celery_results_taskresult_task_id_key UNIQUE (task_id);


--
-- TOC entry 3284 (class 2606 OID 128415)
-- Name: django_content_type django_content_type_app_label_model_76bd3d3b_uniq; Type: CONSTRAINT; Schema: public; Owner: giantcld
--

ALTER TABLE ONLY public.django_content_type
    ADD CONSTRAINT django_content_type_app_label_model_76bd3d3b_uniq UNIQUE (app_label, model);


--
-- TOC entry 3286 (class 2606 OID 128413)
-- Name: django_content_type django_content_type_pkey; Type: CONSTRAINT; Schema: public; Owner: giantcld
--

ALTER TABLE ONLY public.django_content_type
    ADD CONSTRAINT django_content_type_pkey PRIMARY KEY (id);


--
-- TOC entry 3282 (class 2606 OID 128407)
-- Name: django_migrations django_migrations_pkey; Type: CONSTRAINT; Schema: public; Owner: giantcld
--

ALTER TABLE ONLY public.django_migrations
    ADD CONSTRAINT django_migrations_pkey PRIMARY KEY (id);


--
-- TOC entry 3398 (class 2606 OID 128776)
-- Name: django_session django_session_pkey; Type: CONSTRAINT; Schema: public; Owner: giantcld
--

ALTER TABLE ONLY public.django_session
    ADD CONSTRAINT django_session_pkey PRIMARY KEY (session_key);


--
-- TOC entry 3386 (class 2606 OID 128746)
-- Name: forge_bim_category forge_bim_category_name_key; Type: CONSTRAINT; Schema: public; Owner: giantcld
--

ALTER TABLE ONLY public.forge_bim_category
    ADD CONSTRAINT forge_bim_category_name_key UNIQUE (name);


--
-- TOC entry 3388 (class 2606 OID 128744)
-- Name: forge_bim_category forge_bim_category_pkey; Type: CONSTRAINT; Schema: public; Owner: giantcld
--

ALTER TABLE ONLY public.forge_bim_category
    ADD CONSTRAINT forge_bim_category_pkey PRIMARY KEY (id);


--
-- TOC entry 3393 (class 2606 OID 128763)
-- Name: forge_bim_conversion forge_bim_conversion_bim_model_id_version_3c4e6b0f_uniq; Type: CONSTRAINT; Schema: public; Owner: giantcld
--

ALTER TABLE ONLY public.forge_bim_conversion
    ADD CONSTRAINT forge_bim_conversion_bim_model_id_version_3c4e6b0f_uniq UNIQUE (bim_model_id, version);


--
-- TOC entry 3395 (class 2606 OID 128760)
-- Name: forge_bim_conversion forge_bim_conversion_pkey; Type: CONSTRAINT; Schema: public; Owner: giantcld
--

ALTER TABLE ONLY public.forge_bim_conversion
    ADD CONSTRAINT forge_bim_conversion_pkey PRIMARY KEY (id);


--
-- TOC entry 3390 (class 2606 OID 128752)
-- Name: forge_bim_model forge_bim_model_pkey; Type: CONSTRAINT; Schema: public; Owner: giantcld
--

ALTER TABLE ONLY public.forge_bim_model
    ADD CONSTRAINT forge_bim_model_pkey PRIMARY KEY (id);


--
-- TOC entry 3401 (class 2606 OID 128818)
-- Name: token_blacklist_blacklistedtoken token_blacklist_blacklistedtoken_pkey; Type: CONSTRAINT; Schema: public; Owner: giantcld
--

ALTER TABLE ONLY public.token_blacklist_blacklistedtoken
    ADD CONSTRAINT token_blacklist_blacklistedtoken_pkey PRIMARY KEY (id);


--
-- TOC entry 3403 (class 2606 OID 128839)
-- Name: token_blacklist_blacklistedtoken token_blacklist_blacklistedtoken_token_id_key; Type: CONSTRAINT; Schema: public; Owner: giantcld
--

ALTER TABLE ONLY public.token_blacklist_blacklistedtoken
    ADD CONSTRAINT token_blacklist_blacklistedtoken_token_id_key UNIQUE (token_id);


--
-- TOC entry 3406 (class 2606 OID 128809)
-- Name: token_blacklist_outstandingtoken token_blacklist_outstandingtoken_jti_hex_d9bdf6f7_uniq; Type: CONSTRAINT; Schema: public; Owner: giantcld
--

ALTER TABLE ONLY public.token_blacklist_outstandingtoken
    ADD CONSTRAINT token_blacklist_outstandingtoken_jti_hex_d9bdf6f7_uniq UNIQUE (jti);


--
-- TOC entry 3408 (class 2606 OID 128827)
-- Name: token_blacklist_outstandingtoken token_blacklist_outstandingtoken_pkey; Type: CONSTRAINT; Schema: public; Owner: giantcld
--

ALTER TABLE ONLY public.token_blacklist_outstandingtoken
    ADD CONSTRAINT token_blacklist_outstandingtoken_pkey PRIMARY KEY (id);


--
-- TOC entry 3303 (class 1259 OID 128484)
-- Name: account_user_email_0bd7c421_like; Type: INDEX; Schema: public; Owner: giantcld
--

CREATE INDEX account_user_email_0bd7c421_like ON public.account_user USING btree (email varchar_pattern_ops);


--
-- TOC entry 3308 (class 1259 OID 128498)
-- Name: account_user_groups_group_id_6c71f749; Type: INDEX; Schema: public; Owner: giantcld
--

CREATE INDEX account_user_groups_group_id_6c71f749 ON public.account_user_groups USING btree (group_id);


--
-- TOC entry 3311 (class 1259 OID 128497)
-- Name: account_user_groups_user_id_14345e7b; Type: INDEX; Schema: public; Owner: giantcld
--

CREATE INDEX account_user_groups_user_id_14345e7b ON public.account_user_groups USING btree (user_id);


--
-- TOC entry 3316 (class 1259 OID 128512)
-- Name: account_user_user_permissions_permission_id_66c44191; Type: INDEX; Schema: public; Owner: giantcld
--

CREATE INDEX account_user_user_permissions_permission_id_66c44191 ON public.account_user_user_permissions USING btree (permission_id);


--
-- TOC entry 3319 (class 1259 OID 128511)
-- Name: account_user_user_permissions_user_id_cc42d270; Type: INDEX; Schema: public; Owner: giantcld
--

CREATE INDEX account_user_user_permissions_user_id_cc42d270 ON public.account_user_user_permissions USING btree (user_id);


--
-- TOC entry 3324 (class 1259 OID 128557)
-- Name: admin_interface_theme_name_30bda70f_like; Type: INDEX; Schema: public; Owner: giantcld
--

CREATE INDEX admin_interface_theme_name_30bda70f_like ON public.admin_interface_theme USING btree (name varchar_pattern_ops);


--
-- TOC entry 3292 (class 1259 OID 128461)
-- Name: auth_group_name_a6ea08ec_like; Type: INDEX; Schema: public; Owner: giantcld
--

CREATE INDEX auth_group_name_a6ea08ec_like ON public.auth_group USING btree (name varchar_pattern_ops);


--
-- TOC entry 3297 (class 1259 OID 128457)
-- Name: auth_group_permissions_group_id_b120cbf9; Type: INDEX; Schema: public; Owner: giantcld
--

CREATE INDEX auth_group_permissions_group_id_b120cbf9 ON public.auth_group_permissions USING btree (group_id);


--
-- TOC entry 3300 (class 1259 OID 128458)
-- Name: auth_group_permissions_permission_id_84c5c92e; Type: INDEX; Schema: public; Owner: giantcld
--

CREATE INDEX auth_group_permissions_permission_id_84c5c92e ON public.auth_group_permissions USING btree (permission_id);


--
-- TOC entry 3287 (class 1259 OID 128443)
-- Name: auth_permission_content_type_id_2f476e4b; Type: INDEX; Schema: public; Owner: giantcld
--

CREATE INDEX auth_permission_content_type_id_2f476e4b ON public.auth_permission USING btree (content_type_id);


--
-- TOC entry 3339 (class 1259 OID 128645)
-- Name: core_apscredentials_company_id_8d0dd96c; Type: INDEX; Schema: public; Owner: giantcld
--

CREATE INDEX core_apscredentials_company_id_8d0dd96c ON public.core_apscredentials USING btree (company_id);


--
-- TOC entry 3329 (class 1259 OID 128638)
-- Name: core_company_name_230c8031_like; Type: INDEX; Schema: public; Owner: giantcld
--

CREATE INDEX core_company_name_230c8031_like ON public.core_company USING btree (name varchar_pattern_ops);


--
-- TOC entry 3334 (class 1259 OID 128639)
-- Name: core_locale_lang_7e4234f0_like; Type: INDEX; Schema: public; Owner: giantcld
--

CREATE INDEX core_locale_lang_7e4234f0_like ON public.core_locale USING btree (lang varchar_pattern_ops);


--
-- TOC entry 3342 (class 1259 OID 128652)
-- Name: core_navigation_parent_id_0a0ee36b; Type: INDEX; Schema: public; Owner: giantcld
--

CREATE INDEX core_navigation_parent_id_0a0ee36b ON public.core_navigation USING btree (parent_id);


--
-- TOC entry 3348 (class 1259 OID 128665)
-- Name: core_navigation_permissions_navigation_id_5025399d; Type: INDEX; Schema: public; Owner: giantcld
--

CREATE INDEX core_navigation_permissions_navigation_id_5025399d ON public.core_navigation_permissions USING btree (navigation_id);


--
-- TOC entry 3349 (class 1259 OID 128666)
-- Name: core_navigation_permissions_permission_id_dfacc148; Type: INDEX; Schema: public; Owner: giantcld
--

CREATE INDEX core_navigation_permissions_permission_id_dfacc148 ON public.core_navigation_permissions USING btree (permission_id);


--
-- TOC entry 3345 (class 1259 OID 128651)
-- Name: core_navigation_tree_id_9651f31f; Type: INDEX; Schema: public; Owner: giantcld
--

CREATE INDEX core_navigation_tree_id_9651f31f ON public.core_navigation USING btree (tree_id);


--
-- TOC entry 3359 (class 1259 OID 128685)
-- Name: core_translation_locale_id_af238300; Type: INDEX; Schema: public; Owner: giantcld
--

CREATE INDEX core_translation_locale_id_af238300 ON public.core_translation USING btree (locale_id);


--
-- TOC entry 3352 (class 1259 OID 128677)
-- Name: core_userprofile_company_id_f3f7e395; Type: INDEX; Schema: public; Owner: giantcld
--

CREATE INDEX core_userprofile_company_id_f3f7e395 ON public.core_userprofile USING btree (company_id);


--
-- TOC entry 3320 (class 1259 OID 128532)
-- Name: django_admin_log_content_type_id_c4bce8eb; Type: INDEX; Schema: public; Owner: giantcld
--

CREATE INDEX django_admin_log_content_type_id_c4bce8eb ON public.django_admin_log USING btree (content_type_id);


--
-- TOC entry 3323 (class 1259 OID 128533)
-- Name: django_admin_log_user_id_c564eba6; Type: INDEX; Schema: public; Owner: giantcld
--

CREATE INDEX django_admin_log_user_id_c564eba6 ON public.django_admin_log USING btree (user_id);


--
-- TOC entry 3377 (class 1259 OID 128734)
-- Name: django_cele_date_cr_bd6c1d_idx; Type: INDEX; Schema: public; Owner: giantcld
--

CREATE INDEX django_cele_date_cr_bd6c1d_idx ON public.django_celery_results_groupresult USING btree (date_created);


--
-- TOC entry 3362 (class 1259 OID 128732)
-- Name: django_cele_date_cr_f04a50_idx; Type: INDEX; Schema: public; Owner: giantcld
--

CREATE INDEX django_cele_date_cr_f04a50_idx ON public.django_celery_results_taskresult USING btree (date_created);


--
-- TOC entry 3378 (class 1259 OID 128735)
-- Name: django_cele_date_do_caae0e_idx; Type: INDEX; Schema: public; Owner: giantcld
--

CREATE INDEX django_cele_date_do_caae0e_idx ON public.django_celery_results_groupresult USING btree (date_done);


--
-- TOC entry 3363 (class 1259 OID 128733)
-- Name: django_cele_date_do_f59aad_idx; Type: INDEX; Schema: public; Owner: giantcld
--

CREATE INDEX django_cele_date_do_f59aad_idx ON public.django_celery_results_taskresult USING btree (date_done);


--
-- TOC entry 3364 (class 1259 OID 128730)
-- Name: django_cele_status_9b6201_idx; Type: INDEX; Schema: public; Owner: giantcld
--

CREATE INDEX django_cele_status_9b6201_idx ON public.django_celery_results_taskresult USING btree (status);


--
-- TOC entry 3365 (class 1259 OID 128729)
-- Name: django_cele_task_na_08aec9_idx; Type: INDEX; Schema: public; Owner: giantcld
--

CREATE INDEX django_cele_task_na_08aec9_idx ON public.django_celery_results_taskresult USING btree (task_name);


--
-- TOC entry 3366 (class 1259 OID 128731)
-- Name: django_cele_worker_d54dd8_idx; Type: INDEX; Schema: public; Owner: giantcld
--

CREATE INDEX django_cele_worker_d54dd8_idx ON public.django_celery_results_taskresult USING btree (worker);


--
-- TOC entry 3372 (class 1259 OID 128718)
-- Name: django_celery_results_chordcounter_group_id_1f70858c_like; Type: INDEX; Schema: public; Owner: giantcld
--

CREATE INDEX django_celery_results_chordcounter_group_id_1f70858c_like ON public.django_celery_results_chordcounter USING btree (group_id varchar_pattern_ops);


--
-- TOC entry 3379 (class 1259 OID 128736)
-- Name: django_celery_results_groupresult_group_id_a085f1a9_like; Type: INDEX; Schema: public; Owner: giantcld
--

CREATE INDEX django_celery_results_groupresult_group_id_a085f1a9_like ON public.django_celery_results_groupresult USING btree (group_id varchar_pattern_ops);


--
-- TOC entry 3369 (class 1259 OID 128696)
-- Name: django_celery_results_taskresult_task_id_de0d95bf_like; Type: INDEX; Schema: public; Owner: giantcld
--

CREATE INDEX django_celery_results_taskresult_task_id_de0d95bf_like ON public.django_celery_results_taskresult USING btree (task_id varchar_pattern_ops);


--
-- TOC entry 3396 (class 1259 OID 128778)
-- Name: django_session_expire_date_a5c62663; Type: INDEX; Schema: public; Owner: giantcld
--

CREATE INDEX django_session_expire_date_a5c62663 ON public.django_session USING btree (expire_date);


--
-- TOC entry 3399 (class 1259 OID 128777)
-- Name: django_session_session_key_c0390e0f_like; Type: INDEX; Schema: public; Owner: giantcld
--

CREATE INDEX django_session_session_key_c0390e0f_like ON public.django_session USING btree (session_key varchar_pattern_ops);


--
-- TOC entry 3384 (class 1259 OID 128761)
-- Name: forge_bim_category_name_8f144b88_like; Type: INDEX; Schema: public; Owner: giantcld
--

CREATE INDEX forge_bim_category_name_8f144b88_like ON public.forge_bim_category USING btree (name varchar_pattern_ops);


--
-- TOC entry 3391 (class 1259 OID 128769)
-- Name: forge_bim_conversion_bim_model_id_b3975ed5; Type: INDEX; Schema: public; Owner: giantcld
--

CREATE INDEX forge_bim_conversion_bim_model_id_b3975ed5 ON public.forge_bim_conversion USING btree (bim_model_id);


--
-- TOC entry 3404 (class 1259 OID 128810)
-- Name: token_blacklist_outstandingtoken_jti_hex_d9bdf6f7_like; Type: INDEX; Schema: public; Owner: giantcld
--

CREATE INDEX token_blacklist_outstandingtoken_jti_hex_d9bdf6f7_like ON public.token_blacklist_outstandingtoken USING btree (jti varchar_pattern_ops);


--
-- TOC entry 3409 (class 1259 OID 128807)
-- Name: token_blacklist_outstandingtoken_user_id_83bc629a; Type: INDEX; Schema: public; Owner: giantcld
--

CREATE INDEX token_blacklist_outstandingtoken_user_id_83bc629a ON public.token_blacklist_outstandingtoken USING btree (user_id);


--
-- TOC entry 3413 (class 2606 OID 128492)
-- Name: account_user_groups account_user_groups_group_id_6c71f749_fk_auth_group_id; Type: FK CONSTRAINT; Schema: public; Owner: giantcld
--

ALTER TABLE ONLY public.account_user_groups
    ADD CONSTRAINT account_user_groups_group_id_6c71f749_fk_auth_group_id FOREIGN KEY (group_id) REFERENCES public.auth_group(id) DEFERRABLE INITIALLY DEFERRED;


--
-- TOC entry 3414 (class 2606 OID 128487)
-- Name: account_user_groups account_user_groups_user_id_14345e7b_fk_account_user_id; Type: FK CONSTRAINT; Schema: public; Owner: giantcld
--

ALTER TABLE ONLY public.account_user_groups
    ADD CONSTRAINT account_user_groups_user_id_14345e7b_fk_account_user_id FOREIGN KEY (user_id) REFERENCES public.account_user(id) DEFERRABLE INITIALLY DEFERRED;


--
-- TOC entry 3415 (class 2606 OID 128506)
-- Name: account_user_user_permissions account_user_user_pe_permission_id_66c44191_fk_auth_perm; Type: FK CONSTRAINT; Schema: public; Owner: giantcld
--

ALTER TABLE ONLY public.account_user_user_permissions
    ADD CONSTRAINT account_user_user_pe_permission_id_66c44191_fk_auth_perm FOREIGN KEY (permission_id) REFERENCES public.auth_permission(id) DEFERRABLE INITIALLY DEFERRED;


--
-- TOC entry 3416 (class 2606 OID 128501)
-- Name: account_user_user_permissions account_user_user_pe_user_id_cc42d270_fk_account_u; Type: FK CONSTRAINT; Schema: public; Owner: giantcld
--

ALTER TABLE ONLY public.account_user_user_permissions
    ADD CONSTRAINT account_user_user_pe_user_id_cc42d270_fk_account_u FOREIGN KEY (user_id) REFERENCES public.account_user(id) DEFERRABLE INITIALLY DEFERRED;


--
-- TOC entry 3411 (class 2606 OID 128452)
-- Name: auth_group_permissions auth_group_permissio_permission_id_84c5c92e_fk_auth_perm; Type: FK CONSTRAINT; Schema: public; Owner: giantcld
--

ALTER TABLE ONLY public.auth_group_permissions
    ADD CONSTRAINT auth_group_permissio_permission_id_84c5c92e_fk_auth_perm FOREIGN KEY (permission_id) REFERENCES public.auth_permission(id) DEFERRABLE INITIALLY DEFERRED;


--
-- TOC entry 3412 (class 2606 OID 128447)
-- Name: auth_group_permissions auth_group_permissions_group_id_b120cbf9_fk_auth_group_id; Type: FK CONSTRAINT; Schema: public; Owner: giantcld
--

ALTER TABLE ONLY public.auth_group_permissions
    ADD CONSTRAINT auth_group_permissions_group_id_b120cbf9_fk_auth_group_id FOREIGN KEY (group_id) REFERENCES public.auth_group(id) DEFERRABLE INITIALLY DEFERRED;


--
-- TOC entry 3410 (class 2606 OID 128438)
-- Name: auth_permission auth_permission_content_type_id_2f476e4b_fk_django_co; Type: FK CONSTRAINT; Schema: public; Owner: giantcld
--

ALTER TABLE ONLY public.auth_permission
    ADD CONSTRAINT auth_permission_content_type_id_2f476e4b_fk_django_co FOREIGN KEY (content_type_id) REFERENCES public.django_content_type(id) DEFERRABLE INITIALLY DEFERRED;


--
-- TOC entry 3419 (class 2606 OID 128640)
-- Name: core_apscredentials core_apscredentials_company_id_8d0dd96c_fk_core_company_id; Type: FK CONSTRAINT; Schema: public; Owner: giantcld
--

ALTER TABLE ONLY public.core_apscredentials
    ADD CONSTRAINT core_apscredentials_company_id_8d0dd96c_fk_core_company_id FOREIGN KEY (company_id) REFERENCES public.core_company(id) DEFERRABLE INITIALLY DEFERRED;


--
-- TOC entry 3420 (class 2606 OID 128646)
-- Name: core_navigation core_navigation_parent_id_0a0ee36b_fk_core_navigation_id; Type: FK CONSTRAINT; Schema: public; Owner: giantcld
--

ALTER TABLE ONLY public.core_navigation
    ADD CONSTRAINT core_navigation_parent_id_0a0ee36b_fk_core_navigation_id FOREIGN KEY (parent_id) REFERENCES public.core_navigation(id) DEFERRABLE INITIALLY DEFERRED;


--
-- TOC entry 3421 (class 2606 OID 128655)
-- Name: core_navigation_permissions core_navigation_perm_navigation_id_5025399d_fk_core_navi; Type: FK CONSTRAINT; Schema: public; Owner: giantcld
--

ALTER TABLE ONLY public.core_navigation_permissions
    ADD CONSTRAINT core_navigation_perm_navigation_id_5025399d_fk_core_navi FOREIGN KEY (navigation_id) REFERENCES public.core_navigation(id) DEFERRABLE INITIALLY DEFERRED;


--
-- TOC entry 3422 (class 2606 OID 128660)
-- Name: core_navigation_permissions core_navigation_perm_permission_id_dfacc148_fk_auth_perm; Type: FK CONSTRAINT; Schema: public; Owner: giantcld
--

ALTER TABLE ONLY public.core_navigation_permissions
    ADD CONSTRAINT core_navigation_perm_permission_id_dfacc148_fk_auth_perm FOREIGN KEY (permission_id) REFERENCES public.auth_permission(id) DEFERRABLE INITIALLY DEFERRED;


--
-- TOC entry 3425 (class 2606 OID 128680)
-- Name: core_translation core_translation_locale_id_af238300_fk_core_locale_id; Type: FK CONSTRAINT; Schema: public; Owner: giantcld
--

ALTER TABLE ONLY public.core_translation
    ADD CONSTRAINT core_translation_locale_id_af238300_fk_core_locale_id FOREIGN KEY (locale_id) REFERENCES public.core_locale(id) DEFERRABLE INITIALLY DEFERRED;


--
-- TOC entry 3423 (class 2606 OID 128667)
-- Name: core_userprofile core_userprofile_company_id_f3f7e395_fk_core_company_id; Type: FK CONSTRAINT; Schema: public; Owner: giantcld
--

ALTER TABLE ONLY public.core_userprofile
    ADD CONSTRAINT core_userprofile_company_id_f3f7e395_fk_core_company_id FOREIGN KEY (company_id) REFERENCES public.core_company(id) DEFERRABLE INITIALLY DEFERRED;


--
-- TOC entry 3424 (class 2606 OID 128672)
-- Name: core_userprofile core_userprofile_user_id_5141ad90_fk_account_user_id; Type: FK CONSTRAINT; Schema: public; Owner: giantcld
--

ALTER TABLE ONLY public.core_userprofile
    ADD CONSTRAINT core_userprofile_user_id_5141ad90_fk_account_user_id FOREIGN KEY (user_id) REFERENCES public.account_user(id) DEFERRABLE INITIALLY DEFERRED;


--
-- TOC entry 3417 (class 2606 OID 128522)
-- Name: django_admin_log django_admin_log_content_type_id_c4bce8eb_fk_django_co; Type: FK CONSTRAINT; Schema: public; Owner: giantcld
--

ALTER TABLE ONLY public.django_admin_log
    ADD CONSTRAINT django_admin_log_content_type_id_c4bce8eb_fk_django_co FOREIGN KEY (content_type_id) REFERENCES public.django_content_type(id) DEFERRABLE INITIALLY DEFERRED;


--
-- TOC entry 3418 (class 2606 OID 128527)
-- Name: django_admin_log django_admin_log_user_id_c564eba6_fk_account_user_id; Type: FK CONSTRAINT; Schema: public; Owner: giantcld
--

ALTER TABLE ONLY public.django_admin_log
    ADD CONSTRAINT django_admin_log_user_id_c564eba6_fk_account_user_id FOREIGN KEY (user_id) REFERENCES public.account_user(id) DEFERRABLE INITIALLY DEFERRED;


--
-- TOC entry 3426 (class 2606 OID 128764)
-- Name: forge_bim_conversion forge_bim_conversion_bim_model_id_b3975ed5_fk_forge_bim; Type: FK CONSTRAINT; Schema: public; Owner: giantcld
--

ALTER TABLE ONLY public.forge_bim_conversion
    ADD CONSTRAINT forge_bim_conversion_bim_model_id_b3975ed5_fk_forge_bim FOREIGN KEY (bim_model_id) REFERENCES public.forge_bim_model(id) DEFERRABLE INITIALLY DEFERRED;


--
-- TOC entry 3427 (class 2606 OID 128845)
-- Name: token_blacklist_blacklistedtoken token_blacklist_blacklistedtoken_token_id_3cc7fe56_fk; Type: FK CONSTRAINT; Schema: public; Owner: giantcld
--

ALTER TABLE ONLY public.token_blacklist_blacklistedtoken
    ADD CONSTRAINT token_blacklist_blacklistedtoken_token_id_3cc7fe56_fk FOREIGN KEY (token_id) REFERENCES public.token_blacklist_outstandingtoken(id) DEFERRABLE INITIALLY DEFERRED;


--
-- TOC entry 3428 (class 2606 OID 128811)
-- Name: token_blacklist_outstandingtoken token_blacklist_outs_user_id_83bc629a_fk_account_u; Type: FK CONSTRAINT; Schema: public; Owner: giantcld
--

ALTER TABLE ONLY public.token_blacklist_outstandingtoken
    ADD CONSTRAINT token_blacklist_outs_user_id_83bc629a_fk_account_u FOREIGN KEY (user_id) REFERENCES public.account_user(id) DEFERRABLE INITIALLY DEFERRED;


--
-- TOC entry 3628 (class 0 OID 0)
-- Dependencies: 5
-- Name: SCHEMA public; Type: ACL; Schema: -; Owner: postgres
--

REVOKE USAGE ON SCHEMA public FROM PUBLIC;
GRANT ALL ON SCHEMA public TO PUBLIC;


-- Completed on 2025-02-17 00:13:24

--
-- PostgreSQL database dump complete
--

