--
-- PostgreSQL database dump
--

-- Dumped from database version 16.6 (Ubuntu 16.6-1.pgdg20.04+1)
-- Dumped by pg_dump version 16.4

-- Started on 2025-02-08 11:34:59 CST

SET statement_timeout = 0;
SET lock_timeout = 0;
SET idle_in_transaction_session_timeout = 0;
SET client_encoding = 'UTF8';
SET standard_conforming_strings = on;
SELECT pg_catalog.set_config('search_path', '', false);
SET check_function_bodies = false;
SET xmloption = content;
SET client_min_messages = warning;
SET row_security = off;

--
-- TOC entry 5 (class 2615 OID 2200)
-- Name: public; Type: SCHEMA; Schema: -; Owner: postgres
--

-- *not* creating schema, since initdb creates it


ALTER SCHEMA public OWNER TO postgres;

SET default_tablespace = '';

SET default_table_access_method = heap;

--
-- TOC entry 226 (class 1259 OID 125391)
-- Name: account_user; Type: TABLE; Schema: public; Owner: giantcld
--

CREATE TABLE public.account_user (
    id bigint NOT NULL,
    password character varying(128) NOT NULL,
    last_login timestamp with time zone,
    is_superuser boolean NOT NULL,
    first_name character varying(150) NOT NULL,
    last_name character varying(150) NOT NULL,
    is_staff boolean NOT NULL,
    is_active boolean NOT NULL,
    date_joined timestamp with time zone NOT NULL,
    email character varying(254) NOT NULL,
    username character varying(255)
);


ALTER TABLE public.account_user OWNER TO giantcld;

--
-- TOC entry 228 (class 1259 OID 125401)
-- Name: account_user_groups; Type: TABLE; Schema: public; Owner: giantcld
--

CREATE TABLE public.account_user_groups (
    id bigint NOT NULL,
    user_id bigint NOT NULL,
    group_id integer NOT NULL
);


ALTER TABLE public.account_user_groups OWNER TO giantcld;

--
-- TOC entry 227 (class 1259 OID 125400)
-- Name: account_user_groups_id_seq; Type: SEQUENCE; Schema: public; Owner: giantcld
--

ALTER TABLE public.account_user_groups ALTER COLUMN id ADD GENERATED BY DEFAULT AS IDENTITY (
    SEQUENCE NAME public.account_user_groups_id_seq
    START WITH 1
    INCREMENT BY 1
    NO MINVALUE
    NO MAXVALUE
    CACHE 1
);


--
-- TOC entry 225 (class 1259 OID 125390)
-- Name: account_user_id_seq; Type: SEQUENCE; Schema: public; Owner: giantcld
--

ALTER TABLE public.account_user ALTER COLUMN id ADD GENERATED BY DEFAULT AS IDENTITY (
    SEQUENCE NAME public.account_user_id_seq
    START WITH 1
    INCREMENT BY 1
    NO MINVALUE
    NO MAXVALUE
    CACHE 1
);


--
-- TOC entry 230 (class 1259 OID 125407)
-- Name: account_user_user_permissions; Type: TABLE; Schema: public; Owner: giantcld
--

CREATE TABLE public.account_user_user_permissions (
    id bigint NOT NULL,
    user_id bigint NOT NULL,
    permission_id integer NOT NULL
);


ALTER TABLE public.account_user_user_permissions OWNER TO giantcld;

--
-- TOC entry 229 (class 1259 OID 125406)
-- Name: account_user_user_permissions_id_seq; Type: SEQUENCE; Schema: public; Owner: giantcld
--

ALTER TABLE public.account_user_user_permissions ALTER COLUMN id ADD GENERATED BY DEFAULT AS IDENTITY (
    SEQUENCE NAME public.account_user_user_permissions_id_seq
    START WITH 1
    INCREMENT BY 1
    NO MINVALUE
    NO MAXVALUE
    CACHE 1
);


--
-- TOC entry 234 (class 1259 OID 125463)
-- Name: admin_interface_theme; Type: TABLE; Schema: public; Owner: giantcld
--

CREATE TABLE public.admin_interface_theme (
    id integer NOT NULL,
    name character varying(50) NOT NULL,
    active boolean NOT NULL,
    title character varying(50) NOT NULL,
    title_visible boolean NOT NULL,
    logo character varying(100) NOT NULL,
    logo_visible boolean NOT NULL,
    css_header_background_color character varying(10) NOT NULL,
    title_color character varying(10) NOT NULL,
    css_header_text_color character varying(10) NOT NULL,
    css_header_link_color character varying(10) NOT NULL,
    css_header_link_hover_color character varying(10) NOT NULL,
    css_module_background_color character varying(10) NOT NULL,
    css_module_text_color character varying(10) NOT NULL,
    css_module_link_color character varying(10) NOT NULL,
    css_module_link_hover_color character varying(10) NOT NULL,
    css_module_rounded_corners boolean NOT NULL,
    css_generic_link_color character varying(10) NOT NULL,
    css_generic_link_hover_color character varying(10) NOT NULL,
    css_save_button_background_color character varying(10) NOT NULL,
    css_save_button_background_hover_color character varying(10) NOT NULL,
    css_save_button_text_color character varying(10) NOT NULL,
    css_delete_button_background_color character varying(10) NOT NULL,
    css_delete_button_background_hover_color character varying(10) NOT NULL,
    css_delete_button_text_color character varying(10) NOT NULL,
    list_filter_dropdown boolean NOT NULL,
    related_modal_active boolean NOT NULL,
    related_modal_background_color character varying(10) NOT NULL,
    related_modal_rounded_corners boolean NOT NULL,
    logo_color character varying(10) NOT NULL,
    recent_actions_visible boolean NOT NULL,
    favicon character varying(100) NOT NULL,
    related_modal_background_opacity character varying(5) NOT NULL,
    env_name character varying(50) NOT NULL,
    env_visible_in_header boolean NOT NULL,
    env_color character varying(10) NOT NULL,
    env_visible_in_favicon boolean NOT NULL,
    related_modal_close_button_visible boolean NOT NULL,
    language_chooser_active boolean NOT NULL,
    language_chooser_display character varying(10) NOT NULL,
    list_filter_sticky boolean NOT NULL,
    form_pagination_sticky boolean NOT NULL,
    form_submit_sticky boolean NOT NULL,
    css_module_background_selected_color character varying(10) NOT NULL,
    css_module_link_selected_color character varying(10) NOT NULL,
    logo_max_height smallint NOT NULL,
    logo_max_width smallint NOT NULL,
    foldable_apps boolean NOT NULL,
    language_chooser_control character varying(20) NOT NULL,
    list_filter_highlight boolean NOT NULL,
    list_filter_removal_links boolean NOT NULL,
    show_fieldsets_as_tabs boolean NOT NULL,
    show_inlines_as_tabs boolean NOT NULL,
    css_generic_link_active_color character varying(10) NOT NULL,
    collapsible_stacked_inlines boolean NOT NULL,
    collapsible_stacked_inlines_collapsed boolean NOT NULL,
    collapsible_tabular_inlines boolean NOT NULL,
    collapsible_tabular_inlines_collapsed boolean NOT NULL,
    CONSTRAINT admin_interface_theme_logo_max_height_check CHECK ((logo_max_height >= 0)),
    CONSTRAINT admin_interface_theme_logo_max_width_check CHECK ((logo_max_width >= 0))
);


ALTER TABLE public.admin_interface_theme OWNER TO giantcld;

--
-- TOC entry 233 (class 1259 OID 125462)
-- Name: admin_interface_theme_id_seq; Type: SEQUENCE; Schema: public; Owner: giantcld
--

ALTER TABLE public.admin_interface_theme ALTER COLUMN id ADD GENERATED BY DEFAULT AS IDENTITY (
    SEQUENCE NAME public.admin_interface_theme_id_seq
    START WITH 1
    INCREMENT BY 1
    NO MINVALUE
    NO MAXVALUE
    CACHE 1
);


--
-- TOC entry 222 (class 1259 OID 125351)
-- Name: auth_group; Type: TABLE; Schema: public; Owner: giantcld
--

CREATE TABLE public.auth_group (
    id integer NOT NULL,
    name character varying(150) NOT NULL
);


ALTER TABLE public.auth_group OWNER TO giantcld;

--
-- TOC entry 221 (class 1259 OID 125350)
-- Name: auth_group_id_seq; Type: SEQUENCE; Schema: public; Owner: giantcld
--

ALTER TABLE public.auth_group ALTER COLUMN id ADD GENERATED BY DEFAULT AS IDENTITY (
    SEQUENCE NAME public.auth_group_id_seq
    START WITH 1
    INCREMENT BY 1
    NO MINVALUE
    NO MAXVALUE
    CACHE 1
);


--
-- TOC entry 224 (class 1259 OID 125359)
-- Name: auth_group_permissions; Type: TABLE; Schema: public; Owner: giantcld
--

CREATE TABLE public.auth_group_permissions (
    id bigint NOT NULL,
    group_id integer NOT NULL,
    permission_id integer NOT NULL
);


ALTER TABLE public.auth_group_permissions OWNER TO giantcld;

--
-- TOC entry 223 (class 1259 OID 125358)
-- Name: auth_group_permissions_id_seq; Type: SEQUENCE; Schema: public; Owner: giantcld
--

ALTER TABLE public.auth_group_permissions ALTER COLUMN id ADD GENERATED BY DEFAULT AS IDENTITY (
    SEQUENCE NAME public.auth_group_permissions_id_seq
    START WITH 1
    INCREMENT BY 1
    NO MINVALUE
    NO MAXVALUE
    CACHE 1
);


--
-- TOC entry 220 (class 1259 OID 125345)
-- Name: auth_permission; Type: TABLE; Schema: public; Owner: giantcld
--

CREATE TABLE public.auth_permission (
    id integer NOT NULL,
    name character varying(255) NOT NULL,
    content_type_id integer NOT NULL,
    codename character varying(100) NOT NULL
);


ALTER TABLE public.auth_permission OWNER TO giantcld;

--
-- TOC entry 219 (class 1259 OID 125344)
-- Name: auth_permission_id_seq; Type: SEQUENCE; Schema: public; Owner: giantcld
--

ALTER TABLE public.auth_permission ALTER COLUMN id ADD GENERATED BY DEFAULT AS IDENTITY (
    SEQUENCE NAME public.auth_permission_id_seq
    START WITH 1
    INCREMENT BY 1
    NO MINVALUE
    NO MAXVALUE
    CACHE 1
);


--
-- TOC entry 255 (class 1259 OID 125719)
-- Name: core_autodeskcredentials; Type: TABLE; Schema: public; Owner: giantcld
--

CREATE TABLE public.core_autodeskcredentials (
    id bigint NOT NULL,
    client_id character varying(255) NOT NULL,
    client_secret bytea NOT NULL,
    created_at timestamp with time zone NOT NULL,
    updated_at timestamp with time zone NOT NULL
);


ALTER TABLE public.core_autodeskcredentials OWNER TO giantcld;

--
-- TOC entry 257 (class 1259 OID 125729)
-- Name: core_autodeskcredentials_groups; Type: TABLE; Schema: public; Owner: giantcld
--

CREATE TABLE public.core_autodeskcredentials_groups (
    id bigint NOT NULL,
    autodeskcredentials_id bigint NOT NULL,
    group_id integer NOT NULL
);


ALTER TABLE public.core_autodeskcredentials_groups OWNER TO giantcld;

--
-- TOC entry 256 (class 1259 OID 125728)
-- Name: core_autodeskcredentials_groups_id_seq; Type: SEQUENCE; Schema: public; Owner: giantcld
--

ALTER TABLE public.core_autodeskcredentials_groups ALTER COLUMN id ADD GENERATED BY DEFAULT AS IDENTITY (
    SEQUENCE NAME public.core_autodeskcredentials_groups_id_seq
    START WITH 1
    INCREMENT BY 1
    NO MINVALUE
    NO MAXVALUE
    CACHE 1
);


--
-- TOC entry 254 (class 1259 OID 125718)
-- Name: core_autodeskcredentials_id_seq; Type: SEQUENCE; Schema: public; Owner: giantcld
--

ALTER TABLE public.core_autodeskcredentials ALTER COLUMN id ADD GENERATED BY DEFAULT AS IDENTITY (
    SEQUENCE NAME public.core_autodeskcredentials_id_seq
    START WITH 1
    INCREMENT BY 1
    NO MINVALUE
    NO MAXVALUE
    CACHE 1
);


--
-- TOC entry 236 (class 1259 OID 125509)
-- Name: core_locale; Type: TABLE; Schema: public; Owner: giantcld
--

CREATE TABLE public.core_locale (
    id bigint NOT NULL,
    lang character varying(10) NOT NULL,
    name character varying(100) NOT NULL,
    is_active boolean NOT NULL
);


ALTER TABLE public.core_locale OWNER TO giantcld;

--
-- TOC entry 235 (class 1259 OID 125508)
-- Name: core_locale_id_seq; Type: SEQUENCE; Schema: public; Owner: giantcld
--

ALTER TABLE public.core_locale ALTER COLUMN id ADD GENERATED BY DEFAULT AS IDENTITY (
    SEQUENCE NAME public.core_locale_id_seq
    START WITH 1
    INCREMENT BY 1
    NO MINVALUE
    NO MAXVALUE
    CACHE 1
);


--
-- TOC entry 238 (class 1259 OID 125517)
-- Name: core_navigation; Type: TABLE; Schema: public; Owner: giantcld
--

CREATE TABLE public.core_navigation (
    id bigint NOT NULL,
    title_locale character varying(30) NOT NULL,
    subtitle_locale character varying(255),
    type character varying(20) NOT NULL,
    icon character varying(120),
    link character varying(255),
    is_active boolean NOT NULL,
    "order" integer NOT NULL,
    lft integer NOT NULL,
    rght integer NOT NULL,
    tree_id integer NOT NULL,
    level integer NOT NULL,
    parent_id bigint,
    CONSTRAINT core_navigation_level_check CHECK ((level >= 0)),
    CONSTRAINT core_navigation_lft_check CHECK ((lft >= 0)),
    CONSTRAINT core_navigation_rght_check CHECK ((rght >= 0)),
    CONSTRAINT core_navigation_tree_id_check CHECK ((tree_id >= 0))
);


ALTER TABLE public.core_navigation OWNER TO giantcld;

--
-- TOC entry 237 (class 1259 OID 125516)
-- Name: core_navigation_id_seq; Type: SEQUENCE; Schema: public; Owner: giantcld
--

ALTER TABLE public.core_navigation ALTER COLUMN id ADD GENERATED BY DEFAULT AS IDENTITY (
    SEQUENCE NAME public.core_navigation_id_seq
    START WITH 1
    INCREMENT BY 1
    NO MINVALUE
    NO MAXVALUE
    CACHE 1
);


--
-- TOC entry 240 (class 1259 OID 125529)
-- Name: core_navigation_permissions; Type: TABLE; Schema: public; Owner: giantcld
--

CREATE TABLE public.core_navigation_permissions (
    id bigint NOT NULL,
    navigation_id bigint NOT NULL,
    permission_id integer NOT NULL
);


ALTER TABLE public.core_navigation_permissions OWNER TO giantcld;

--
-- TOC entry 239 (class 1259 OID 125528)
-- Name: core_navigation_permissions_id_seq; Type: SEQUENCE; Schema: public; Owner: giantcld
--

ALTER TABLE public.core_navigation_permissions ALTER COLUMN id ADD GENERATED BY DEFAULT AS IDENTITY (
    SEQUENCE NAME public.core_navigation_permissions_id_seq
    START WITH 1
    INCREMENT BY 1
    NO MINVALUE
    NO MAXVALUE
    CACHE 1
);


--
-- TOC entry 242 (class 1259 OID 125535)
-- Name: core_translation; Type: TABLE; Schema: public; Owner: giantcld
--

CREATE TABLE public.core_translation (
    id bigint NOT NULL,
    key character varying(255) NOT NULL,
    value text NOT NULL,
    locale_id bigint NOT NULL
);


ALTER TABLE public.core_translation OWNER TO giantcld;

--
-- TOC entry 241 (class 1259 OID 125534)
-- Name: core_translation_id_seq; Type: SEQUENCE; Schema: public; Owner: giantcld
--

ALTER TABLE public.core_translation ALTER COLUMN id ADD GENERATED BY DEFAULT AS IDENTITY (
    SEQUENCE NAME public.core_translation_id_seq
    START WITH 1
    INCREMENT BY 1
    NO MINVALUE
    NO MAXVALUE
    CACHE 1
);


--
-- TOC entry 232 (class 1259 OID 125442)
-- Name: django_admin_log; Type: TABLE; Schema: public; Owner: giantcld
--

CREATE TABLE public.django_admin_log (
    id integer NOT NULL,
    action_time timestamp with time zone NOT NULL,
    object_id text,
    object_repr character varying(200) NOT NULL,
    action_flag smallint NOT NULL,
    change_message text NOT NULL,
    content_type_id integer,
    user_id bigint NOT NULL,
    CONSTRAINT django_admin_log_action_flag_check CHECK ((action_flag >= 0))
);


ALTER TABLE public.django_admin_log OWNER TO giantcld;

--
-- TOC entry 231 (class 1259 OID 125441)
-- Name: django_admin_log_id_seq; Type: SEQUENCE; Schema: public; Owner: giantcld
--

ALTER TABLE public.django_admin_log ALTER COLUMN id ADD GENERATED BY DEFAULT AS IDENTITY (
    SEQUENCE NAME public.django_admin_log_id_seq
    START WITH 1
    INCREMENT BY 1
    NO MINVALUE
    NO MAXVALUE
    CACHE 1
);


--
-- TOC entry 246 (class 1259 OID 125594)
-- Name: django_celery_results_chordcounter; Type: TABLE; Schema: public; Owner: giantcld
--

CREATE TABLE public.django_celery_results_chordcounter (
    id integer NOT NULL,
    group_id character varying(255) NOT NULL,
    sub_tasks text NOT NULL,
    count integer NOT NULL,
    CONSTRAINT django_celery_results_chordcounter_count_check CHECK ((count >= 0))
);


ALTER TABLE public.django_celery_results_chordcounter OWNER TO giantcld;

--
-- TOC entry 245 (class 1259 OID 125593)
-- Name: django_celery_results_chordcounter_id_seq; Type: SEQUENCE; Schema: public; Owner: giantcld
--

ALTER TABLE public.django_celery_results_chordcounter ALTER COLUMN id ADD GENERATED BY DEFAULT AS IDENTITY (
    SEQUENCE NAME public.django_celery_results_chordcounter_id_seq
    START WITH 1
    INCREMENT BY 1
    NO MINVALUE
    NO MAXVALUE
    CACHE 1
);


--
-- TOC entry 248 (class 1259 OID 125606)
-- Name: django_celery_results_groupresult; Type: TABLE; Schema: public; Owner: giantcld
--

CREATE TABLE public.django_celery_results_groupresult (
    id integer NOT NULL,
    group_id character varying(255) NOT NULL,
    date_created timestamp with time zone NOT NULL,
    date_done timestamp with time zone NOT NULL,
    content_type character varying(128) NOT NULL,
    content_encoding character varying(64) NOT NULL,
    result text
);


ALTER TABLE public.django_celery_results_groupresult OWNER TO giantcld;

--
-- TOC entry 247 (class 1259 OID 125605)
-- Name: django_celery_results_groupresult_id_seq; Type: SEQUENCE; Schema: public; Owner: giantcld
--

ALTER TABLE public.django_celery_results_groupresult ALTER COLUMN id ADD GENERATED BY DEFAULT AS IDENTITY (
    SEQUENCE NAME public.django_celery_results_groupresult_id_seq
    START WITH 1
    INCREMENT BY 1
    NO MINVALUE
    NO MAXVALUE
    CACHE 1
);


--
-- TOC entry 244 (class 1259 OID 125573)
-- Name: django_celery_results_taskresult; Type: TABLE; Schema: public; Owner: giantcld
--

CREATE TABLE public.django_celery_results_taskresult (
    id integer NOT NULL,
    task_id character varying(255) NOT NULL,
    status character varying(50) NOT NULL,
    content_type character varying(128) NOT NULL,
    content_encoding character varying(64) NOT NULL,
    result text,
    date_done timestamp with time zone NOT NULL,
    traceback text,
    meta text,
    task_args text,
    task_kwargs text,
    task_name character varying(255),
    worker character varying(100),
    date_created timestamp with time zone NOT NULL,
    periodic_task_name character varying(255)
);


ALTER TABLE public.django_celery_results_taskresult OWNER TO giantcld;

--
-- TOC entry 243 (class 1259 OID 125572)
-- Name: django_celery_results_taskresult_id_seq; Type: SEQUENCE; Schema: public; Owner: giantcld
--

ALTER TABLE public.django_celery_results_taskresult ALTER COLUMN id ADD GENERATED BY DEFAULT AS IDENTITY (
    SEQUENCE NAME public.django_celery_results_taskresult_id_seq
    START WITH 1
    INCREMENT BY 1
    NO MINVALUE
    NO MAXVALUE
    CACHE 1
);


--
-- TOC entry 218 (class 1259 OID 125337)
-- Name: django_content_type; Type: TABLE; Schema: public; Owner: giantcld
--

CREATE TABLE public.django_content_type (
    id integer NOT NULL,
    app_label character varying(100) NOT NULL,
    model character varying(100) NOT NULL
);


ALTER TABLE public.django_content_type OWNER TO giantcld;

--
-- TOC entry 217 (class 1259 OID 125336)
-- Name: django_content_type_id_seq; Type: SEQUENCE; Schema: public; Owner: giantcld
--

ALTER TABLE public.django_content_type ALTER COLUMN id ADD GENERATED BY DEFAULT AS IDENTITY (
    SEQUENCE NAME public.django_content_type_id_seq
    START WITH 1
    INCREMENT BY 1
    NO MINVALUE
    NO MAXVALUE
    CACHE 1
);


--
-- TOC entry 216 (class 1259 OID 125329)
-- Name: django_migrations; Type: TABLE; Schema: public; Owner: giantcld
--

CREATE TABLE public.django_migrations (
    id bigint NOT NULL,
    app character varying(255) NOT NULL,
    name character varying(255) NOT NULL,
    applied timestamp with time zone NOT NULL
);


ALTER TABLE public.django_migrations OWNER TO giantcld;

--
-- TOC entry 215 (class 1259 OID 125328)
-- Name: django_migrations_id_seq; Type: SEQUENCE; Schema: public; Owner: giantcld
--

ALTER TABLE public.django_migrations ALTER COLUMN id ADD GENERATED BY DEFAULT AS IDENTITY (
    SEQUENCE NAME public.django_migrations_id_seq
    START WITH 1
    INCREMENT BY 1
    NO MINVALUE
    NO MAXVALUE
    CACHE 1
);


--
-- TOC entry 249 (class 1259 OID 125623)
-- Name: django_session; Type: TABLE; Schema: public; Owner: giantcld
--

CREATE TABLE public.django_session (
    session_key character varying(40) NOT NULL,
    session_data text NOT NULL,
    expire_date timestamp with time zone NOT NULL
);


ALTER TABLE public.django_session OWNER TO giantcld;

--
-- TOC entry 251 (class 1259 OID 125633)
-- Name: token_blacklist_blacklistedtoken; Type: TABLE; Schema: public; Owner: giantcld
--

CREATE TABLE public.token_blacklist_blacklistedtoken (
    id bigint NOT NULL,
    blacklisted_at timestamp with time zone NOT NULL,
    token_id bigint NOT NULL
);


ALTER TABLE public.token_blacklist_blacklistedtoken OWNER TO giantcld;

--
-- TOC entry 250 (class 1259 OID 125632)
-- Name: token_blacklist_blacklistedtoken_id_seq; Type: SEQUENCE; Schema: public; Owner: giantcld
--

ALTER TABLE public.token_blacklist_blacklistedtoken ALTER COLUMN id ADD GENERATED BY DEFAULT AS IDENTITY (
    SEQUENCE NAME public.token_blacklist_blacklistedtoken_id_seq
    START WITH 1
    INCREMENT BY 1
    NO MINVALUE
    NO MAXVALUE
    CACHE 1
);


--
-- TOC entry 253 (class 1259 OID 125639)
-- Name: token_blacklist_outstandingtoken; Type: TABLE; Schema: public; Owner: giantcld
--

CREATE TABLE public.token_blacklist_outstandingtoken (
    id bigint NOT NULL,
    token text NOT NULL,
    created_at timestamp with time zone,
    expires_at timestamp with time zone NOT NULL,
    user_id bigint,
    jti character varying(255) NOT NULL
);


ALTER TABLE public.token_blacklist_outstandingtoken OWNER TO giantcld;

--
-- TOC entry 252 (class 1259 OID 125638)
-- Name: token_blacklist_outstandingtoken_id_seq; Type: SEQUENCE; Schema: public; Owner: giantcld
--

ALTER TABLE public.token_blacklist_outstandingtoken ALTER COLUMN id ADD GENERATED BY DEFAULT AS IDENTITY (
    SEQUENCE NAME public.token_blacklist_outstandingtoken_id_seq
    START WITH 1
    INCREMENT BY 1
    NO MINVALUE
    NO MAXVALUE
    CACHE 1
);


--
-- TOC entry 3547 (class 0 OID 125391)
-- Dependencies: 226
-- Data for Name: account_user; Type: TABLE DATA; Schema: public; Owner: giantcld
--

COPY public.account_user (id, password, last_login, is_superuser, first_name, last_name, is_staff, is_active, date_joined, email, username) FROM stdin;
1	pbkdf2_sha256$870000$0pzzgCweNoWeyc9NbKVJ0Y$LSck00/g0SaqTv+Tu0CyLpxTfMmtjKJYgm19ayGbsXQ=	2025-02-07 16:29:25.509493+08	t			t	t	2025-01-21 14:29:08.298465+08	admin@example.com	\N
\.


--
-- TOC entry 3549 (class 0 OID 125401)
-- Dependencies: 228
-- Data for Name: account_user_groups; Type: TABLE DATA; Schema: public; Owner: giantcld
--

COPY public.account_user_groups (id, user_id, group_id) FROM stdin;
\.


--
-- TOC entry 3551 (class 0 OID 125407)
-- Dependencies: 230
-- Data for Name: account_user_user_permissions; Type: TABLE DATA; Schema: public; Owner: giantcld
--

COPY public.account_user_user_permissions (id, user_id, permission_id) FROM stdin;
\.


--
-- TOC entry 3555 (class 0 OID 125463)
-- Dependencies: 234
-- Data for Name: admin_interface_theme; Type: TABLE DATA; Schema: public; Owner: giantcld
--

COPY public.admin_interface_theme (id, name, active, title, title_visible, logo, logo_visible, css_header_background_color, title_color, css_header_text_color, css_header_link_color, css_header_link_hover_color, css_module_background_color, css_module_text_color, css_module_link_color, css_module_link_hover_color, css_module_rounded_corners, css_generic_link_color, css_generic_link_hover_color, css_save_button_background_color, css_save_button_background_hover_color, css_save_button_text_color, css_delete_button_background_color, css_delete_button_background_hover_color, css_delete_button_text_color, list_filter_dropdown, related_modal_active, related_modal_background_color, related_modal_rounded_corners, logo_color, recent_actions_visible, favicon, related_modal_background_opacity, env_name, env_visible_in_header, env_color, env_visible_in_favicon, related_modal_close_button_visible, language_chooser_active, language_chooser_display, list_filter_sticky, form_pagination_sticky, form_submit_sticky, css_module_background_selected_color, css_module_link_selected_color, logo_max_height, logo_max_width, foldable_apps, language_chooser_control, list_filter_highlight, list_filter_removal_links, show_fieldsets_as_tabs, show_inlines_as_tabs, css_generic_link_active_color, collapsible_stacked_inlines, collapsible_stacked_inlines_collapsed, collapsible_tabular_inlines, collapsible_tabular_inlines_collapsed) FROM stdin;
3	BIM	t		f		t	#112E51	#FFFFFF	#FFFFFF	#FFFFFF	#E1F3F8	#112E51	#FFFFFF	#FFFFFF	#E1F3F8	t	#112E51	#0071BC	#112E51	#205493	#FFFFFF	#CD2026	#981B1E	#FFFFFF	f	t	#000000	t	#FFFFFF	t		0.8	BIM模型管理服務系統	t	#E74C3C	t	t	t	code	t	f	f	#FFFFCC	#FFFFFF	100	400	t	default-select	t	f	f	f	#29B864	f	t	f	t
\.


--
-- TOC entry 3543 (class 0 OID 125351)
-- Dependencies: 222
-- Data for Name: auth_group; Type: TABLE DATA; Schema: public; Owner: giantcld
--

COPY public.auth_group (id, name) FROM stdin;
1	內部APS憑證
\.


--
-- TOC entry 3545 (class 0 OID 125359)
-- Dependencies: 224
-- Data for Name: auth_group_permissions; Type: TABLE DATA; Schema: public; Owner: giantcld
--

COPY public.auth_group_permissions (id, group_id, permission_id) FROM stdin;
\.


--
-- TOC entry 3541 (class 0 OID 125345)
-- Dependencies: 220
-- Data for Name: auth_permission; Type: TABLE DATA; Schema: public; Owner: giantcld
--

COPY public.auth_permission (id, name, content_type_id, codename) FROM stdin;
1	Can add Theme	1	add_theme
2	Can change Theme	1	change_theme
3	Can delete Theme	1	delete_theme
4	Can view Theme	1	view_theme
5	Can add log entry	2	add_logentry
6	Can change log entry	2	change_logentry
7	Can delete log entry	2	delete_logentry
8	Can view log entry	2	view_logentry
9	Can add permission	3	add_permission
10	Can change permission	3	change_permission
11	Can delete permission	3	delete_permission
12	Can view permission	3	view_permission
13	Can add group	4	add_group
14	Can change group	4	change_group
15	Can delete group	4	delete_group
16	Can view group	4	view_group
17	Can add content type	5	add_contenttype
18	Can change content type	5	change_contenttype
19	Can delete content type	5	delete_contenttype
20	Can view content type	5	view_contenttype
21	Can add session	6	add_session
22	Can change session	6	change_session
23	Can delete session	6	delete_session
24	Can view session	6	view_session
25	Can add blacklisted token	7	add_blacklistedtoken
26	Can change blacklisted token	7	change_blacklistedtoken
27	Can delete blacklisted token	7	delete_blacklistedtoken
28	Can view blacklisted token	7	view_blacklistedtoken
29	Can add outstanding token	8	add_outstandingtoken
30	Can change outstanding token	8	change_outstandingtoken
31	Can delete outstanding token	8	delete_outstandingtoken
32	Can view outstanding token	8	view_outstandingtoken
33	Can add task result	9	add_taskresult
34	Can change task result	9	change_taskresult
35	Can delete task result	9	delete_taskresult
36	Can view task result	9	view_taskresult
37	Can add chord counter	10	add_chordcounter
38	Can change chord counter	10	change_chordcounter
39	Can delete chord counter	10	delete_chordcounter
40	Can view chord counter	10	view_chordcounter
41	Can add group result	11	add_groupresult
42	Can change group result	11	change_groupresult
43	Can delete group result	11	delete_groupresult
44	Can view group result	11	view_groupresult
45	Can add user	12	add_user
46	Can change user	12	change_user
47	Can delete user	12	delete_user
48	Can view user	12	view_user
49	Can add locale	13	add_locale
50	Can change locale	13	change_locale
51	Can delete locale	13	delete_locale
52	Can view locale	13	view_locale
53	Can add translation	15	add_translation
54	Can change translation	15	change_translation
55	Can delete translation	15	delete_translation
56	Can view translation	15	view_translation
57	Can add autodesk credentials	16	add_autodeskcredentials
58	Can change autodesk credentials	16	change_autodeskcredentials
59	Can delete autodesk credentials	16	delete_autodeskcredentials
60	Can view autodesk credentials	16	view_autodeskcredentials
61	Can view bim information listing	14	view_bim_information_listing
62	Can view bim model viewer	14	view_bim_model_viewer
64	Can view user management	14	view_user_management
65	Can view system administration	14	view_system_administration
63	Can view bim data import	14	view_bim_data_import
66	APS credentials	14	aps_credentials
\.


--
-- TOC entry 3576 (class 0 OID 125719)
-- Dependencies: 255
-- Data for Name: core_autodeskcredentials; Type: TABLE DATA; Schema: public; Owner: giantcld
--

COPY public.core_autodeskcredentials (id, client_id, client_secret, created_at, updated_at) FROM stdin;
\.


--
-- TOC entry 3578 (class 0 OID 125729)
-- Dependencies: 257
-- Data for Name: core_autodeskcredentials_groups; Type: TABLE DATA; Schema: public; Owner: giantcld
--

COPY public.core_autodeskcredentials_groups (id, autodeskcredentials_id, group_id) FROM stdin;
\.


--
-- TOC entry 3557 (class 0 OID 125509)
-- Dependencies: 236
-- Data for Name: core_locale; Type: TABLE DATA; Schema: public; Owner: giantcld
--

COPY public.core_locale (id, lang, name, is_active) FROM stdin;
1	en	English	t
2	zh	繁體中文	t
3	ja	日本語	f
\.


--
-- TOC entry 3559 (class 0 OID 125517)
-- Dependencies: 238
-- Data for Name: core_navigation; Type: TABLE DATA; Schema: public; Owner: giantcld
--

COPY public.core_navigation (id, title_locale, subtitle_locale, type, icon, link, is_active, "order", lft, rght, tree_id, level, parent_id) FROM stdin;
5	bim-information-listing	\N	basic	heroicons_outline:magnifying-glass	/process-functions	t	1	1	2	1	0	\N
6	bim-model-viewer	\N	basic	heroicons_outline:photo	bim-model-viewer	t	2	1	2	2	0	\N
7	bim-data-import	\N	basic	heroicons_outline:inbox-arrow-down	/bim-data-import	t	4	1	2	4	0	\N
8	user-management	\N	basic	heroicons_outline:users	/user-management	t	5	1	2	5	0	\N
9	system-administration	\N	basic	heroicons_outline:cog-6-tooth	/system-administration	t	6	1	2	6	0	\N
10	bim-media-viewer	\N	basic	heroicons_outline:folder	/bim-media-viewer	t	3	1	2	3	0	\N
\.


--
-- TOC entry 3561 (class 0 OID 125529)
-- Dependencies: 240
-- Data for Name: core_navigation_permissions; Type: TABLE DATA; Schema: public; Owner: giantcld
--

COPY public.core_navigation_permissions (id, navigation_id, permission_id) FROM stdin;
\.


--
-- TOC entry 3563 (class 0 OID 125535)
-- Dependencies: 242
-- Data for Name: core_translation; Type: TABLE DATA; Schema: public; Owner: giantcld
--

COPY public.core_translation (id, key, value, locale_id) FROM stdin;
1	app-title	BIM 模型管理服務系統	2
2	bim-information-listing	圖資檢索	2
3	bim-information-listing-desc	圖資檢索功能說明	2
4	bim-model-viewer	模型檢視	2
5	bim-data-import	模型匯入	2
6	user	使用者	2
7	user-management	使用者管理	2
8	system-administration	系統管理	2
9	advanced-search	COBie Data 進階查詢	2
10	search-keyword	查詢關鍵字...	2
11	user-account	帳戶管理	2
12	log-query	紀錄查詢	2
13	role	權限	2
14	role-list	權限設定	2
15	aps-account	APS帳號及憑證	2
16	backup-restore	資料庫備份及還原	2
17	system-administrator	系統管理員	2
18	security-manager	安控管理人員	2
19	bim-manager	圖模管理人員	2
20	bim-operator	圖資作業人員	2
21	inquiry-user	一般查詢使用者	2
22	client-id	Client ID	2
23	client-secret	Client Secret	2
24	bucket-key	Bucket Key	2
25	upload-object	上傳圖資	2
26	translate-job	圖資轉換	2
27	extract-metadata	擷取數據	2
28	module	模組	2
29	model-import-operations	模型匯入作業	2
30	model-import-operations-desc	使用 APS 服務將模型轉換 WebGL 格式	2
31	bim-file-management	BIM 檔案管理	2
32	bim-file-management-desc	可管理並下載 BIM 檔案	2
33	digital-files	數位化檔案	2
34	digital-files-desc	可管理數位化檔案並下載	2
35	bim-information-search	圖資檢索查詢	2
36	bim-information-search-desc	可查詢模型檢索列表資料	2
37	bim-data-export	圖資資料匯出	2
38	bim-data-export-desc	可匯出圖資查詢結果列表	2
39	3d-model-viewer	3D模型檢視器	2
40	3d-model-viewer-desc	可使用 3D WebGL 模型檢視器	2
41	user-management-desc	可新增、刪除、修改使用者帳戶	2
42	permission-group-management	權限群組管理	2
43	permission-group-management-desc	可新增、刪除、修改使用者權限群組	2
44	user-log-query	查詢使用者歷程	2
45	user-log-query-desc	可查詢使用者歷程記錄並匯出記錄檔	2
46	aps-account-desc	可修改 APS 帳號及憑證資料	2
47	database-management	資料庫管理	2
48	database-management-desc	可進行資料庫備份及還原作業	2
49	system-log-query	系統日誌	2
50	system-log-query-desc	可查詢系統記錄並匯出記錄檔	2
51	file-directory	數位化文件資料夾	2
52	search-bim-name	查詢圖資名稱	2
53	loading	載入中	2
54	sign-in	登入	2
55	sign-out	登出	2
56	username	帳號	2
57	password	密碼	2
58	no	編號	2
59	name	名稱	2
60	email	電子信箱	2
61	is-required	是必需的	2
62	remember-me	保持登入	2
63	forgot-username	忘記帳號	2
64	forgot-password	忘記密碼	2
65	wrong-email-password	請確認帳號或密碼是否正確	2
66	worng-email-format	請輸入有效的電子郵件地址	2
67	register	註冊帳號	2
68	create	新增	2
69	save	儲存	2
70	edit	編輯	2
71	confirm	確認	2
72	close	關閉	2
73	auth-user	授權帳戶	2
74	auth-permission	權限	2
75	auth-group	權限群組	2
76	cancel	取消	2
78	app-title	BIM Model Management System	1
79	bim-information-listing	BIM Information Listing	1
80	bim-information-listing-desc	BIM Information Listing function description	1
81	bim-model-viewer	BIM Model Viewer	1
82	bim-data-import	BIM Data Import	1
83	user	User	1
84	user-management	User Management	1
85	system-administration	System Administration	1
86	advanced-search	COBie Data Advanced Search	1
87	search-keyword	Search keyword...	1
88	user-account	Account Management	1
89	log-query	Log Query	1
90	role	Role	1
91	role-list	Permission Settings	1
92	aps-account	APS Account & Credentials	1
93	backup-restore	Database Backup & Restore	1
94	system-administrator	Administrator	1
95	security-manager	Security Manager	1
96	bim-manager	BIM Manager	1
97	bim-operator	BIM Operator	1
98	inquiry-user	Inquiry User	1
99	client-id	Client ID	1
100	client-secret	Client Secret	1
101	bucket-key	Bucket Key	1
102	upload-object	Upload Object	1
103	translate-job	Translate Job	1
104	extract-metadata	Extract Metadata	1
105	module	 Module	1
106	model-import-operations	Model Import Operations	1
107	model-import-operations-desc	Use APS service to convert models to WebGL format	1
108	bim-file-management	BIM File Management	1
109	bim-file-management-desc	Can manage and download BIM files	1
110	digital-files	Digital Files	1
111	digital-files-desc	Can manage and download digital files	1
112	bim-information-search	BIM Information Search	1
113	bim-information-search-desc	Can search model information list data	1
114	bim-data-export	BIM Data Export	1
115	bim-data-export-desc	Can export BIM information search result list	1
116	3d-model-viewer	3D Model Viewer	1
117	3d-model-viewer-desc	Can use 3D WebGL model viewer	1
118	user-management-desc	Can add, delete, and modify user accounts	1
119	permission-group-management	Permission Group Management	1
120	permission-group-management-desc	Can add, delete, and modify user permission groups	1
121	user-log-query	User Log Query	1
122	user-log-query-desc	Can query user log records and export log files	1
123	aps-account-desc	Can modify APS account and credential data	1
124	database-management	Database Management	1
125	database-management-desc	Can perform database backup and restore operations	1
126	system-log-query	System Log Query	1
127	system-log-query-desc	Can query system logs and export log files	1
128	file-directory	Digital files directory	1
129	search-bim-name	Search BIM Name	1
130	loading	Loading	1
131	sign-in	Sign in	1
132	sign-out	Sign out	1
133	username	Account	1
134	password	Password	1
135	no	No	1
136	name	Name	1
137	email	Email	1
138	is-required	is required	1
139	remember-me	Remember me	1
140	forgot-username	Forgot Username	1
141	forgot-password	Forgot Password	1
142	wrong-email-password	Wrong username or password	1
143	worng-email-format	Please enter a valid email address	1
144	register	Register Account	1
145	create	Create	1
146	save	Save	1
147	edit	Edit	1
148	confirm	Confirm	1
149	close	Close	1
150	auth-user	Authorized User	1
151	auth-permission	Authorized Permission	1
152	auth-group	Authorized Group	1
153	cancel	Cancel	1
154	email-already-exists	Email already exists	1
155	app-title	BIMモデル管理サービスシステム	3
157	bim-information-listing	図面データ検索	3
158	bim-information-listing-desc	図面データ検索機能の説明	3
159	bim-model-viewer	モデルビューア	3
160	bim-data-import	モデルインポート	3
161	user	ユーザー	3
162	user-management	ユーザー管理	3
163	system-administration	システム管理	3
164	advanced-search	COBieデータの高度な検索	3
165	search-keyword	検索キーワード...	3
166	user-account	アカウント管理	3
167	log-query	ログ検索	3
168	role	権限	3
169	role-list	権限設定	3
170	aps-account	APSアカウントと認証情報	3
171	backup-restore	データベースのバックアップと復元	3
172	system-administrator	システム管理者	3
173	security-manager	セキュリティ管理者	3
174	bim-manager	BIMマネージャー	3
175	bim-operator	BIMオペレーター	3
176	inquiry-user	一般検索ユーザー	3
177	client-id	クライアントID	3
178	client-secret	クライアントシークレット	3
179	bucket-key	バケットキー	3
180	upload-object	図面データのアップロード	3
181	translate-job	図面データの変換	3
182	extract-metadata	データ抽出	3
183	module	モジュール	3
184	model-import-operations	モデルインポート作業	3
185	model-import-operations-desc	APSサービスを使用してモデルをWebGL形式に変換	3
186	bim-file-management	BIMファイル管理	3
187	bim-file-management-desc	BIMファイルの管理とダウンロードが可能	3
188	digital-files	デジタルファイル	3
189	digital-files-desc	デジタルファイルの管理とダウンロードが可能	3
190	bim-information-search	図面データ検索	3
191	bim-information-search-desc	モデル検索リストデータを検索可能	3
192	bim-data-export	図面データエクスポート	3
193	bim-data-export-desc	図面データ検索結果リストをエクスポート可能	3
194	3d-model-viewer	3Dモデルビューア	3
195	3d-model-viewer-desc	3D WebGLモデルビューアを使用可能	3
196	user-management-desc	ユーザーアカウントの追加、削除、編集が可能	3
197	permission-group-management	権限グループ管理	3
198	permission-group-management-desc	ユーザーの権限グループを追加、削除、編集可能	3
199	user-log-query	ユーザーログ検索	3
200	user-log-query-desc	ユーザーログの検索およびログファイルのエクスポートが可能	3
201	aps-account-desc	APSアカウントと認証情報の編集が可能	3
202	database-management	データベース管理	3
203	database-management-desc	データベースのバックアップおよび復元作業が可能	3
204	system-log-query	システムログ	3
205	system-log-query-desc	システムログの検索およびログファイルのエクスポートが可能	3
206	file-directory	デジタルドキュメントフォルダ	3
207	search-bim-name	図面データ名を検索	3
208	loading	ロード中	3
209	sign-in	ログイン	3
210	sign-out	ログアウト	3
211	username	ユーザー名	3
212	password	パスワード	3
213	no	番号	3
214	name	名称	3
215	email	メールアドレス	3
216	is-required	必須項目です	3
217	remember-me	ログイン状態を保持	3
218	forgot-username	ユーザー名を忘れた	3
219	forgot-password	パスワードを忘れた	3
220	wrong-email-password	ユーザー名またはパスワードが正しくありません	3
221	worng-email-format	有効なメールアドレスを入力してください	3
222	register	アカウント登録	3
223	create	新規作成	3
224	save	保存	3
225	edit	編集	3
226	confirm	確認	3
227	close	閉じる	3
228	auth-user	認証ユーザー	3
229	auth-permission	権限	3
230	auth-group	権限グループ	3
231	cancel	キャンセル	3
232	email-already-exists	メールアドレスは既に存在しています	3
233	file-label	File Label/Name	1
234	upload-time	Upload Time	1
235	uploader	Uploader	1
236	download-cobie-csv	Download COBie CSV	1
237	download-bim-source	Download BIM Source File	1
238	previous-backup-version	Previous Backup Version	1
239	restore-previous-version	Restore Previous Version	1
240	file-label	標別/檔案名稱	2
241	upload-time	上傳時間	2
242	uploader	上傳者	2
243	download-cobie-csv	下載COBie CSV	2
244	download-bim-source	下載BIM原始檔	2
245	previous-backup-version	前次備份版本	2
246	restore-previous-version	還原前次版本	2
247	file-name	File Name	1
248	file-size	File Size	1
249	status	Status	1
250	message	Message	1
251	file-name	檔案名稱	2
252	file-size	檔案大小	2
253	status	狀態	2
254	message	訊息	2
77	email-already-exists	電子郵件已存在	2
255	already-exists	already exists	1
256	already-exists	已存在	2
258	select-file	選擇檔案	2
259	confirm-action	Confirm action	1
260	delete-confirm	Are you sure you want to remove this item? This action cannot be undone!	1
261	delete	Delete	1
262	confirm-action	確認操作	2
263	delete-confirm	您確定要刪除這個項目嗎？這個操作無法還原！	2
264	delete	刪除	2
265	delete-success	The item has been successfully deleted.	1
266	delete-success	項目已成功刪除	2
257	select-file	Select Files	1
267	bim-media-viewer	File Management	1
268	bim-media-viewer	文件管理	2
\.


--
-- TOC entry 3553 (class 0 OID 125442)
-- Dependencies: 232
-- Data for Name: django_admin_log; Type: TABLE DATA; Schema: public; Owner: giantcld
--

COPY public.django_admin_log (id, action_time, object_id, object_repr, action_flag, change_message, content_type_id, user_id) FROM stdin;
1	2025-01-21 14:30:21.05725+08	1	Django	3		1	1
2	2025-01-21 14:31:07.528237+08	2	Django	3		1	1
3	2025-01-21 14:32:24.108966+08	3	BIM	2	[{"changed": {"fields": ["Name", "Background color", "Link color", "Background color", "Background hover color"]}}]	1	1
4	2025-01-21 14:34:42.413874+08	3	BIM	2	[{"changed": {"fields": ["Name", "Title", "Background color"]}}]	1	1
5	2025-01-21 14:35:55.050328+08	1	en - English	1	[{"added": {}}]	13	1
6	2025-01-21 14:36:04.128995+08	2	zh - Chinese	1	[{"added": {}}]	13	1
7	2025-01-21 14:36:32.298773+08	2	zh - 繁體中文	2	[{"changed": {"fields": ["Name"]}}]	13	1
8	2025-01-21 15:05:44.010472+08	5	bim-information-listing	1	[{"added": {}}]	14	1
9	2025-01-21 15:06:07.111733+08	6	bim-model-viewer	1	[{"added": {}}]	14	1
10	2025-01-21 15:06:36.09483+08	7	bim-data-import	1	[{"added": {}}]	14	1
11	2025-01-21 15:06:56.677995+08	8	user-management	1	[{"added": {}}]	14	1
12	2025-01-21 15:07:20.546197+08	9	system-administration	1	[{"added": {}}]	14	1
13	2025-01-21 16:12:41.395079+08	3	ja - 日語	2	[{"changed": {"fields": ["Lang", "Name"]}}]	13	1
14	2025-01-21 16:29:25.21265+08	3	ja - 日語	2	[{"changed": {"fields": ["Is active"]}}]	13	1
15	2025-01-21 23:05:30.139858+08	3	ja - 日語	2	[{"changed": {"fields": ["Is active"]}}]	13	1
16	2025-01-21 23:18:07.369115+08	155	ja - app-title	1	[{"added": {}}]	15	1
17	2025-01-21 23:22:50.19682+08	3	ja - 日本語	2	[{"changed": {"fields": ["Name"]}}]	13	1
18	2025-01-21 23:25:31.327233+08	3	ja - 日本語	2	[{"changed": {"fields": ["Is active"]}}]	13	1
19	2025-01-23 13:46:57.758867+08	233	en - file-label	1	[{"added": {}}]	15	1
20	2025-01-23 13:47:10.842343+08	234	en - upload-time	1	[{"added": {}}]	15	1
21	2025-01-23 13:47:25.57876+08	235	en - uploader	1	[{"added": {}}]	15	1
22	2025-01-23 13:47:40.185337+08	236	en - download-cobie-csv	1	[{"added": {}}]	15	1
23	2025-01-23 13:48:04.263657+08	237	en - download-bim-source	1	[{"added": {}}]	15	1
24	2025-01-23 13:48:31.25502+08	238	en - previous-backup-version	1	[{"added": {}}]	15	1
25	2025-01-23 13:48:42.656939+08	239	en - restore-previous-version	1	[{"added": {}}]	15	1
26	2025-01-23 13:48:55.016816+08	240	zh - file-label	1	[{"added": {}}]	15	1
27	2025-01-23 13:49:08.118842+08	241	zh - upload-time	1	[{"added": {}}]	15	1
28	2025-01-23 13:49:18.809116+08	242	zh - uploader	1	[{"added": {}}]	15	1
29	2025-01-23 13:49:31.239602+08	243	zh - download-cobie-csv	1	[{"added": {}}]	15	1
30	2025-01-23 13:49:43.780036+08	244	zh - download-bim-source	1	[{"added": {}}]	15	1
31	2025-01-23 13:49:58.427078+08	245	zh - previous-backup-version	1	[{"added": {}}]	15	1
32	2025-01-23 13:50:11.044709+08	246	zh - restore-previous-version	1	[{"added": {}}]	15	1
33	2025-01-23 14:51:45.007316+08	247	en - file-name	1	[{"added": {}}]	15	1
34	2025-01-23 14:51:58.448824+08	248	en - file-size	1	[{"added": {}}]	15	1
35	2025-01-23 14:52:07.075955+08	249	en - status	1	[{"added": {}}]	15	1
36	2025-01-23 14:52:16.033854+08	250	en - message	1	[{"added": {}}]	15	1
37	2025-01-23 14:52:28.999077+08	251	zh - file-name	1	[{"added": {}}]	15	1
38	2025-01-23 14:52:38.425822+08	252	zh - file-size	1	[{"added": {}}]	15	1
39	2025-01-23 14:52:48.778539+08	253	zh - status	1	[{"added": {}}]	15	1
40	2025-01-23 14:53:02.725242+08	254	zh - message	1	[{"added": {}}]	15	1
41	2025-01-23 16:50:38.188539+08	77	zh - email-already-exists	2	[{"changed": {"fields": ["Value"]}}]	15	1
42	2025-01-23 16:54:37.857748+08	77	zh - email-already-exists	2	[{"changed": {"fields": ["Value"]}}]	15	1
43	2025-01-23 16:55:31.884233+08	255	en - already-exists	1	[{"added": {}}]	15	1
44	2025-01-23 16:55:40.485661+08	256	zh - already-exists	1	[{"added": {}}]	15	1
45	2025-01-23 16:59:52.546869+08	257	en - select-file	1	[{"added": {}}]	15	1
46	2025-01-23 17:00:03.202664+08	258	zh - select-file	1	[{"added": {}}]	15	1
47	2025-01-23 20:09:14.82124+08	259	en - confirm-action	1	[{"added": {}}]	15	1
48	2025-01-23 20:09:50.930488+08	260	en - delete-confirm	1	[{"added": {}}]	15	1
49	2025-01-23 20:10:13.335071+08	261	en - delete	1	[{"added": {}}]	15	1
50	2025-01-23 20:10:52.263325+08	262	zh - confirm-action	1	[{"added": {}}]	15	1
51	2025-01-23 20:11:16.240355+08	263	zh - delete-confirm	1	[{"added": {}}]	15	1
52	2025-01-23 20:11:43.066541+08	264	zh - delete	1	[{"added": {}}]	15	1
53	2025-01-23 20:16:14.433516+08	265	en - delete-success	1	[{"added": {}}]	15	1
54	2025-01-23 20:16:35.809693+08	266	zh - delete-success	1	[{"added": {}}]	15	1
55	2025-01-23 20:19:27.194729+08	257	en - select-file	2	[{"changed": {"fields": ["Value"]}}]	15	1
56	2025-02-07 16:30:25.356903+08	61	Core | navigation | Can view bim information listing	1	[{"added": {}}]	3	1
57	2025-02-07 16:31:03.545039+08	62	Core | navigation | Can view bim model viewer	1	[{"added": {}}]	3	1
58	2025-02-07 16:31:44.007331+08	63	Core | navigation | Can view bim data import	1	[{"added": {}}]	3	1
59	2025-02-07 16:32:16.136416+08	64	Core | navigation | Can view user management	1	[{"added": {}}]	3	1
60	2025-02-07 16:32:47.829198+08	65	Core | navigation | Can view system administration	1	[{"added": {}}]	3	1
61	2025-02-07 16:38:59.989162+08	63	Core | navigation | Can view bim data import	2	[]	3	1
62	2025-02-07 16:45:36.50839+08	66	Core | navigation | Can manage bim data import	1	[{"added": {}}]	3	1
63	2025-02-07 16:49:35.862827+08	66	Core | navigation | APS credentials	2	[{"changed": {"fields": ["Name", "Codename"]}}]	3	1
64	2025-02-07 16:51:07.965143+08	1	內部APS憑證	1	[{"added": {}}]	4	1
65	2025-02-08 10:11:34.268281+08	10	bim-media-viewer	1	[{"added": {}}]	14	1
66	2025-02-08 10:12:18.47143+08	10	bim-media-viewer	2	[{"changed": {"fields": ["Link", "Order"]}}]	14	1
67	2025-02-08 10:12:57.327306+08	10	bim-media-viewer	2	[{"changed": {"fields": ["Order"]}}]	14	1
68	2025-02-08 10:13:14.884044+08	10	bim-media-viewer	2	[{"changed": {"fields": ["Order"]}}]	14	1
69	2025-02-08 10:13:28.269124+08	7	bim-data-import	2	[{"changed": {"fields": ["Order"]}}]	14	1
70	2025-02-08 10:13:43.276566+08	8	user-management	2	[{"changed": {"fields": ["Order"]}}]	14	1
71	2025-02-08 10:14:01.541146+08	9	system-administration	2	[{"changed": {"fields": ["Order"]}}]	14	1
72	2025-02-08 10:19:57.363738+08	10	bim-media-viewer	2	[{"changed": {"fields": ["Icon"]}}]	14	1
73	2025-02-08 10:20:31.3796+08	10	bim-media-viewer	2	[{"changed": {"fields": ["Icon"]}}]	14	1
74	2025-02-08 10:21:21.940537+08	10	bim-media-viewer	2	[{"changed": {"fields": ["Icon"]}}]	14	1
75	2025-02-08 11:06:39.410234+08	267	en - bim-media-viewer	1	[{"added": {}}]	15	1
76	2025-02-08 11:07:05.998442+08	268	zh - bim-media-viewer	1	[{"added": {}}]	15	1
\.


--
-- TOC entry 3567 (class 0 OID 125594)
-- Dependencies: 246
-- Data for Name: django_celery_results_chordcounter; Type: TABLE DATA; Schema: public; Owner: giantcld
--

COPY public.django_celery_results_chordcounter (id, group_id, sub_tasks, count) FROM stdin;
\.


--
-- TOC entry 3569 (class 0 OID 125606)
-- Dependencies: 248
-- Data for Name: django_celery_results_groupresult; Type: TABLE DATA; Schema: public; Owner: giantcld
--

COPY public.django_celery_results_groupresult (id, group_id, date_created, date_done, content_type, content_encoding, result) FROM stdin;
\.


--
-- TOC entry 3565 (class 0 OID 125573)
-- Dependencies: 244
-- Data for Name: django_celery_results_taskresult; Type: TABLE DATA; Schema: public; Owner: giantcld
--

COPY public.django_celery_results_taskresult (id, task_id, status, content_type, content_encoding, result, date_done, traceback, meta, task_args, task_kwargs, task_name, worker, date_created, periodic_task_name) FROM stdin;
1	f0c099a6-b5cf-4e89-b926-217c925f3404	SUCCESS	application/json	utf-8	null	2025-01-23 20:12:59.992887+08	\N	{"children": []}	\N	\N	\N	\N	2025-01-23 20:12:59.992887+08	\N
2	d51521f7-8b26-48fa-8060-f45aa7638a9b	SUCCESS	application/json	utf-8	null	2025-01-23 20:13:02.302897+08	\N	{"children": []}	\N	\N	\N	\N	2025-01-23 20:13:02.302897+08	\N
3	0845617c-480a-42c9-bd08-53331c4873b6	SUCCESS	application/json	utf-8	null	2025-01-23 20:13:05.208123+08	\N	{"children": []}	\N	\N	\N	\N	2025-01-23 20:13:05.208123+08	\N
4	257ef944-8bf1-41c5-b592-9b4653478a2a	SUCCESS	application/json	utf-8	null	2025-01-23 20:13:07.494002+08	\N	{"children": []}	\N	\N	\N	\N	2025-01-23 20:13:07.494002+08	\N
5	12d4064d-2dff-4156-bdf6-1817c72227d2	SUCCESS	application/json	utf-8	null	2025-01-23 20:13:10.266449+08	\N	{"children": []}	\N	\N	\N	\N	2025-01-23 20:13:10.266449+08	\N
6	8c338809-e4c9-423f-8233-563fa5d39e0a	SUCCESS	application/json	utf-8	null	2025-01-23 20:13:23.557309+08	\N	{"children": []}	\N	\N	\N	\N	2025-01-23 20:13:23.557309+08	\N
7	d7273a42-bc59-4cd0-a3ca-b3d8989678d2	SUCCESS	application/json	utf-8	null	2025-02-06 20:31:50.151002+08	\N	{"children": []}	\N	\N	\N	\N	2025-02-06 20:31:50.151002+08	\N
8	a04f0d26-68fe-4f88-9aa5-27cab43d3f9f	SUCCESS	application/json	utf-8	null	2025-02-06 20:32:20.108246+08	\N	{"children": []}	\N	\N	\N	\N	2025-02-06 20:32:20.108246+08	\N
9	556186ab-d6b5-4123-9f33-181dafba03db	SUCCESS	application/json	utf-8	null	2025-02-06 20:33:22.159972+08	\N	{"children": []}	\N	\N	\N	\N	2025-02-06 20:33:22.159972+08	\N
\.


--
-- TOC entry 3539 (class 0 OID 125337)
-- Dependencies: 218
-- Data for Name: django_content_type; Type: TABLE DATA; Schema: public; Owner: giantcld
--

COPY public.django_content_type (id, app_label, model) FROM stdin;
1	admin_interface	theme
2	admin	logentry
3	auth	permission
4	auth	group
5	contenttypes	contenttype
6	sessions	session
7	token_blacklist	blacklistedtoken
8	token_blacklist	outstandingtoken
9	django_celery_results	taskresult
10	django_celery_results	chordcounter
11	django_celery_results	groupresult
12	account	user
13	core	locale
14	core	navigation
15	core	translation
16	core	autodeskcredentials
\.


--
-- TOC entry 3537 (class 0 OID 125329)
-- Dependencies: 216
-- Data for Name: django_migrations; Type: TABLE DATA; Schema: public; Owner: giantcld
--

COPY public.django_migrations (id, app, name, applied) FROM stdin;
1	contenttypes	0001_initial	2025-01-21 14:07:20.938476+08
2	contenttypes	0002_remove_content_type_name	2025-01-21 14:07:20.957151+08
3	auth	0001_initial	2025-01-21 14:07:21.07583+08
4	auth	0002_alter_permission_name_max_length	2025-01-21 14:07:21.085972+08
5	auth	0003_alter_user_email_max_length	2025-01-21 14:07:21.093969+08
6	auth	0004_alter_user_username_opts	2025-01-21 14:07:21.102476+08
7	auth	0005_alter_user_last_login_null	2025-01-21 14:07:21.113983+08
8	auth	0006_require_contenttypes_0002	2025-01-21 14:07:21.11898+08
9	auth	0007_alter_validators_add_error_messages	2025-01-21 14:07:21.13049+08
10	auth	0008_alter_user_username_max_length	2025-01-21 14:07:21.139488+08
11	auth	0009_alter_user_last_name_max_length	2025-01-21 14:07:21.147996+08
12	auth	0010_alter_group_name_max_length	2025-01-21 14:07:21.163119+08
13	auth	0011_update_proxy_permissions	2025-01-21 14:07:21.173118+08
14	auth	0012_alter_user_first_name_max_length	2025-01-21 14:07:21.184235+08
15	account	0001_initial	2025-01-21 14:07:21.316342+08
16	admin	0001_initial	2025-01-21 14:07:21.374812+08
17	admin	0002_logentry_remove_auto_add	2025-01-21 14:07:21.382108+08
18	admin	0003_logentry_add_action_flag_choices	2025-01-21 14:07:21.391622+08
19	admin_interface	0001_initial	2025-01-21 14:07:21.424964+08
20	admin_interface	0002_add_related_modal	2025-01-21 14:07:21.458365+08
21	admin_interface	0003_add_logo_color	2025-01-21 14:07:21.471522+08
22	admin_interface	0004_rename_title_color	2025-01-21 14:07:21.481635+08
23	admin_interface	0005_add_recent_actions_visible	2025-01-21 14:07:21.497181+08
24	admin_interface	0006_bytes_to_str	2025-01-21 14:07:21.542478+08
25	admin_interface	0007_add_favicon	2025-01-21 14:07:21.56522+08
26	admin_interface	0008_change_related_modal_background_opacity_type	2025-01-21 14:07:21.579222+08
27	admin_interface	0009_add_enviroment	2025-01-21 14:07:21.594732+08
28	admin_interface	0010_add_localization	2025-01-21 14:07:21.608746+08
29	admin_interface	0011_add_environment_options	2025-01-21 14:07:21.640722+08
30	admin_interface	0012_update_verbose_names	2025-01-21 14:07:21.651689+08
31	admin_interface	0013_add_related_modal_close_button	2025-01-21 14:07:21.683032+08
32	admin_interface	0014_name_unique	2025-01-21 14:07:21.707634+08
33	admin_interface	0015_add_language_chooser_active	2025-01-21 14:07:21.717755+08
34	admin_interface	0016_add_language_chooser_display	2025-01-21 14:07:21.728724+08
35	admin_interface	0017_change_list_filter_dropdown	2025-01-21 14:07:21.73623+08
36	admin_interface	0018_theme_list_filter_sticky	2025-01-21 14:07:21.768703+08
37	admin_interface	0019_add_form_sticky	2025-01-21 14:07:21.839626+08
38	admin_interface	0020_module_selected_colors	2025-01-21 14:07:21.882026+08
39	admin_interface	0021_file_extension_validator	2025-01-21 14:07:21.890024+08
40	admin_interface	0022_add_logo_max_width_and_height	2025-01-21 14:07:21.908537+08
41	admin_interface	0023_theme_foldable_apps	2025-01-21 14:07:21.920153+08
42	admin_interface	0024_remove_theme_css	2025-01-21 14:07:21.929151+08
43	admin_interface	0025_theme_language_chooser_control	2025-01-21 14:07:21.942226+08
44	admin_interface	0026_theme_list_filter_highlight	2025-01-21 14:07:21.962031+08
45	admin_interface	0027_theme_list_filter_removal_links	2025-01-21 14:07:21.979578+08
46	admin_interface	0028_theme_show_fieldsets_as_tabs_and_more	2025-01-21 14:07:22.00307+08
47	admin_interface	0029_theme_css_generic_link_active_color	2025-01-21 14:07:22.021097+08
48	admin_interface	0030_theme_collapsible_stacked_inlines_and_more	2025-01-21 14:07:22.052596+08
49	core	0001_initial	2025-01-21 14:07:22.232582+08
50	django_celery_results	0001_initial	2025-01-21 14:07:22.282311+08
51	django_celery_results	0002_add_task_name_args_kwargs	2025-01-21 14:07:22.298174+08
52	django_celery_results	0003_auto_20181106_1101	2025-01-21 14:07:22.305477+08
53	django_celery_results	0004_auto_20190516_0412	2025-01-21 14:07:22.362128+08
54	django_celery_results	0005_taskresult_worker	2025-01-21 14:07:22.38702+08
55	django_celery_results	0006_taskresult_date_created	2025-01-21 14:07:22.477251+08
56	django_celery_results	0007_remove_taskresult_hidden	2025-01-21 14:07:22.494203+08
57	django_celery_results	0008_chordcounter	2025-01-21 14:07:22.54804+08
58	django_celery_results	0009_groupresult	2025-01-21 14:07:22.792925+08
59	django_celery_results	0010_remove_duplicate_indices	2025-01-21 14:07:22.80793+08
60	django_celery_results	0011_taskresult_periodic_task_name	2025-01-21 14:07:22.825447+08
61	sessions	0001_initial	2025-01-21 14:07:22.87596+08
62	token_blacklist	0001_initial	2025-01-21 14:07:22.947055+08
63	token_blacklist	0002_outstandingtoken_jti_hex	2025-01-21 14:07:22.958229+08
64	token_blacklist	0003_auto_20171017_2007	2025-01-21 14:07:22.976645+08
65	token_blacklist	0004_auto_20171017_2013	2025-01-21 14:07:23.000803+08
66	token_blacklist	0005_remove_outstandingtoken_jti	2025-01-21 14:07:23.013318+08
67	token_blacklist	0006_auto_20171017_2113	2025-01-21 14:07:23.027848+08
68	token_blacklist	0007_auto_20171017_2214	2025-01-21 14:07:23.064972+08
69	token_blacklist	0008_migrate_to_bigautofield	2025-01-21 14:07:23.216183+08
70	token_blacklist	0010_fix_migrate_to_bigautofield	2025-01-21 14:07:23.231187+08
71	token_blacklist	0011_linearizes_history	2025-01-21 14:07:23.237187+08
72	token_blacklist	0012_alter_outstandingtoken_user	2025-01-21 14:07:23.251187+08
73	core	0002_rename_code_locale_lang_and_more	2025-01-21 14:41:50.824561+08
74	core	0003_locale_is_active	2025-01-21 16:28:51.9657+08
75	core	0004_autodeskcredentials	2025-01-24 18:22:42.914878+08
76	core	0005_rename__client_secret_autodeskcredentials_client_secret	2025-02-08 09:30:14.913369+08
\.


--
-- TOC entry 3570 (class 0 OID 125623)
-- Dependencies: 249
-- Data for Name: django_session; Type: TABLE DATA; Schema: public; Owner: giantcld
--

COPY public.django_session (session_key, session_data, expire_date) FROM stdin;
ef0pu20mo6sjtvbdeua5zp69lbyl7udr	.eJxVjDsOwjAUBO_iGll24k9MSc8ZLO97DgkgW4qTCnF3iJQC2p2ZfYmYtnWKW8tLnFmchRan3w2JHrnsgO-p3KqkWtZlhtwVedAmr5Xz83K4fwdTatO3NjDsnLIENwZNYMsdetN7GoCgMXLn1aCNDyZob1XoRzhvyalkkUHi_QHiVTfU:1tapzo:3O8yBkTZ2w3NXudd4Lmh6RuS--FRBSBooz8lH4sFoz8	2025-02-06 13:43:16.332062+08
n32eyv1x4p5p4tccs68l6yck1n01gwyl	.eJxVjDsOwjAUBO_iGll24k9MSc8ZLO97DgkgW4qTCnF3iJQC2p2ZfYmYtnWKW8tLnFmchRan3w2JHrnsgO-p3KqkWtZlhtwVedAmr5Xz83K4fwdTatO3NjDsnLIENwZNYMsdetN7GoCgMXLn1aCNDyZob1XoRzhvyalkkUHi_QHiVTfU:1tfxs8:hLvGivuUMG2jWncH2sKJgqGYRh6e7g1Ansku-3aEv_w	2025-02-20 17:08:32.982573+08
tll164m0psy57oukyjdgbwpj2kfw8bio	.eJxVjDsOwjAUBO_iGll24k9MSc8ZLO97DgkgW4qTCnF3iJQC2p2ZfYmYtnWKW8tLnFmchRan3w2JHrnsgO-p3KqkWtZlhtwVedAmr5Xz83K4fwdTatO3NjDsnLIENwZNYMsdetN7GoCgMXLn1aCNDyZob1XoRzhvyalkkUHi_QHiVTfU:1tgJeX:wX8EDEvpvzr45lGx9g0gass-G_eROIrtZl4aRVeFlgs	2025-02-21 16:23:57.040813+08
\.


--
-- TOC entry 3572 (class 0 OID 125633)
-- Dependencies: 251
-- Data for Name: token_blacklist_blacklistedtoken; Type: TABLE DATA; Schema: public; Owner: giantcld
--

COPY public.token_blacklist_blacklistedtoken (id, blacklisted_at, token_id) FROM stdin;
1	2025-01-21 14:54:19.672349+08	1
2	2025-01-21 15:09:55.325989+08	2
3	2025-01-21 15:10:43.845606+08	3
4	2025-01-21 15:11:03.123803+08	4
5	2025-01-21 15:28:07.497734+08	5
6	2025-01-21 15:28:15.72391+08	6
7	2025-01-21 15:28:18.165673+08	7
8	2025-01-21 15:28:25.714851+08	8
9	2025-01-21 15:28:36.704532+08	9
10	2025-01-21 15:28:45.310227+08	10
11	2025-01-21 15:28:50.030424+08	11
12	2025-01-21 15:31:24.229599+08	12
13	2025-01-21 15:32:53.344073+08	13
14	2025-01-21 15:33:29.133158+08	14
15	2025-01-21 15:33:51.423631+08	15
16	2025-01-21 15:55:10.548381+08	16
17	2025-01-21 15:55:35.971566+08	17
18	2025-01-21 15:57:15.945241+08	18
19	2025-01-21 15:57:30.199309+08	19
20	2025-01-21 15:58:45.122609+08	20
21	2025-01-21 15:58:50.881553+08	21
22	2025-01-21 15:59:08.830501+08	22
23	2025-01-21 16:00:00.97779+08	23
24	2025-01-21 16:01:29.038457+08	24
25	2025-01-21 16:01:48.150158+08	25
26	2025-01-21 16:02:32.945761+08	26
27	2025-01-21 16:03:03.415169+08	27
28	2025-01-21 16:03:17.956507+08	28
29	2025-01-21 16:12:45.455423+08	29
30	2025-01-21 16:12:59.272039+08	30
31	2025-01-21 16:30:29.25581+08	31
32	2025-01-21 16:30:48.24805+08	32
33	2025-01-21 16:31:02.338967+08	33
34	2025-01-21 16:53:19.534668+08	34
35	2025-01-21 16:53:53.474909+08	35
36	2025-01-21 16:54:05.536275+08	36
37	2025-01-21 16:55:01.091426+08	37
38	2025-01-21 16:55:15.379288+08	38
39	2025-01-21 17:03:27.443542+08	39
40	2025-01-21 17:04:29.526114+08	40
41	2025-01-21 17:04:38.133049+08	41
42	2025-01-21 17:06:44.012039+08	42
43	2025-01-21 17:06:54.586282+08	43
44	2025-01-21 17:09:39.269687+08	44
45	2025-01-21 17:09:50.347302+08	45
46	2025-01-21 17:10:02.871049+08	46
47	2025-01-21 17:10:15.611723+08	47
48	2025-01-21 17:10:52.471735+08	48
49	2025-01-21 17:11:28.92128+08	49
50	2025-01-21 17:11:35.313204+08	50
51	2025-01-21 17:14:01.802157+08	51
52	2025-01-21 17:15:19.336896+08	52
53	2025-01-21 17:17:31.380423+08	53
54	2025-01-21 17:20:47.32741+08	54
55	2025-01-21 17:22:47.835365+08	55
56	2025-01-21 17:24:45.314328+08	56
57	2025-01-21 17:25:10.70054+08	57
58	2025-01-21 17:25:23.365273+08	58
59	2025-01-21 17:25:31.935483+08	59
60	2025-01-21 17:26:22.899193+08	60
61	2025-01-21 22:03:39.763447+08	61
62	2025-01-21 22:07:29.940353+08	62
63	2025-01-21 22:50:02.352972+08	63
64	2025-01-21 22:50:21.954461+08	64
65	2025-01-21 22:51:49.906845+08	65
66	2025-01-21 22:52:53.399797+08	66
67	2025-01-21 22:53:28.892149+08	67
68	2025-01-21 22:54:10.616725+08	68
69	2025-01-21 22:54:26.586592+08	69
70	2025-01-21 22:54:49.282179+08	70
71	2025-01-21 22:56:22.531089+08	71
72	2025-01-21 22:57:10.070706+08	72
73	2025-01-21 22:57:23.733869+08	73
74	2025-01-21 22:57:34.271129+08	74
75	2025-01-21 22:57:53.403956+08	75
76	2025-01-21 22:58:03.705933+08	76
77	2025-01-21 23:00:02.114297+08	77
78	2025-01-21 23:00:21.213645+08	78
79	2025-01-21 23:02:02.646368+08	79
80	2025-01-21 23:02:14.647164+08	80
81	2025-01-21 23:03:07.573686+08	81
82	2025-01-21 23:03:32.719954+08	82
83	2025-01-21 23:03:53.350207+08	83
84	2025-01-21 23:05:35.638868+08	84
85	2025-01-21 23:10:12.585086+08	85
86	2025-01-21 23:10:25.468195+08	86
87	2025-01-21 23:10:35.91567+08	87
88	2025-01-21 23:12:55.521363+08	88
89	2025-01-21 23:13:47.487273+08	89
90	2025-01-21 23:14:01.369146+08	90
91	2025-01-21 23:14:15.193473+08	91
92	2025-01-21 23:18:14.229999+08	92
93	2025-01-21 23:23:06.500267+08	93
94	2025-01-21 23:23:28.088524+08	94
95	2025-01-21 23:32:07.208921+08	95
96	2025-01-23 13:41:04.915524+08	96
97	2025-01-23 13:41:18.495566+08	97
98	2025-01-23 13:41:26.080335+08	98
99	2025-01-23 13:52:27.862825+08	99
100	2025-01-23 13:52:59.668298+08	100
101	2025-01-23 14:11:36.296421+08	102
102	2025-01-23 14:13:22.464714+08	103
103	2025-01-23 14:13:29.164203+08	104
104	2025-01-23 14:13:30.752145+08	105
105	2025-01-23 14:36:36.433737+08	106
106	2025-01-23 14:44:32.388046+08	107
107	2025-01-23 14:54:19.141508+08	108
108	2025-01-23 14:54:34.908485+08	109
109	2025-01-23 14:55:07.312007+08	110
110	2025-01-23 14:56:11.403307+08	111
111	2025-01-23 14:57:08.834236+08	112
112	2025-01-23 15:02:01.110568+08	113
113	2025-01-23 15:06:55.168928+08	114
114	2025-01-23 15:08:49.041808+08	115
115	2025-01-23 15:25:42.901801+08	117
116	2025-01-23 15:34:03.095838+08	118
117	2025-01-23 15:39:35.64372+08	119
118	2025-01-23 15:40:04.447164+08	120
119	2025-01-23 15:42:54.274533+08	121
120	2025-01-23 15:44:27.575677+08	122
121	2025-01-23 15:45:16.925815+08	123
122	2025-01-23 15:46:24.863667+08	124
123	2025-01-23 15:48:25.885125+08	125
124	2025-01-23 15:48:46.559062+08	126
125	2025-01-23 15:51:02.880748+08	127
126	2025-01-23 15:51:09.238733+08	128
127	2025-01-23 15:53:14.642371+08	129
128	2025-01-23 15:55:29.472942+08	130
129	2025-01-23 15:55:48.750979+08	131
130	2025-01-23 15:57:46.349482+08	132
131	2025-01-23 15:59:36.513087+08	133
132	2025-01-23 15:59:50.304112+08	134
133	2025-01-23 16:01:22.405973+08	135
134	2025-01-23 16:01:25.531429+08	136
135	2025-01-23 16:01:27.925614+08	137
136	2025-01-23 16:01:33.519114+08	138
137	2025-01-23 16:01:39.79672+08	139
138	2025-01-23 16:01:45.074535+08	140
139	2025-01-23 16:03:02.355722+08	141
140	2025-01-23 16:13:10.633755+08	142
141	2025-01-23 16:16:39.175007+08	143
142	2025-01-23 16:17:23.629824+08	144
143	2025-01-23 16:17:29.448074+08	145
144	2025-01-23 16:17:52.494137+08	146
145	2025-01-23 16:18:27.315925+08	147
146	2025-01-23 16:18:29.488362+08	148
147	2025-01-23 16:21:07.083576+08	149
148	2025-01-23 16:21:23.729855+08	150
149	2025-01-23 16:23:27.692235+08	151
150	2025-01-23 16:24:11.132669+08	152
151	2025-01-23 16:24:23.822722+08	153
152	2025-01-23 16:24:43.655008+08	154
153	2025-01-23 16:28:55.194706+08	155
154	2025-01-23 16:28:59.338787+08	156
155	2025-01-23 16:29:04.772463+08	157
156	2025-01-23 16:29:13.446341+08	158
157	2025-01-23 16:29:19.169006+08	159
158	2025-01-23 16:29:34.452937+08	160
159	2025-01-23 16:29:41.120489+08	161
160	2025-01-23 16:29:49.709624+08	162
161	2025-01-23 16:29:59.722575+08	163
162	2025-01-23 16:30:06.837047+08	164
163	2025-01-23 16:30:16.324121+08	165
164	2025-01-23 16:30:20.901999+08	166
165	2025-01-23 16:30:29.256265+08	167
166	2025-01-23 16:30:32.645364+08	168
167	2025-01-23 16:30:47.793414+08	169
168	2025-01-23 16:31:13.382479+08	170
169	2025-01-23 16:31:25.23992+08	171
170	2025-01-23 16:31:30.39899+08	172
171	2025-01-23 16:31:49.24506+08	173
172	2025-01-23 16:32:04.800616+08	174
173	2025-01-23 16:32:09.443218+08	175
174	2025-01-23 16:32:18.092439+08	176
175	2025-01-23 16:33:06.612677+08	177
176	2025-01-23 16:33:11.788435+08	178
177	2025-01-23 16:33:16.194056+08	179
178	2025-01-23 16:33:23.394666+08	180
179	2025-01-23 16:34:18.326276+08	181
180	2025-01-23 16:34:23.295002+08	182
181	2025-01-23 16:34:46.548297+08	183
182	2025-01-23 16:35:57.787716+08	184
183	2025-01-23 16:36:07.264266+08	185
184	2025-01-23 16:36:22.751918+08	186
185	2025-01-23 16:36:36.860083+08	187
186	2025-01-23 16:36:41.879074+08	188
187	2025-01-23 16:37:12.480608+08	189
188	2025-01-23 16:37:21.880466+08	190
189	2025-01-23 16:37:36.045277+08	191
190	2025-01-23 16:37:42.34935+08	192
191	2025-01-23 16:38:00.100554+08	193
192	2025-01-23 16:38:06.055362+08	194
193	2025-01-23 16:38:15.399163+08	195
194	2025-01-23 16:38:19.418615+08	196
195	2025-01-23 16:38:25.356785+08	197
196	2025-01-23 16:38:31.410522+08	198
197	2025-01-23 16:38:40.21716+08	199
198	2025-01-23 16:38:46.145092+08	200
199	2025-01-23 16:38:55.341868+08	201
200	2025-01-23 16:39:01.20222+08	202
201	2025-01-23 16:39:12.655128+08	203
202	2025-01-23 16:39:20.859913+08	204
203	2025-01-23 16:39:30.438964+08	205
204	2025-01-23 16:39:38.394068+08	206
205	2025-01-23 16:39:43.089984+08	207
206	2025-01-23 16:39:52.998839+08	208
207	2025-01-23 16:39:58.138983+08	209
208	2025-01-23 16:40:43.719043+08	210
209	2025-01-23 16:57:41.193256+08	211
210	2025-01-23 16:57:46.228423+08	212
211	2025-01-23 16:58:04.703174+08	213
212	2025-01-23 16:58:12.94781+08	214
213	2025-01-23 16:58:17.19707+08	215
214	2025-01-23 17:09:44.425442+08	216
215	2025-01-23 17:09:49.514291+08	217
216	2025-01-23 17:10:09.859029+08	218
217	2025-01-23 17:12:36.884486+08	219
218	2025-01-23 17:13:12.023103+08	220
219	2025-01-23 17:29:25.58917+08	221
220	2025-01-23 17:29:55.355498+08	222
221	2025-01-23 17:31:29.136374+08	223
222	2025-01-23 17:51:30.000949+08	224
223	2025-01-23 18:05:16.091709+08	225
224	2025-01-23 18:06:02.274957+08	226
225	2025-01-23 18:06:20.857585+08	227
226	2025-01-23 18:07:02.752592+08	228
227	2025-01-23 18:07:21.966847+08	229
228	2025-01-23 18:08:11.638646+08	230
229	2025-01-23 18:09:05.094087+08	231
230	2025-01-23 18:09:53.586413+08	232
231	2025-01-23 18:12:13.25541+08	233
232	2025-01-23 18:13:30.722948+08	234
233	2025-01-23 18:25:42.572082+08	235
234	2025-01-23 18:28:35.294541+08	236
235	2025-01-23 18:30:05.534115+08	237
236	2025-01-23 18:30:14.926737+08	238
237	2025-01-23 18:30:44.827033+08	239
238	2025-01-23 18:31:59.056304+08	240
239	2025-01-23 18:32:07.886941+08	241
240	2025-01-23 18:33:45.372578+08	242
241	2025-01-23 18:42:34.426017+08	243
242	2025-01-23 18:45:00.146805+08	244
243	2025-01-23 18:48:20.455513+08	245
244	2025-01-23 19:42:21.035614+08	246
245	2025-01-23 20:05:27.317951+08	247
246	2025-01-23 20:07:15.965449+08	248
247	2025-01-23 20:11:47.828252+08	249
248	2025-01-23 20:15:00.051873+08	250
249	2025-01-23 20:16:39.05182+08	251
250	2025-01-23 20:17:30.031141+08	252
251	2025-01-23 20:18:22.89807+08	253
252	2025-01-23 20:18:45.473513+08	254
253	2025-01-23 20:19:29.083671+08	255
254	2025-01-23 22:52:39.055754+08	256
255	2025-02-05 17:17:00.790418+08	257
256	2025-02-05 17:18:19.6623+08	258
257	2025-02-05 17:18:43.116276+08	259
258	2025-02-05 17:20:03.405316+08	260
259	2025-02-05 17:21:16.693559+08	261
260	2025-02-06 17:01:40.614625+08	262
261	2025-02-06 17:01:45.232446+08	263
262	2025-02-06 17:01:48.759176+08	264
263	2025-02-06 17:01:52.159049+08	265
264	2025-02-06 17:02:56.139681+08	266
265	2025-02-06 17:02:59.915362+08	267
266	2025-02-06 17:03:05.538817+08	268
267	2025-02-06 17:03:13.48332+08	269
268	2025-02-06 17:03:20.68037+08	270
269	2025-02-06 17:03:25.685644+08	271
270	2025-02-06 17:03:30.971211+08	272
271	2025-02-06 20:07:06.982786+08	273
272	2025-02-06 20:31:04.564646+08	274
273	2025-02-06 20:36:23.973061+08	275
274	2025-02-06 20:37:43.614808+08	276
275	2025-02-06 20:38:06.313019+08	277
276	2025-02-06 20:38:11.710938+08	278
277	2025-02-06 20:38:49.395455+08	279
278	2025-02-06 20:39:21.398769+08	280
279	2025-02-06 20:39:56.510131+08	281
280	2025-02-06 20:40:27.777506+08	282
281	2025-02-06 20:40:39.10326+08	283
282	2025-02-06 20:40:57.878488+08	284
283	2025-02-06 20:41:20.539515+08	285
284	2025-02-06 20:41:38.116943+08	286
285	2025-02-06 20:41:46.355336+08	287
286	2025-02-06 20:42:11.023268+08	288
287	2025-02-06 20:44:00.309948+08	289
288	2025-02-06 20:59:08.384449+08	290
289	2025-02-06 23:05:37.878974+08	291
290	2025-02-06 23:11:49.433695+08	292
291	2025-02-06 23:12:06.258479+08	293
292	2025-02-06 23:21:37.963173+08	294
293	2025-02-07 00:12:32.963576+08	295
294	2025-02-07 00:18:24.606165+08	296
295	2025-02-07 00:18:53.205137+08	297
296	2025-02-07 00:19:03.805985+08	298
297	2025-02-07 00:21:18.639515+08	299
298	2025-02-07 00:21:36.307488+08	300
299	2025-02-07 17:09:42.103797+08	301
300	2025-02-08 00:28:45.387572+08	302
301	2025-02-08 09:47:09.449106+08	303
302	2025-02-08 09:59:40.359024+08	304
303	2025-02-08 10:03:22.263472+08	305
304	2025-02-08 10:09:58.587313+08	306
305	2025-02-08 10:14:15.78086+08	307
306	2025-02-08 10:20:07.003665+08	308
307	2025-02-08 10:20:42.354157+08	309
308	2025-02-08 10:21:32.968329+08	310
309	2025-02-08 10:43:40.190252+08	311
310	2025-02-08 10:47:15.546701+08	312
311	2025-02-08 10:48:58.450644+08	313
312	2025-02-08 10:49:26.579597+08	314
313	2025-02-08 10:50:08.349602+08	315
314	2025-02-08 10:50:28.160338+08	316
315	2025-02-08 10:50:47.668413+08	317
316	2025-02-08 10:50:58.621884+08	318
317	2025-02-08 10:52:05.763201+08	319
318	2025-02-08 10:52:26.801448+08	320
319	2025-02-08 10:54:37.700694+08	321
320	2025-02-08 10:55:33.602351+08	322
321	2025-02-08 10:56:26.917389+08	323
322	2025-02-08 10:56:57.59421+08	324
323	2025-02-08 10:57:06.654459+08	325
324	2025-02-08 10:57:56.825508+08	326
325	2025-02-08 10:58:10.040926+08	327
326	2025-02-08 10:59:10.594877+08	328
327	2025-02-08 10:59:21.463868+08	329
328	2025-02-08 11:07:17.182061+08	330
329	2025-02-08 11:25:54.260982+08	331
330	2025-02-08 11:26:25.516227+08	332
331	2025-02-08 11:27:00.256438+08	333
332	2025-02-08 11:27:55.024235+08	334
333	2025-02-08 11:28:19.496543+08	335
334	2025-02-08 11:28:36.399539+08	336
335	2025-02-08 11:29:23.850422+08	337
\.


--
-- TOC entry 3574 (class 0 OID 125639)
-- Dependencies: 253
-- Data for Name: token_blacklist_outstandingtoken; Type: TABLE DATA; Schema: public; Owner: giantcld
--

COPY public.token_blacklist_outstandingtoken (id, token, created_at, expires_at, user_id, jti) FROM stdin;
1	eyJhbGciOiJIUzI1NiIsInR5cCI6IkpXVCJ9.eyJ0b2tlbl90eXBlIjoicmVmcmVzaCIsImV4cCI6MTc0MDAyOTg0NCwiaWF0IjoxNzM3NDM3ODQ0LCJqdGkiOiJlNzFjMTk4MWQwMTM0ODRmODVhMjM2OGQyZTE1OWI3MiIsInVzZXJfaWQiOjF9.ujXCPLcgv4l2FZGNjegnpQGJY2j0LBUxvBvAmRZ8RSY	\N	2025-02-20 13:37:24+08	\N	e71c1981d013484f85a2368d2e159b72
2	eyJhbGciOiJIUzI1NiIsInR5cCI6IkpXVCJ9.eyJ0b2tlbl90eXBlIjoicmVmcmVzaCIsImV4cCI6MTc0MDAzNTI4OSwiaWF0IjoxNzM3NDQzMjg5LCJqdGkiOiIzMjdjM2MxN2UyZWE0MzBmYWRhN2ZlMzc0MDE4NTAwZiIsInVzZXJfaWQiOjF9.ucDE5qi69DCp6rxTyw9dvvIyFieFFA-kLxmynMFPse4	2025-01-21 15:08:09.022566+08	2025-02-20 15:08:09+08	1	327c3c17e2ea430fada7fe374018500f
3	eyJhbGciOiJIUzI1NiIsInR5cCI6IkpXVCJ9.eyJ0b2tlbl90eXBlIjoicmVmcmVzaCIsImV4cCI6MTc0MDAzNTM5NSwiaWF0IjoxNzM3NDQzMzk1LCJqdGkiOiJhOTkyMmNjMDJkZDQ0OTA0YTQ1Y2RlYTMwZGViYjkzZSIsInVzZXJfaWQiOjF9.y-kNxl4MehgmFYrs16fdUdyMwVENE-BHOsB0zCQmyvA	\N	2025-02-20 15:09:55+08	\N	a9922cc02dd44904a45cdea30debb93e
4	eyJhbGciOiJIUzI1NiIsInR5cCI6IkpXVCJ9.eyJ0b2tlbl90eXBlIjoicmVmcmVzaCIsImV4cCI6MTc0MDAzNTQ0MywiaWF0IjoxNzM3NDQzNDQzLCJqdGkiOiJjZjUzZjVkYjcyMDE0NjZlODUyOTM0OTgwOGZjYzRhZCIsInVzZXJfaWQiOjF9.vXyoiieKwj8OZNGs1v82CxaSEsKSIZ5mGcMoI6T2DJc	\N	2025-02-20 15:10:43+08	\N	cf53f5db7201466e8529349808fcc4ad
5	eyJhbGciOiJIUzI1NiIsInR5cCI6IkpXVCJ9.eyJ0b2tlbl90eXBlIjoicmVmcmVzaCIsImV4cCI6MTc0MDAzNTQ2MywiaWF0IjoxNzM3NDQzNDYzLCJqdGkiOiI0ODI0MTZhYTZlZWQ0ZTE2OWI3ODM3MmE0MGU2MDRjZCIsInVzZXJfaWQiOjF9.Dykoz87wV2NZYYSg8buEUqc9tWoV440co9i3miP0CBM	\N	2025-02-20 15:11:03+08	\N	482416aa6eed4e169b78372a40e604cd
6	eyJhbGciOiJIUzI1NiIsInR5cCI6IkpXVCJ9.eyJ0b2tlbl90eXBlIjoicmVmcmVzaCIsImV4cCI6MTc0MDAzNjQ4NywiaWF0IjoxNzM3NDQ0NDg3LCJqdGkiOiIzZTBlNWQ1NjUzYjk0YjU1YjhlNjIwMTMzOGVhZjA1ZSIsInVzZXJfaWQiOjF9.p0Fq1rKQx-uRSb_dvCjUPzJLtYbIC1zDeQ6mM7yOzMw	\N	2025-02-20 15:28:07+08	\N	3e0e5d5653b94b55b8e6201338eaf05e
7	eyJhbGciOiJIUzI1NiIsInR5cCI6IkpXVCJ9.eyJ0b2tlbl90eXBlIjoicmVmcmVzaCIsImV4cCI6MTc0MDAzNjQ5NSwiaWF0IjoxNzM3NDQ0NDk1LCJqdGkiOiIyZDczYzc2MjQwZTk0ZDEzYWVlMWQ4NGVjOGYzY2ViOCIsInVzZXJfaWQiOjF9.huT-DdmFWL5IcqBRrThHTWTXampz9hL8szczPxZPe4U	\N	2025-02-20 15:28:15+08	\N	2d73c76240e94d13aee1d84ec8f3ceb8
8	eyJhbGciOiJIUzI1NiIsInR5cCI6IkpXVCJ9.eyJ0b2tlbl90eXBlIjoicmVmcmVzaCIsImV4cCI6MTc0MDAzNjQ5OCwiaWF0IjoxNzM3NDQ0NDk4LCJqdGkiOiJkYzg3ZDRmODgzZDA0MTRlYThjNzU2MWM5YTFjM2ZhMCIsInVzZXJfaWQiOjF9.EX3XkqR9EDCy2y4lRH-W5P5ckJC8hAAQ_0643OeUgag	\N	2025-02-20 15:28:18+08	\N	dc87d4f883d0414ea8c7561c9a1c3fa0
9	eyJhbGciOiJIUzI1NiIsInR5cCI6IkpXVCJ9.eyJ0b2tlbl90eXBlIjoicmVmcmVzaCIsImV4cCI6MTc0MDAzNjUwNSwiaWF0IjoxNzM3NDQ0NTA1LCJqdGkiOiI3N2JhNTI4MDFmNGE0NTIyOTgxN2IxNTRiYWQzMGVjNyIsInVzZXJfaWQiOjF9.9GcaPhcD1SHACq6kmGaaQEVWe0141_IzhwLgwouv6z0	\N	2025-02-20 15:28:25+08	\N	77ba52801f4a45229817b154bad30ec7
10	eyJhbGciOiJIUzI1NiIsInR5cCI6IkpXVCJ9.eyJ0b2tlbl90eXBlIjoicmVmcmVzaCIsImV4cCI6MTc0MDAzNjUxNiwiaWF0IjoxNzM3NDQ0NTE2LCJqdGkiOiI0ZmZkOGNmMWYyN2Q0MGU4OGQxMzhlNGY5ZTRhZjYyMiIsInVzZXJfaWQiOjF9._VEytkMaC37MRpNfUwlMuFMPlxEDL6CNXJqO5-tItWY	\N	2025-02-20 15:28:36+08	\N	4ffd8cf1f27d40e88d138e4f9e4af622
11	eyJhbGciOiJIUzI1NiIsInR5cCI6IkpXVCJ9.eyJ0b2tlbl90eXBlIjoicmVmcmVzaCIsImV4cCI6MTc0MDAzNjUyNSwiaWF0IjoxNzM3NDQ0NTI1LCJqdGkiOiIwMWUwMGI0NTdjOTk0NTg5YWI4ZjM2M2IxYmRlY2E3MCIsInVzZXJfaWQiOjF9.MN9y4ht1734o7OY7K208fGFwZhttFskzALa0Bi9kL5Y	\N	2025-02-20 15:28:45+08	\N	01e00b457c994589ab8f363b1bdeca70
12	eyJhbGciOiJIUzI1NiIsInR5cCI6IkpXVCJ9.eyJ0b2tlbl90eXBlIjoicmVmcmVzaCIsImV4cCI6MTc0MDAzNjUyOSwiaWF0IjoxNzM3NDQ0NTI5LCJqdGkiOiJjYzM1YzI0OWJmOGY0ZThiOGM2Y2Y3NDkyMTgxN2JkNSIsInVzZXJfaWQiOjF9.VLjU_2jC4BIGDYWo9lm-nXXshkgjQ_X0vc1ZAx8AOhU	\N	2025-02-20 15:28:49+08	\N	cc35c249bf8f4e8b8c6cf74921817bd5
13	eyJhbGciOiJIUzI1NiIsInR5cCI6IkpXVCJ9.eyJ0b2tlbl90eXBlIjoicmVmcmVzaCIsImV4cCI6MTc0MDAzNjY4NCwiaWF0IjoxNzM3NDQ0Njg0LCJqdGkiOiJjOGRkMzRhYzQ2NWY0M2ZjOGZlY2ZhNTA5MWRiMjVlOCIsInVzZXJfaWQiOjF9.xL9dzHpafZkZ_V3a20oexvCB3uOzDOpI2Ou5TyAyRW4	\N	2025-02-20 15:31:24+08	\N	c8dd34ac465f43fc8fecfa5091db25e8
14	eyJhbGciOiJIUzI1NiIsInR5cCI6IkpXVCJ9.eyJ0b2tlbl90eXBlIjoicmVmcmVzaCIsImV4cCI6MTc0MDAzNjc3MywiaWF0IjoxNzM3NDQ0NzczLCJqdGkiOiIxMWFjMTg2MjY3Njk0ZWUyODRlNjdhODdmMjAxOTNhMCIsInVzZXJfaWQiOjF9.yrR7x4uVT69ddysQ1dZo6r3Ih_ne9ZLCS-Q6w_Czffo	\N	2025-02-20 15:32:53+08	\N	11ac186267694ee284e67a87f20193a0
15	eyJhbGciOiJIUzI1NiIsInR5cCI6IkpXVCJ9.eyJ0b2tlbl90eXBlIjoicmVmcmVzaCIsImV4cCI6MTc0MDAzNjgwOSwiaWF0IjoxNzM3NDQ0ODA5LCJqdGkiOiIxNzg4Zjc3YjhiNjQ0Nzk0YWIzNDE0YTZkYTU1ZWFiYSIsInVzZXJfaWQiOjF9.bGSOBEq2uvukqMRY_eJDG0BZixc9PmxWeCEk5YkDlmU	\N	2025-02-20 15:33:29+08	\N	1788f77b8b644794ab3414a6da55eaba
16	eyJhbGciOiJIUzI1NiIsInR5cCI6IkpXVCJ9.eyJ0b2tlbl90eXBlIjoicmVmcmVzaCIsImV4cCI6MTc0MDAzNjgzMSwiaWF0IjoxNzM3NDQ0ODMxLCJqdGkiOiIxNmFlZjlhZTQxNWI0ODU3ODNmNDZhMDJhZWU5Zjg4NiIsInVzZXJfaWQiOjF9.aQxFVHeqLPj0zlqUl4xfQIefzspUS7FGOj5fwhJ6WhE	\N	2025-02-20 15:33:51+08	\N	16aef9ae415b485783f46a02aee9f886
17	eyJhbGciOiJIUzI1NiIsInR5cCI6IkpXVCJ9.eyJ0b2tlbl90eXBlIjoicmVmcmVzaCIsImV4cCI6MTc0MDAzODEwOSwiaWF0IjoxNzM3NDQ2MTA5LCJqdGkiOiI2ZTlkZjAwNDVhMTU0YmJkYjEyOGFlMDI1M2YzYWYwZiIsInVzZXJfaWQiOjF9.hLdbNiIcch6mu8iZDzvpl3EkroYdlrD7Hp4l0DVfwf8	\N	2025-02-20 15:55:09+08	\N	6e9df0045a154bbdb128ae0253f3af0f
18	eyJhbGciOiJIUzI1NiIsInR5cCI6IkpXVCJ9.eyJ0b2tlbl90eXBlIjoicmVmcmVzaCIsImV4cCI6MTc0MDAzODEzNSwiaWF0IjoxNzM3NDQ2MTM1LCJqdGkiOiI5OWVlMjI2NDExNmI0OWM3YTIxZjM2MmM0NDZhMGRmYSIsInVzZXJfaWQiOjF9.JBetMI2ZD2y1QvLMzG5QbkALYiJWcLh1uJW0PNUOQNU	\N	2025-02-20 15:55:35+08	\N	99ee2264116b49c7a21f362c446a0dfa
19	eyJhbGciOiJIUzI1NiIsInR5cCI6IkpXVCJ9.eyJ0b2tlbl90eXBlIjoicmVmcmVzaCIsImV4cCI6MTc0MDAzODIzNSwiaWF0IjoxNzM3NDQ2MjM1LCJqdGkiOiIyNTcxY2YwZjZkODQ0NWY2ODcxMWZiYWMxMGVhMWVkZiIsInVzZXJfaWQiOjF9.Z8fliMTx2HZIpxkf3G9XPes7qjDQFSrQkZZCvhqvmXQ	\N	2025-02-20 15:57:15+08	\N	2571cf0f6d8445f68711fbac10ea1edf
20	eyJhbGciOiJIUzI1NiIsInR5cCI6IkpXVCJ9.eyJ0b2tlbl90eXBlIjoicmVmcmVzaCIsImV4cCI6MTc0MDAzODI1MCwiaWF0IjoxNzM3NDQ2MjUwLCJqdGkiOiIyZmIxMzU4YjMwYzY0NjNhYmQ3YzliYjhiZDk2MGQ0YyIsInVzZXJfaWQiOjF9.rH6O52Wmj15TYvGBgd8NHQC7GCaRkRGWNrLxDFW6HFc	\N	2025-02-20 15:57:30+08	\N	2fb1358b30c6463abd7c9bb8bd960d4c
21	eyJhbGciOiJIUzI1NiIsInR5cCI6IkpXVCJ9.eyJ0b2tlbl90eXBlIjoicmVmcmVzaCIsImV4cCI6MTc0MDAzODMyNSwiaWF0IjoxNzM3NDQ2MzI1LCJqdGkiOiJmMDk1YzhiMTAzNjI0MDk3OWQzOTBmZDUzMzM1MjRiOCIsInVzZXJfaWQiOjF9.NvvNRWawRk7eRXBPKzaFQA45v7rNmTVLwCFKxqgS2TU	\N	2025-02-20 15:58:45+08	\N	f095c8b1036240979d390fd5333524b8
22	eyJhbGciOiJIUzI1NiIsInR5cCI6IkpXVCJ9.eyJ0b2tlbl90eXBlIjoicmVmcmVzaCIsImV4cCI6MTc0MDAzODMzMCwiaWF0IjoxNzM3NDQ2MzMwLCJqdGkiOiI0Mjk0NjcyODgwNWM0ZWRjYTMxYWJjMTJjOWMxODgwNSIsInVzZXJfaWQiOjF9.Fk-eXTMsc3V6b_By8r9MxxNBsodXZDVIf3XjFwb4vjE	\N	2025-02-20 15:58:50+08	\N	42946728805c4edca31abc12c9c18805
23	eyJhbGciOiJIUzI1NiIsInR5cCI6IkpXVCJ9.eyJ0b2tlbl90eXBlIjoicmVmcmVzaCIsImV4cCI6MTc0MDAzODM0OCwiaWF0IjoxNzM3NDQ2MzQ4LCJqdGkiOiJmZmMxZGM0ZWJmMGU0NTEyOWJjODFhODFkNmVjODk5NCIsInVzZXJfaWQiOjF9.OJiLyDE06OU-kNauDXPF7mtM5qbYsw5ACN2TIpdeUlk	\N	2025-02-20 15:59:08+08	\N	ffc1dc4ebf0e45129bc81a81d6ec8994
24	eyJhbGciOiJIUzI1NiIsInR5cCI6IkpXVCJ9.eyJ0b2tlbl90eXBlIjoicmVmcmVzaCIsImV4cCI6MTc0MDAzODQwMCwiaWF0IjoxNzM3NDQ2NDAwLCJqdGkiOiI3ZjhkZWU1NzJiMWY0OGQ0YjIzNTRmNzIzZjFhMGE5MyIsInVzZXJfaWQiOjF9.mEl81d-9BluF4PXzSL6u3V6VbjWjuZG0KbORqUHYnf8	\N	2025-02-20 16:00:00+08	\N	7f8dee572b1f48d4b2354f723f1a0a93
25	eyJhbGciOiJIUzI1NiIsInR5cCI6IkpXVCJ9.eyJ0b2tlbl90eXBlIjoicmVmcmVzaCIsImV4cCI6MTc0MDAzODQ4OCwiaWF0IjoxNzM3NDQ2NDg4LCJqdGkiOiI2M2VjMDAyMDU5ZDg0MjI2OTVmZTQzYjliYzVmOTAxNiIsInVzZXJfaWQiOjF9.cwrd3tlHa7i1Dwl1yufHin_ELFUZrYE8QQD3fRTfVeA	\N	2025-02-20 16:01:28+08	\N	63ec002059d8422695fe43b9bc5f9016
26	eyJhbGciOiJIUzI1NiIsInR5cCI6IkpXVCJ9.eyJ0b2tlbl90eXBlIjoicmVmcmVzaCIsImV4cCI6MTc0MDAzODUwOCwiaWF0IjoxNzM3NDQ2NTA4LCJqdGkiOiI0MDhlMzJjZDFjNzk0ZGQ4ODAzZTcwNjIxYjYxMTNhZSIsInVzZXJfaWQiOjF9.HrpKVJu3gVc8OIcwbbXypTOxy0C1ziADpwQOkTcC3K0	\N	2025-02-20 16:01:48+08	\N	408e32cd1c794dd8803e70621b6113ae
27	eyJhbGciOiJIUzI1NiIsInR5cCI6IkpXVCJ9.eyJ0b2tlbl90eXBlIjoicmVmcmVzaCIsImV4cCI6MTc0MDAzODU1MiwiaWF0IjoxNzM3NDQ2NTUyLCJqdGkiOiIzN2MwZjZiNmExZDE0MTEwOTAwMjI0OWEzYTBlOTAxYyIsInVzZXJfaWQiOjF9.k_tcRbiBtTuBAm5gqCwgFNK57X6UWplhIAUAy_J_VGc	\N	2025-02-20 16:02:32+08	\N	37c0f6b6a1d141109002249a3a0e901c
28	eyJhbGciOiJIUzI1NiIsInR5cCI6IkpXVCJ9.eyJ0b2tlbl90eXBlIjoicmVmcmVzaCIsImV4cCI6MTc0MDAzODU4MywiaWF0IjoxNzM3NDQ2NTgzLCJqdGkiOiJhNGQ2OGFjNjkxMWM0NjExOGNmZDI0NTA0OTAyNGJlMCIsInVzZXJfaWQiOjF9.DvN3Fo1oGbt0DLrjdEId4GS-cg1fn1t4bYaJ30CpMjU	\N	2025-02-20 16:03:03+08	\N	a4d68ac6911c46118cfd245049024be0
29	eyJhbGciOiJIUzI1NiIsInR5cCI6IkpXVCJ9.eyJ0b2tlbl90eXBlIjoicmVmcmVzaCIsImV4cCI6MTc0MDAzODU5NywiaWF0IjoxNzM3NDQ2NTk3LCJqdGkiOiJiYmQ0NDhhYTViN2M0YTgyOGE4OGUxZTZjNjRlMjg0YyIsInVzZXJfaWQiOjF9.NqUfaiaULpdNNpn-9FRvzeq6rtm53pdvyK0YXUhqH3k	\N	2025-02-20 16:03:17+08	\N	bbd448aa5b7c4a828a88e1e6c64e284c
30	eyJhbGciOiJIUzI1NiIsInR5cCI6IkpXVCJ9.eyJ0b2tlbl90eXBlIjoicmVmcmVzaCIsImV4cCI6MTc0MDAzOTE2NSwiaWF0IjoxNzM3NDQ3MTY1LCJqdGkiOiI3ZTg3MTRmNjg3OTI0ZjAyOTQ3Yzg0ZTJhMmIyYTAxNCIsInVzZXJfaWQiOjF9.zRH9JH31BfSzZEWAGdCjeAVbzp2Wgs7ZrB4Xq6q0XL8	\N	2025-02-20 16:12:45+08	\N	7e8714f687924f02947c84e2a2b2a014
31	eyJhbGciOiJIUzI1NiIsInR5cCI6IkpXVCJ9.eyJ0b2tlbl90eXBlIjoicmVmcmVzaCIsImV4cCI6MTc0MDAzOTE3OSwiaWF0IjoxNzM3NDQ3MTc5LCJqdGkiOiJiMjY3ZDIxYjcwNDA0ZTJkYWNhMmYxNWEyMmFhMWRmZSIsInVzZXJfaWQiOjF9.u5w8UxAKkWCEWpN4Y4uGzNo8dqKzV3xlZfRhQpfBdIU	\N	2025-02-20 16:12:59+08	\N	b267d21b70404e2daca2f15a22aa1dfe
32	eyJhbGciOiJIUzI1NiIsInR5cCI6IkpXVCJ9.eyJ0b2tlbl90eXBlIjoicmVmcmVzaCIsImV4cCI6MTc0MDA0MDIyOSwiaWF0IjoxNzM3NDQ4MjI5LCJqdGkiOiI0MmEzYzczZjBmZTY0ZmEzODc0MzhlYWQ0NDc2ODcxNiIsInVzZXJfaWQiOjF9.eF_UIEPaVZ9geArKpGKUmkg4Tc06VCFdwvhEjTMsFDw	\N	2025-02-20 16:30:29+08	\N	42a3c73f0fe64fa387438ead44768716
33	eyJhbGciOiJIUzI1NiIsInR5cCI6IkpXVCJ9.eyJ0b2tlbl90eXBlIjoicmVmcmVzaCIsImV4cCI6MTc0MDA0MDI0OCwiaWF0IjoxNzM3NDQ4MjQ4LCJqdGkiOiIwMTE2YjYzMTY2MWM0ZGM3YTFmMTFjNGYwYTZhNDM1ZiIsInVzZXJfaWQiOjF9.ckA_atCC9ByrR1rOr7vFerWXUKVJdGE9yp8_RWuY9mE	\N	2025-02-20 16:30:48+08	\N	0116b631661c4dc7a1f11c4f0a6a435f
34	eyJhbGciOiJIUzI1NiIsInR5cCI6IkpXVCJ9.eyJ0b2tlbl90eXBlIjoicmVmcmVzaCIsImV4cCI6MTc0MDA0MDI2MiwiaWF0IjoxNzM3NDQ4MjYyLCJqdGkiOiI4MWIwMjhkMThlYTI0ZjAyOTlmZTNiNDM1MDZjMmVlZSIsInVzZXJfaWQiOjF9.8-cKgMvPjhPt9WhQuCSAkrhKFHJ16PyvOIvn4lHjkhE	\N	2025-02-20 16:31:02+08	\N	81b028d18ea24f0299fe3b43506c2eee
35	eyJhbGciOiJIUzI1NiIsInR5cCI6IkpXVCJ9.eyJ0b2tlbl90eXBlIjoicmVmcmVzaCIsImV4cCI6MTc0MDA0MTU5OSwiaWF0IjoxNzM3NDQ5NTk5LCJqdGkiOiIzNDJhNjk1MWFjZTg0YWJmYTE1OGE3ZTViMjQ2MGY3OSIsInVzZXJfaWQiOjF9.Uud5Y3BYbil5B0UbpQuruSHcb4BUgc9aUJYD8P9huvM	\N	2025-02-20 16:53:19+08	\N	342a6951ace84abfa158a7e5b2460f79
36	eyJhbGciOiJIUzI1NiIsInR5cCI6IkpXVCJ9.eyJ0b2tlbl90eXBlIjoicmVmcmVzaCIsImV4cCI6MTc0MDA0MTYzMywiaWF0IjoxNzM3NDQ5NjMzLCJqdGkiOiI4YTk5ZjQ1ZDhmMmU0N2ZiOGJkOWJkMTJlZTc3YTA3MiIsInVzZXJfaWQiOjF9.Y_Jv1fY4CghMNS_vXuEGmPuXsWUJN1WWSVerbmaXeQo	\N	2025-02-20 16:53:53+08	\N	8a99f45d8f2e47fb8bd9bd12ee77a072
37	eyJhbGciOiJIUzI1NiIsInR5cCI6IkpXVCJ9.eyJ0b2tlbl90eXBlIjoicmVmcmVzaCIsImV4cCI6MTc0MDA0MTY0NSwiaWF0IjoxNzM3NDQ5NjQ1LCJqdGkiOiI4N2JkZmQyZmJmMjQ0ZGMxOWQ3NmQ2M2ViNWNmM2ZkOCIsInVzZXJfaWQiOjF9.ZrPTYvrUMxGNdsVdCBJfZJTZm56ORDQAsdRmfl_8aTQ	\N	2025-02-20 16:54:05+08	\N	87bdfd2fbf244dc19d76d63eb5cf3fd8
38	eyJhbGciOiJIUzI1NiIsInR5cCI6IkpXVCJ9.eyJ0b2tlbl90eXBlIjoicmVmcmVzaCIsImV4cCI6MTc0MDA0MTcwMSwiaWF0IjoxNzM3NDQ5NzAxLCJqdGkiOiIwNzM0ZWY4YzJiYzU0OTQ0YjcyNTEyZGNlMDI4NTYzOCIsInVzZXJfaWQiOjF9.z33BC62IimVd_RLy-6BSsZF5R6J66Gb76Ak-d0_bV3A	\N	2025-02-20 16:55:01+08	\N	0734ef8c2bc54944b72512dce0285638
39	eyJhbGciOiJIUzI1NiIsInR5cCI6IkpXVCJ9.eyJ0b2tlbl90eXBlIjoicmVmcmVzaCIsImV4cCI6MTc0MDA0MTcxNSwiaWF0IjoxNzM3NDQ5NzE1LCJqdGkiOiIyMDNiNGYxMTY4YTA0MWE4YjM4MGUxOGE0Mzg1ZDk0NiIsInVzZXJfaWQiOjF9.kcmRtp_HlapcTqHKzyGN8JyYQs2POyAhoECyg5KD_Uk	\N	2025-02-20 16:55:15+08	\N	203b4f1168a041a8b380e18a4385d946
40	eyJhbGciOiJIUzI1NiIsInR5cCI6IkpXVCJ9.eyJ0b2tlbl90eXBlIjoicmVmcmVzaCIsImV4cCI6MTc0MDA0MjIwNywiaWF0IjoxNzM3NDUwMjA3LCJqdGkiOiJlZDRjNzI2ZDE5NmQ0MjE4OWQ3MTUwZWNmMTMwZDNhNyIsInVzZXJfaWQiOjF9.clyGwK_-C4m3BLfqi0g1Zbih55eKc86OmjX-BOxXiiw	\N	2025-02-20 17:03:27+08	\N	ed4c726d196d42189d7150ecf130d3a7
41	eyJhbGciOiJIUzI1NiIsInR5cCI6IkpXVCJ9.eyJ0b2tlbl90eXBlIjoicmVmcmVzaCIsImV4cCI6MTc0MDA0MjI2OSwiaWF0IjoxNzM3NDUwMjY5LCJqdGkiOiIwYThiZGFiMTkzMTY0ZTUwYTljNzMyNTU1ODFjYzQyOCIsInVzZXJfaWQiOjF9.RCC4yW8NamSsAU0h_X0jpMhmSSGUMSCyTsaUp_vPHyU	\N	2025-02-20 17:04:29+08	\N	0a8bdab193164e50a9c73255581cc428
42	eyJhbGciOiJIUzI1NiIsInR5cCI6IkpXVCJ9.eyJ0b2tlbl90eXBlIjoicmVmcmVzaCIsImV4cCI6MTc0MDA0MjI3OCwiaWF0IjoxNzM3NDUwMjc4LCJqdGkiOiI4ZWJmNmQ4MWJjODY0ZTY4YThjYTBjOWU3MDI2OGQzNCIsInVzZXJfaWQiOjF9.PNy6_C0LWRt-qlgBzFMeK163i7Gc_ql_t7a5J0IWENk	\N	2025-02-20 17:04:38+08	\N	8ebf6d81bc864e68a8ca0c9e70268d34
43	eyJhbGciOiJIUzI1NiIsInR5cCI6IkpXVCJ9.eyJ0b2tlbl90eXBlIjoicmVmcmVzaCIsImV4cCI6MTc0MDA0MjQwMywiaWF0IjoxNzM3NDUwNDAzLCJqdGkiOiI2OTFiNzAyYzkzODE0ZDFhODYyMjYyNzhjYTBhOWIxOCIsInVzZXJfaWQiOjF9.j_Sj7GIlOc75gYOxGdjTs2h5LtDXKLdch5-MgN383A8	\N	2025-02-20 17:06:43+08	\N	691b702c93814d1a86226278ca0a9b18
44	eyJhbGciOiJIUzI1NiIsInR5cCI6IkpXVCJ9.eyJ0b2tlbl90eXBlIjoicmVmcmVzaCIsImV4cCI6MTc0MDA0MjQxNCwiaWF0IjoxNzM3NDUwNDE0LCJqdGkiOiI0ZDhmNDdmYmQyMDY0NWQzODM4MTQ1MGVjZjhhN2Y1OCIsInVzZXJfaWQiOjF9.JLpXhyh13_BF2YZU18CTiYh0matTkCLenFZ5lS5EzY4	\N	2025-02-20 17:06:54+08	\N	4d8f47fbd20645d38381450ecf8a7f58
45	eyJhbGciOiJIUzI1NiIsInR5cCI6IkpXVCJ9.eyJ0b2tlbl90eXBlIjoicmVmcmVzaCIsImV4cCI6MTc0MDA0MjU3OSwiaWF0IjoxNzM3NDUwNTc5LCJqdGkiOiI4NDkxZTViNzhiNjg0MDY2YTBlYWFmNWI5N2Q5Yzg3MyIsInVzZXJfaWQiOjF9.yAeeVjsBxnXRNoJek2F3cM9_eNrBrIg0JYT8ic-Cm6Q	\N	2025-02-20 17:09:39+08	\N	8491e5b78b684066a0eaaf5b97d9c873
46	eyJhbGciOiJIUzI1NiIsInR5cCI6IkpXVCJ9.eyJ0b2tlbl90eXBlIjoicmVmcmVzaCIsImV4cCI6MTc0MDA0MjU5MCwiaWF0IjoxNzM3NDUwNTkwLCJqdGkiOiI5YjNmM2I5NmJkZWU0OGM4OTgzNzYyYmJiYjAwMDU3ZiIsInVzZXJfaWQiOjF9.SLFlGDPDogOvWLAOuaab1sZkjkzI-GikCSc5M0VGqds	\N	2025-02-20 17:09:50+08	\N	9b3f3b96bdee48c8983762bbbb00057f
47	eyJhbGciOiJIUzI1NiIsInR5cCI6IkpXVCJ9.eyJ0b2tlbl90eXBlIjoicmVmcmVzaCIsImV4cCI6MTc0MDA0MjYwMiwiaWF0IjoxNzM3NDUwNjAyLCJqdGkiOiI3Y2Y3Njk0NmIyMTg0OTFjODFkN2UzY2UzMGRiZDY2ZSIsInVzZXJfaWQiOjF9.fcCIISNDFmrHSZkXuDWx3uGIIe6E6xiKmYETonTMDfY	\N	2025-02-20 17:10:02+08	\N	7cf76946b218491c81d7e3ce30dbd66e
48	eyJhbGciOiJIUzI1NiIsInR5cCI6IkpXVCJ9.eyJ0b2tlbl90eXBlIjoicmVmcmVzaCIsImV4cCI6MTc0MDA0MjYxNSwiaWF0IjoxNzM3NDUwNjE1LCJqdGkiOiJkMDUwZjQ2OGMyMmU0ODM0ODhmYmIwNGU5NTkxMjkzNCIsInVzZXJfaWQiOjF9.moGVBGEVTjJwVD53Ws1CvMWKZd-Vf_P49JynIHu-mhs	\N	2025-02-20 17:10:15+08	\N	d050f468c22e483488fbb04e95912934
49	eyJhbGciOiJIUzI1NiIsInR5cCI6IkpXVCJ9.eyJ0b2tlbl90eXBlIjoicmVmcmVzaCIsImV4cCI6MTc0MDA0MjY1MiwiaWF0IjoxNzM3NDUwNjUyLCJqdGkiOiIwNzQzMjE0MDEwZDY0Zjc3YjhkZjRhOWQ3ZmU0Y2E4NCIsInVzZXJfaWQiOjF9.pA9zGjckFqDckOmoxFSwWEAQk9uS_eK08__wVN5j8IA	\N	2025-02-20 17:10:52+08	\N	0743214010d64f77b8df4a9d7fe4ca84
50	eyJhbGciOiJIUzI1NiIsInR5cCI6IkpXVCJ9.eyJ0b2tlbl90eXBlIjoicmVmcmVzaCIsImV4cCI6MTc0MDA0MjY4OCwiaWF0IjoxNzM3NDUwNjg4LCJqdGkiOiJjNTdhYWE3OTMxY2I0NDM5ODNmZDczM2FlMDQzODkzNCIsInVzZXJfaWQiOjF9.tvU42_euOfwDdYXGoNu4rjD8351bUuRuFftQNGg4vVw	\N	2025-02-20 17:11:28+08	\N	c57aaa7931cb443983fd733ae0438934
51	eyJhbGciOiJIUzI1NiIsInR5cCI6IkpXVCJ9.eyJ0b2tlbl90eXBlIjoicmVmcmVzaCIsImV4cCI6MTc0MDA0MjY5NSwiaWF0IjoxNzM3NDUwNjk1LCJqdGkiOiIzNzZmOTdmOWVjN2M0ODg3YThjN2ZmM2ViNzgyNjlhNyIsInVzZXJfaWQiOjF9.-BbRLirLW6FQXpUnyfcDZs5GpXGtffbC4XW8I2x8X1c	\N	2025-02-20 17:11:35+08	\N	376f97f9ec7c4887a8c7ff3eb78269a7
52	eyJhbGciOiJIUzI1NiIsInR5cCI6IkpXVCJ9.eyJ0b2tlbl90eXBlIjoicmVmcmVzaCIsImV4cCI6MTc0MDA0Mjg0MSwiaWF0IjoxNzM3NDUwODQxLCJqdGkiOiIzZTIyNTQ5ZTlkZTQ0NDhiYTMwOTc2NTE4MTQ0MDZkOSIsInVzZXJfaWQiOjF9.MdrZWXCjaRB365mtVVJvbx-TNYmjSfXT4aImB0nRanE	\N	2025-02-20 17:14:01+08	\N	3e22549e9de4448ba3097651814406d9
53	eyJhbGciOiJIUzI1NiIsInR5cCI6IkpXVCJ9.eyJ0b2tlbl90eXBlIjoicmVmcmVzaCIsImV4cCI6MTc0MDA0MjkxOSwiaWF0IjoxNzM3NDUwOTE5LCJqdGkiOiIzMmM2ZTRhMWE2YjI0YmFiYWY2ZDdlZDExYzI5MDliNSIsInVzZXJfaWQiOjF9.O38OVfsz5BDtMbFVHP9lmL_yeHzuf69C5ELLeJsxZrU	\N	2025-02-20 17:15:19+08	\N	32c6e4a1a6b24babaf6d7ed11c2909b5
54	eyJhbGciOiJIUzI1NiIsInR5cCI6IkpXVCJ9.eyJ0b2tlbl90eXBlIjoicmVmcmVzaCIsImV4cCI6MTc0MDA0MzA1MSwiaWF0IjoxNzM3NDUxMDUxLCJqdGkiOiJjYjY4NWRhOTRhMjA0ZDFmYWYyOTE2MjQwZGM1ZGUyNCIsInVzZXJfaWQiOjF9.mF3567-NdDkuy8MnODHMNptNiZJ-lT-g8GA8lj8Pico	\N	2025-02-20 17:17:31+08	\N	cb685da94a204d1faf2916240dc5de24
55	eyJhbGciOiJIUzI1NiIsInR5cCI6IkpXVCJ9.eyJ0b2tlbl90eXBlIjoicmVmcmVzaCIsImV4cCI6MTc0MDA0MzI0NywiaWF0IjoxNzM3NDUxMjQ3LCJqdGkiOiI1M2JhZmZlOWZkMDg0YTY5OTUzMTU2ZWFmMmRiYjljNCIsInVzZXJfaWQiOjF9.ZCbIm5oOgCS0rMhjUP0WS5iDkxTkvTAtfVW3OBPBeAs	\N	2025-02-20 17:20:47+08	\N	53baffe9fd084a69953156eaf2dbb9c4
56	eyJhbGciOiJIUzI1NiIsInR5cCI6IkpXVCJ9.eyJ0b2tlbl90eXBlIjoicmVmcmVzaCIsImV4cCI6MTc0MDA0MzM2NywiaWF0IjoxNzM3NDUxMzY3LCJqdGkiOiI0Yzc1NmFiMTAwZDQ0OGY2YjMxNDdmZWU3MjY1Njc2NCIsInVzZXJfaWQiOjF9.FRRhsmMEYzYWdmgHG7tDcwcfWvcd_juqkNJYgf2s6w0	\N	2025-02-20 17:22:47+08	\N	4c756ab100d448f6b3147fee72656764
57	eyJhbGciOiJIUzI1NiIsInR5cCI6IkpXVCJ9.eyJ0b2tlbl90eXBlIjoicmVmcmVzaCIsImV4cCI6MTc0MDA0MzQ4NSwiaWF0IjoxNzM3NDUxNDg1LCJqdGkiOiJiYWE5ZjdjYTAxYTc0NGViODU1N2MxZDY0NTRiNmUzYiIsInVzZXJfaWQiOjF9.RKcHPVloIT__GaqR85hD1Ts8NJaKOUsknqrl-qrkeYQ	\N	2025-02-20 17:24:45+08	\N	baa9f7ca01a744eb8557c1d6454b6e3b
58	eyJhbGciOiJIUzI1NiIsInR5cCI6IkpXVCJ9.eyJ0b2tlbl90eXBlIjoicmVmcmVzaCIsImV4cCI6MTc0MDA0MzUxMCwiaWF0IjoxNzM3NDUxNTEwLCJqdGkiOiI0Yzg5N2E0MTc4MjE0YmVkYjczODJmOTlmOGM2YzM5NSIsInVzZXJfaWQiOjF9.oo5LitQo3KUmO3BbUiEkhyTLYBomrliCQi93mH22cXs	\N	2025-02-20 17:25:10+08	\N	4c897a4178214bedb7382f99f8c6c395
59	eyJhbGciOiJIUzI1NiIsInR5cCI6IkpXVCJ9.eyJ0b2tlbl90eXBlIjoicmVmcmVzaCIsImV4cCI6MTc0MDA0MzUyMywiaWF0IjoxNzM3NDUxNTIzLCJqdGkiOiI0ODQzYmM0ZDBmNDk0NzM1Yjg2ZGI1ZGNmYjk2OWZkMCIsInVzZXJfaWQiOjF9.1XWbsaq9CiaLrGOylbDpOMuo5RcaVU9S2g5UdNbgZu0	\N	2025-02-20 17:25:23+08	\N	4843bc4d0f494735b86db5dcfb969fd0
60	eyJhbGciOiJIUzI1NiIsInR5cCI6IkpXVCJ9.eyJ0b2tlbl90eXBlIjoicmVmcmVzaCIsImV4cCI6MTc0MDA0MzUzMSwiaWF0IjoxNzM3NDUxNTMxLCJqdGkiOiI0MDc4OGIyMWYxMTY0MmVmODU1MTJkYWUzMDZjODExZSIsInVzZXJfaWQiOjF9.1U0WNjVNrtXTo6ufdEHk-FIWtHmqMFd8gXOk6NIEcOA	\N	2025-02-20 17:25:31+08	\N	40788b21f11642ef85512dae306c811e
61	eyJhbGciOiJIUzI1NiIsInR5cCI6IkpXVCJ9.eyJ0b2tlbl90eXBlIjoicmVmcmVzaCIsImV4cCI6MTc0MDA0MzU4MiwiaWF0IjoxNzM3NDUxNTgyLCJqdGkiOiIxOGZhYTE2MWY0NWE0NTRkOWNjMjk4NWIyZjg5ZGY4OCIsInVzZXJfaWQiOjF9.xNlVIlkUG7Y7hKcxhBoUGNoEokmpY7WWla7np2iBLMI	\N	2025-02-20 17:26:22+08	\N	18faa161f45a454d9cc2985b2f89df88
62	eyJhbGciOiJIUzI1NiIsInR5cCI6IkpXVCJ9.eyJ0b2tlbl90eXBlIjoicmVmcmVzaCIsImV4cCI6MTc0MDA2MDIxOSwiaWF0IjoxNzM3NDY4MjE5LCJqdGkiOiJjZjYyZTg3NDdlNTM0NTU0YjU3MzdjMTEyYjk3ZmM0YyIsInVzZXJfaWQiOjF9.OCs9xzJQEwYu4JaGYuu_IjaRbf5AYZnBfnXGKFEgRX8	\N	2025-02-20 22:03:39+08	\N	cf62e8747e534554b5737c112b97fc4c
63	eyJhbGciOiJIUzI1NiIsInR5cCI6IkpXVCJ9.eyJ0b2tlbl90eXBlIjoicmVmcmVzaCIsImV4cCI6MTc0MDA2MDQ0OSwiaWF0IjoxNzM3NDY4NDQ5LCJqdGkiOiI3NGY2OGQyMWVmOGM0MTNlODYyZWVjMWIzYjg2NmJkZCIsInVzZXJfaWQiOjF9.qucO9IfIJS8X4AGTi-QNtZdDPk5hryfSwRhwhdWo-P8	\N	2025-02-20 22:07:29+08	\N	74f68d21ef8c413e862eec1b3b866bdd
64	eyJhbGciOiJIUzI1NiIsInR5cCI6IkpXVCJ9.eyJ0b2tlbl90eXBlIjoicmVmcmVzaCIsImV4cCI6MTc0MDA2MzAwMiwiaWF0IjoxNzM3NDcxMDAyLCJqdGkiOiJhYTFmMjk4NWM1OGY0OTgzODQwMzg4YWMyNmJmZGIyNyIsInVzZXJfaWQiOjF9.VLo8pOX2o73llN2mZICoORrnfTqqoVWM2pzR-USVFxk	\N	2025-02-20 22:50:02+08	\N	aa1f2985c58f4983840388ac26bfdb27
65	eyJhbGciOiJIUzI1NiIsInR5cCI6IkpXVCJ9.eyJ0b2tlbl90eXBlIjoicmVmcmVzaCIsImV4cCI6MTc0MDA2MzAyMSwiaWF0IjoxNzM3NDcxMDIxLCJqdGkiOiJhMmIzYjkwYWVmNDU0MDQ1OTY5OGNhNzk1Y2IxNThlYiIsInVzZXJfaWQiOjF9.xPVLR2u1L-oIroHFWrlsFnPpdkp0FbAuSZiKdHxBWgA	\N	2025-02-20 22:50:21+08	\N	a2b3b90aef4540459698ca795cb158eb
66	eyJhbGciOiJIUzI1NiIsInR5cCI6IkpXVCJ9.eyJ0b2tlbl90eXBlIjoicmVmcmVzaCIsImV4cCI6MTc0MDA2MzEwOSwiaWF0IjoxNzM3NDcxMTA5LCJqdGkiOiIyYzg4NWViODkyODk0ODQyOTA2Y2Y5N2ExMTMxNGE1MiIsInVzZXJfaWQiOjF9.RoAY-fP0DPbYtzzpCztyvElhVZyfI4Kdi-Z7SiIxYi0	\N	2025-02-20 22:51:49+08	\N	2c885eb892894842906cf97a11314a52
67	eyJhbGciOiJIUzI1NiIsInR5cCI6IkpXVCJ9.eyJ0b2tlbl90eXBlIjoicmVmcmVzaCIsImV4cCI6MTc0MDA2MzE3MywiaWF0IjoxNzM3NDcxMTczLCJqdGkiOiJhZmExMjRiYTVmZTg0NWRkYjY5NWE2Yjc0MTllOTk1NSIsInVzZXJfaWQiOjF9.Gp1lD2RnH671k98t1qHw0wr_QhaxdHkkbYVN3oI0rfc	\N	2025-02-20 22:52:53+08	\N	afa124ba5fe845ddb695a6b7419e9955
68	eyJhbGciOiJIUzI1NiIsInR5cCI6IkpXVCJ9.eyJ0b2tlbl90eXBlIjoicmVmcmVzaCIsImV4cCI6MTc0MDA2MzIwOCwiaWF0IjoxNzM3NDcxMjA4LCJqdGkiOiI1NzRlYjFmYTI0ZmQ0NWJhYjU0MDkxMmNmNGRjOGY1NCIsInVzZXJfaWQiOjF9.ZR2eoPo0xrIHyDgQYvrqZhKlGghHF5-eLLCxAhggcYo	\N	2025-02-20 22:53:28+08	\N	574eb1fa24fd45bab540912cf4dc8f54
69	eyJhbGciOiJIUzI1NiIsInR5cCI6IkpXVCJ9.eyJ0b2tlbl90eXBlIjoicmVmcmVzaCIsImV4cCI6MTc0MDA2MzI1MCwiaWF0IjoxNzM3NDcxMjUwLCJqdGkiOiJjMzI3NjllYzUwZTE0M2UzOTU0ODExNjU2N2ZlMTRmNyIsInVzZXJfaWQiOjF9.5wDmGMcWqsF9ENNOK8IsGEdMUtrn5vsGcTTo6EXnA6g	\N	2025-02-20 22:54:10+08	\N	c32769ec50e143e39548116567fe14f7
70	eyJhbGciOiJIUzI1NiIsInR5cCI6IkpXVCJ9.eyJ0b2tlbl90eXBlIjoicmVmcmVzaCIsImV4cCI6MTc0MDA2MzI2NiwiaWF0IjoxNzM3NDcxMjY2LCJqdGkiOiI4NDk2NGI3ODA4Y2I0YWE0OTdmZGU2YWFhMjUyYWI3OSIsInVzZXJfaWQiOjF9.-UZzRKTqN8DeaI3mGpZIqyKEi1KGRW99ppZu82qps1g	\N	2025-02-20 22:54:26+08	\N	84964b7808cb4aa497fde6aaa252ab79
71	eyJhbGciOiJIUzI1NiIsInR5cCI6IkpXVCJ9.eyJ0b2tlbl90eXBlIjoicmVmcmVzaCIsImV4cCI6MTc0MDA2MzI4OSwiaWF0IjoxNzM3NDcxMjg5LCJqdGkiOiJmZmQzNzdjOWFjMmI0ODEwYTA3M2NkYmQ3MjE3OWYxOCIsInVzZXJfaWQiOjF9.0cnXYkB9b5TZGQecLcfit3V5UnU1paxp_ypiG5aeQ7A	\N	2025-02-20 22:54:49+08	\N	ffd377c9ac2b4810a073cdbd72179f18
72	eyJhbGciOiJIUzI1NiIsInR5cCI6IkpXVCJ9.eyJ0b2tlbl90eXBlIjoicmVmcmVzaCIsImV4cCI6MTc0MDA2MzM4MiwiaWF0IjoxNzM3NDcxMzgyLCJqdGkiOiIwOWFmZTBhYjZmZDA0NzFiYjc3ZDAyODM4NWFiZjY5NSIsInVzZXJfaWQiOjF9.s_hCYXhxsphjBpwjPy7vjhoLVVUON71Aaz0jeqGjf1A	\N	2025-02-20 22:56:22+08	\N	09afe0ab6fd0471bb77d028385abf695
73	eyJhbGciOiJIUzI1NiIsInR5cCI6IkpXVCJ9.eyJ0b2tlbl90eXBlIjoicmVmcmVzaCIsImV4cCI6MTc0MDA2MzQzMCwiaWF0IjoxNzM3NDcxNDMwLCJqdGkiOiJkZjY2NTllZWZlMmI0ZDM1YjFiYWRkYmNiODJkNzliOSIsInVzZXJfaWQiOjF9.085NMySOmW87_7MQVTCu0ktPuZ5CsaiJrRwN46W0oXs	\N	2025-02-20 22:57:10+08	\N	df6659eefe2b4d35b1baddbcb82d79b9
74	eyJhbGciOiJIUzI1NiIsInR5cCI6IkpXVCJ9.eyJ0b2tlbl90eXBlIjoicmVmcmVzaCIsImV4cCI6MTc0MDA2MzQ0MywiaWF0IjoxNzM3NDcxNDQzLCJqdGkiOiI5ZTgxOTk3MTA0ZjM0YTcyODNlZmVjZjU4Mjk5NDViNCIsInVzZXJfaWQiOjF9.QfskRIFXGjrBGke4APgKFgB_t28MKR0nKRH5BwESABE	\N	2025-02-20 22:57:23+08	\N	9e81997104f34a7283efecf5829945b4
75	eyJhbGciOiJIUzI1NiIsInR5cCI6IkpXVCJ9.eyJ0b2tlbl90eXBlIjoicmVmcmVzaCIsImV4cCI6MTc0MDA2MzQ1NCwiaWF0IjoxNzM3NDcxNDU0LCJqdGkiOiI2Y2Y0NmJjOWI3OTE0NGIyOTM5NTU5NDM2NDAxNzUzZSIsInVzZXJfaWQiOjF9.q4UcoWtXa04o3vLvRTdVn4IIrCMfTcqCVjlBli3zXWQ	\N	2025-02-20 22:57:34+08	\N	6cf46bc9b79144b2939559436401753e
76	eyJhbGciOiJIUzI1NiIsInR5cCI6IkpXVCJ9.eyJ0b2tlbl90eXBlIjoicmVmcmVzaCIsImV4cCI6MTc0MDA2MzQ3MywiaWF0IjoxNzM3NDcxNDczLCJqdGkiOiI2NGIxOGZhNzMzOTM0ODE0YTY3N2JlNmE2YTRkNjBkMyIsInVzZXJfaWQiOjF9.z7dBk7UU_4MYnDKYgKuCZiVjLO4r2mABfRBvSxg9zNo	\N	2025-02-20 22:57:53+08	\N	64b18fa733934814a677be6a6a4d60d3
77	eyJhbGciOiJIUzI1NiIsInR5cCI6IkpXVCJ9.eyJ0b2tlbl90eXBlIjoicmVmcmVzaCIsImV4cCI6MTc0MDA2MzQ4MywiaWF0IjoxNzM3NDcxNDgzLCJqdGkiOiIxODRkYzZiMTkyZTU0MTc4YjIyMmNiYjJiZjE5NzljNCIsInVzZXJfaWQiOjF9.HFrgEgbVVqokhgx0X20if-2xVgRPp9w4LsMQbEQqN1g	\N	2025-02-20 22:58:03+08	\N	184dc6b192e54178b222cbb2bf1979c4
78	eyJhbGciOiJIUzI1NiIsInR5cCI6IkpXVCJ9.eyJ0b2tlbl90eXBlIjoicmVmcmVzaCIsImV4cCI6MTc0MDA2MzYwMiwiaWF0IjoxNzM3NDcxNjAyLCJqdGkiOiI2YTkxNDBlYjI1YjU0OWViYWFhMDg1OTVjOTM0MTFlNiIsInVzZXJfaWQiOjF9.kYol-hh2sosH_wP1US5efH7K0OtmwS9VkYyKgYRB02o	\N	2025-02-20 23:00:02+08	\N	6a9140eb25b549ebaaa08595c93411e6
79	eyJhbGciOiJIUzI1NiIsInR5cCI6IkpXVCJ9.eyJ0b2tlbl90eXBlIjoicmVmcmVzaCIsImV4cCI6MTc0MDA2MzYyMSwiaWF0IjoxNzM3NDcxNjIxLCJqdGkiOiI1NDFhMTk3NGZkZDY0MDA4YjJhNDVmMGNkOGNiY2QwYiIsInVzZXJfaWQiOjF9.Av41PXJrY-gQwghTPzoq46Eh-Xp0Gk70NDDWzm0Vmyo	\N	2025-02-20 23:00:21+08	\N	541a1974fdd64008b2a45f0cd8cbcd0b
80	eyJhbGciOiJIUzI1NiIsInR5cCI6IkpXVCJ9.eyJ0b2tlbl90eXBlIjoicmVmcmVzaCIsImV4cCI6MTc0MDA2MzcyMiwiaWF0IjoxNzM3NDcxNzIyLCJqdGkiOiI4MzJhMjkyMzZmYTY0YjA2OTczZDYyMGY4N2IwYzA4ZCIsInVzZXJfaWQiOjF9.2u2LoNnXgQHvyus4x8FfQFhDnGMnyEb3rPM05sD6rfA	\N	2025-02-20 23:02:02+08	\N	832a29236fa64b06973d620f87b0c08d
81	eyJhbGciOiJIUzI1NiIsInR5cCI6IkpXVCJ9.eyJ0b2tlbl90eXBlIjoicmVmcmVzaCIsImV4cCI6MTc0MDA2MzczNCwiaWF0IjoxNzM3NDcxNzM0LCJqdGkiOiIyZTRmYWFmOWZhNmU0NmEwOGUyYmQxNWYzMTVmZjhlNCIsInVzZXJfaWQiOjF9.mQVvLFlQXNxMnfoxPawtf2plY557RgBp6f1snHZl6vM	\N	2025-02-20 23:02:14+08	\N	2e4faaf9fa6e46a08e2bd15f315ff8e4
82	eyJhbGciOiJIUzI1NiIsInR5cCI6IkpXVCJ9.eyJ0b2tlbl90eXBlIjoicmVmcmVzaCIsImV4cCI6MTc0MDA2Mzc4NywiaWF0IjoxNzM3NDcxNzg3LCJqdGkiOiJlMmZiNTk1ODA1MGM0MzQ2YTZiOTZmYmU3ZTE2ZWE2OCIsInVzZXJfaWQiOjF9.jnBxITcUpN8PGQlfXDHbH6nFq0q7R3Sd7AWjxIxesAY	\N	2025-02-20 23:03:07+08	\N	e2fb5958050c4346a6b96fbe7e16ea68
83	eyJhbGciOiJIUzI1NiIsInR5cCI6IkpXVCJ9.eyJ0b2tlbl90eXBlIjoicmVmcmVzaCIsImV4cCI6MTc0MDA2MzgxMiwiaWF0IjoxNzM3NDcxODEyLCJqdGkiOiIzMjg4YTdjMzAwNWE0NTU1YjI4ZWFlMTI1MjMwZDFmYSIsInVzZXJfaWQiOjF9.c9jXLa1G99zC-ExDSGTqbLTV3S9AtKhY3gdSvwLveec	\N	2025-02-20 23:03:32+08	\N	3288a7c3005a4555b28eae125230d1fa
84	eyJhbGciOiJIUzI1NiIsInR5cCI6IkpXVCJ9.eyJ0b2tlbl90eXBlIjoicmVmcmVzaCIsImV4cCI6MTc0MDA2MzgzMywiaWF0IjoxNzM3NDcxODMzLCJqdGkiOiJjZjQ4Nzk2ODIzYTE0NjhkOTc4OWVlMDZlNWI1YTlkNSIsInVzZXJfaWQiOjF9.ZBfKCzcDE98AHKe_ABEZrAk6WVM9AIYe2uv5f9d8HTI	\N	2025-02-20 23:03:53+08	\N	cf48796823a1468d9789ee06e5b5a9d5
85	eyJhbGciOiJIUzI1NiIsInR5cCI6IkpXVCJ9.eyJ0b2tlbl90eXBlIjoicmVmcmVzaCIsImV4cCI6MTc0MDA2MzkzNSwiaWF0IjoxNzM3NDcxOTM1LCJqdGkiOiI5ODllZTdiY2NjNjI0ZTlkYWVlZmZjMWU2MDNlYjQ5YiIsInVzZXJfaWQiOjF9.gZfDsGOAgsazk4pvbqzrJBSHp6IDwTynFTBv91z4zn4	\N	2025-02-20 23:05:35+08	\N	989ee7bccc624e9daeeffc1e603eb49b
86	eyJhbGciOiJIUzI1NiIsInR5cCI6IkpXVCJ9.eyJ0b2tlbl90eXBlIjoicmVmcmVzaCIsImV4cCI6MTc0MDA2NDIxMiwiaWF0IjoxNzM3NDcyMjEyLCJqdGkiOiJjMzQyNzZlMGU0OWU0OTg2OWViMDRkYWM4YzRkYzY0YiIsInVzZXJfaWQiOjF9.Q0BHaDu39Z2vK7d6TeJYKzx3HmE_h1-QEr_RMBg8OTU	\N	2025-02-20 23:10:12+08	\N	c34276e0e49e49869eb04dac8c4dc64b
87	eyJhbGciOiJIUzI1NiIsInR5cCI6IkpXVCJ9.eyJ0b2tlbl90eXBlIjoicmVmcmVzaCIsImV4cCI6MTc0MDA2NDIyNSwiaWF0IjoxNzM3NDcyMjI1LCJqdGkiOiIzMzY1NjBlNmY1NDQ0ZDI2OTc4YjM3YzRhNDNjY2Q5YyIsInVzZXJfaWQiOjF9.sXcz3kwNfhJAXJoegifLz2nNnT0yLLsRdOvib7FIiwo	\N	2025-02-20 23:10:25+08	\N	336560e6f5444d26978b37c4a43ccd9c
88	eyJhbGciOiJIUzI1NiIsInR5cCI6IkpXVCJ9.eyJ0b2tlbl90eXBlIjoicmVmcmVzaCIsImV4cCI6MTc0MDA2NDIzNSwiaWF0IjoxNzM3NDcyMjM1LCJqdGkiOiIyNDMxYjNiNDFiY2U0M2VmYTYwYmE1NzM0NWQzYzYyYyIsInVzZXJfaWQiOjF9.rPU0RulK3A2gs1Pcqe0X3-_2ChABgf0wYv2ubHDYv2o	\N	2025-02-20 23:10:35+08	\N	2431b3b41bce43efa60ba57345d3c62c
89	eyJhbGciOiJIUzI1NiIsInR5cCI6IkpXVCJ9.eyJ0b2tlbl90eXBlIjoicmVmcmVzaCIsImV4cCI6MTc0MDA2NDM3NSwiaWF0IjoxNzM3NDcyMzc1LCJqdGkiOiI4OWI4YjAyYzJlOGE0OTE3Yjk0MDUwNzRjY2ZiMmUzZCIsInVzZXJfaWQiOjF9.Kjx4gdtTSovlNXsWRz0shbd9XdAv04tGwE6pFbz3JxI	\N	2025-02-20 23:12:55+08	\N	89b8b02c2e8a4917b9405074ccfb2e3d
90	eyJhbGciOiJIUzI1NiIsInR5cCI6IkpXVCJ9.eyJ0b2tlbl90eXBlIjoicmVmcmVzaCIsImV4cCI6MTc0MDA2NDQyNywiaWF0IjoxNzM3NDcyNDI3LCJqdGkiOiJiMmE3NGRhNWY2N2Y0YjE2ODhjZDBiNDIyNWM4ZGY4ZCIsInVzZXJfaWQiOjF9.F8rjjoI1Kw54fbaNp2BygquG8i-8iLloYnPYS8y9kds	\N	2025-02-20 23:13:47+08	\N	b2a74da5f67f4b1688cd0b4225c8df8d
91	eyJhbGciOiJIUzI1NiIsInR5cCI6IkpXVCJ9.eyJ0b2tlbl90eXBlIjoicmVmcmVzaCIsImV4cCI6MTc0MDA2NDQ0MSwiaWF0IjoxNzM3NDcyNDQxLCJqdGkiOiI1NTY3YmFlNjI5NGY0MTBiYTg1OTI5NWNiYzYxYmQ1MCIsInVzZXJfaWQiOjF9.yMnV7rkdgpkRgDPRipz5DU1bJu11d789Fyt8JVOiZT0	\N	2025-02-20 23:14:01+08	\N	5567bae6294f410ba859295cbc61bd50
92	eyJhbGciOiJIUzI1NiIsInR5cCI6IkpXVCJ9.eyJ0b2tlbl90eXBlIjoicmVmcmVzaCIsImV4cCI6MTc0MDA2NDQ1NSwiaWF0IjoxNzM3NDcyNDU1LCJqdGkiOiI5YWUxYmRjMGJlNWE0NzkyYmM4OTJjZDU2Mzk4NmJhNiIsInVzZXJfaWQiOjF9.-1rPrE5SVRJhuFkOxWo1ANRYcq_UgIxP8-tDfI-8m90	\N	2025-02-20 23:14:15+08	\N	9ae1bdc0be5a4792bc892cd563986ba6
93	eyJhbGciOiJIUzI1NiIsInR5cCI6IkpXVCJ9.eyJ0b2tlbl90eXBlIjoicmVmcmVzaCIsImV4cCI6MTc0MDA2NDY5NCwiaWF0IjoxNzM3NDcyNjk0LCJqdGkiOiI1MDgzNTZlNDM4MzU0Mzc5ODA3YTg0OTNjOWQ5MTM0NSIsInVzZXJfaWQiOjF9.5dsSCMZ1eWx90kyJHc8e0-1BdMkOWYWr9yKvIBOtKNU	\N	2025-02-20 23:18:14+08	\N	508356e438354379807a8493c9d91345
94	eyJhbGciOiJIUzI1NiIsInR5cCI6IkpXVCJ9.eyJ0b2tlbl90eXBlIjoicmVmcmVzaCIsImV4cCI6MTc0MDA2NDk4NiwiaWF0IjoxNzM3NDcyOTg2LCJqdGkiOiJkZTA1OTY0MGFiNzU0MDc5YTBlZmQxMDExOTdlMDUzOCIsInVzZXJfaWQiOjF9.JS1cAv-D9cD-sFzP2t2tS4pmr1_eA2Iwj-POGF2ZV8c	\N	2025-02-20 23:23:06+08	\N	de059640ab754079a0efd101197e0538
95	eyJhbGciOiJIUzI1NiIsInR5cCI6IkpXVCJ9.eyJ0b2tlbl90eXBlIjoicmVmcmVzaCIsImV4cCI6MTc0MDA2NTQ3MywiaWF0IjoxNzM3NDczNDczLCJqdGkiOiI0MTkyNTFhMjdmMjQ0ZGExOWM1ZDUyNmQxOGZlMzUyMCIsInVzZXJfaWQiOjF9.diQLeJqqWzl7zD5R-NCmNTUo_A4S-xXoNFZSuDjQkmE	\N	2025-02-20 23:31:13+08	\N	419251a27f244da19c5d526d18fe3520
96	eyJhbGciOiJIUzI1NiIsInR5cCI6IkpXVCJ9.eyJ0b2tlbl90eXBlIjoicmVmcmVzaCIsImV4cCI6MTc0MDA2NTUzNiwiaWF0IjoxNzM3NDczNTM2LCJqdGkiOiIyMTNjYTViYTAyMjE0NmNmYTM5ODU5NWMxZWRjZDI5OSIsInVzZXJfaWQiOjF9.HBE1vKPYlmFPNwC3aI34e0BvJ8JzcFbN3vajrM2-EIM	\N	2025-02-20 23:32:16+08	\N	213ca5ba022146cfa398595c1edcd299
97	eyJhbGciOiJIUzI1NiIsInR5cCI6IkpXVCJ9.eyJ0b2tlbl90eXBlIjoicmVmcmVzaCIsImV4cCI6MTc0MDIwMjg2NCwiaWF0IjoxNzM3NjEwODY0LCJqdGkiOiJmMzgzMDQzOTRjNzQ0NjQzYTZiNTU4YzUxNDdlMGM4YSIsInVzZXJfaWQiOjF9.GkY7XI_O2tktVVYl_VtnJz2gOSIVW11XiFEurC4mjK0	\N	2025-02-22 13:41:04+08	\N	f38304394c744643a6b558c5147e0c8a
98	eyJhbGciOiJIUzI1NiIsInR5cCI6IkpXVCJ9.eyJ0b2tlbl90eXBlIjoicmVmcmVzaCIsImV4cCI6MTc0MDIwMjg3OCwiaWF0IjoxNzM3NjEwODc4LCJqdGkiOiI5YTYwNGMwY2JiMzY0N2JlYmFiNTlhZmZkZTFjODc4ZSIsInVzZXJfaWQiOjF9.9FOxkOr6yrN-2KRV3SffXIVSanAG07eDX6POSy2WPDY	\N	2025-02-22 13:41:18+08	\N	9a604c0cbb3647bebab59affde1c878e
99	eyJhbGciOiJIUzI1NiIsInR5cCI6IkpXVCJ9.eyJ0b2tlbl90eXBlIjoicmVmcmVzaCIsImV4cCI6MTc0MDIwMjg4NiwiaWF0IjoxNzM3NjEwODg2LCJqdGkiOiJhOTBjOWYwMDNhYTI0YTcwOWRkNzkxZTU2YmQ1N2ZjZCIsInVzZXJfaWQiOjF9.4eREdrTUdhMO7GFt_ORyfH007UsgSWkGKSAb5V6PqRo	\N	2025-02-22 13:41:26+08	\N	a90c9f003aa24a709dd791e56bd57fcd
100	eyJhbGciOiJIUzI1NiIsInR5cCI6IkpXVCJ9.eyJ0b2tlbl90eXBlIjoicmVmcmVzaCIsImV4cCI6MTc0MDIwMzU0NywiaWF0IjoxNzM3NjExNTQ3LCJqdGkiOiIxNDU3MTZmMmZjMTc0YWQ5OTJlMDUyMDAyMzA3OWQ3ZCIsInVzZXJfaWQiOjF9.SSihely0fe4ou9fFOJQqMzgcJ8-MEJbWmT33AU9ApLA	\N	2025-02-22 13:52:27+08	\N	145716f2fc174ad992e0520023079d7d
101	eyJhbGciOiJIUzI1NiIsInR5cCI6IkpXVCJ9.eyJ0b2tlbl90eXBlIjoicmVmcmVzaCIsImV4cCI6MTc0MDIwMzgyOSwiaWF0IjoxNzM3NjExODI5LCJqdGkiOiI4OGUyM2U2NTgzNTI0NTk2YWMzNTc4ZjBlNDViNTY3NyIsInVzZXJfaWQiOjF9.VhjiseGv3nWjzaViuP5ySTyTZlXfxo5XKQW3rEgMYtA	2025-01-23 13:57:09.663905+08	2025-02-22 13:57:09+08	1	88e23e6583524596ac3578f0e45b5677
102	eyJhbGciOiJIUzI1NiIsInR5cCI6IkpXVCJ9.eyJ0b2tlbl90eXBlIjoicmVmcmVzaCIsImV4cCI6MTc0MDIwMzU3OSwiaWF0IjoxNzM3NjExNTc5LCJqdGkiOiJmZjBhMWJkZjQ5YzA0NDdkOGU1ZDMxMGE2M2VlZTY5YyIsInVzZXJfaWQiOjF9.LFlENqZd7hqwekuAduaDdu6LaDNmSjs-H3gugSoT398	\N	2025-02-22 13:52:59+08	\N	ff0a1bdf49c0447d8e5d310a63eee69c
103	eyJhbGciOiJIUzI1NiIsInR5cCI6IkpXVCJ9.eyJ0b2tlbl90eXBlIjoicmVmcmVzaCIsImV4cCI6MTc0MDIwNDY5NiwiaWF0IjoxNzM3NjEyNjk2LCJqdGkiOiJjMjBhZDc4ZTk5YTc0ZWE5OTVkYjMwZWUzMDEwNGJiNiIsInVzZXJfaWQiOjF9.nX2lqulM1_UWqzEUrd23S8nRVF-9FVlDxDE7bCM6oxg	\N	2025-02-22 14:11:36+08	\N	c20ad78e99a74ea995db30ee30104bb6
104	eyJhbGciOiJIUzI1NiIsInR5cCI6IkpXVCJ9.eyJ0b2tlbl90eXBlIjoicmVmcmVzaCIsImV4cCI6MTc0MDIwNDgwMiwiaWF0IjoxNzM3NjEyODAyLCJqdGkiOiIwMzAwNzA3ZDY5Y2Q0YTc2YTlmYzJhYTBiYzQwOWYxZSIsInVzZXJfaWQiOjF9.7louqFYZchrIoGTeL4BUKSzsgtHISdbHJirwtmsQM-w	\N	2025-02-22 14:13:22+08	\N	0300707d69cd4a76a9fc2aa0bc409f1e
105	eyJhbGciOiJIUzI1NiIsInR5cCI6IkpXVCJ9.eyJ0b2tlbl90eXBlIjoicmVmcmVzaCIsImV4cCI6MTc0MDIwNDgwOSwiaWF0IjoxNzM3NjEyODA5LCJqdGkiOiJiZDg2OTlhNDM3OTM0ODM5OTkxMWUwNDI0YzRlZDNhYyIsInVzZXJfaWQiOjF9.WWzPIP2yAjN2RepMtN7mGds61rPVCGerj51oyqC2rF0	\N	2025-02-22 14:13:29+08	\N	bd8699a4379348399911e0424c4ed3ac
106	eyJhbGciOiJIUzI1NiIsInR5cCI6IkpXVCJ9.eyJ0b2tlbl90eXBlIjoicmVmcmVzaCIsImV4cCI6MTc0MDIwNDgxMCwiaWF0IjoxNzM3NjEyODEwLCJqdGkiOiI4N2I4MGQwMzMxMjE0ZTc3OGI0YjI3MTlkMWE0MTc1YiIsInVzZXJfaWQiOjF9.nDyuMmWmVPPUfdBQ3DZ8OA5OgfOUucaT55AcsH7_hfA	\N	2025-02-22 14:13:30+08	\N	87b80d0331214e778b4b2719d1a4175b
107	eyJhbGciOiJIUzI1NiIsInR5cCI6IkpXVCJ9.eyJ0b2tlbl90eXBlIjoicmVmcmVzaCIsImV4cCI6MTc0MDIwNjE5NiwiaWF0IjoxNzM3NjE0MTk2LCJqdGkiOiJiZjg3YzJiYTk4MGE0NjZmYmFkNmExMDA5M2JmYzU4MiIsInVzZXJfaWQiOjF9.DbDNfoTgse9y8RJHz-8dDOPZ0-W4UXbBVSz8TxmdKoI	\N	2025-02-22 14:36:36+08	\N	bf87c2ba980a466fbad6a10093bfc582
108	eyJhbGciOiJIUzI1NiIsInR5cCI6IkpXVCJ9.eyJ0b2tlbl90eXBlIjoicmVmcmVzaCIsImV4cCI6MTc0MDIwNjc5NCwiaWF0IjoxNzM3NjE0Nzk0LCJqdGkiOiI2MzQzNTViYTJiMWI0ZjQxOGY4YmRlYjNhMDUxMzcyNCIsInVzZXJfaWQiOjF9.f6rZf6brD5O0iIiSYt_O6O-IrPXKhyy7k8GXcSuHYfA	\N	2025-02-22 14:46:34+08	\N	634355ba2b1b4f418f8bdeb3a0513724
109	eyJhbGciOiJIUzI1NiIsInR5cCI6IkpXVCJ9.eyJ0b2tlbl90eXBlIjoicmVmcmVzaCIsImV4cCI6MTc0MDIwNzI1OSwiaWF0IjoxNzM3NjE1MjU5LCJqdGkiOiI5YjA5ZTI3YTMxZWE0ODM2YTE3Nzc5MGJkOTJhMzk2OSIsInVzZXJfaWQiOjF9.ndwDeKf9WM0186lc4NWFgqB_yVe2Xb3r8jsQtUc8jJ0	\N	2025-02-22 14:54:19+08	\N	9b09e27a31ea4836a177790bd92a3969
110	eyJhbGciOiJIUzI1NiIsInR5cCI6IkpXVCJ9.eyJ0b2tlbl90eXBlIjoicmVmcmVzaCIsImV4cCI6MTc0MDIwNzI3NCwiaWF0IjoxNzM3NjE1Mjc0LCJqdGkiOiI2Y2RiYTExZDgzYTU0YWZlOGMzMGZjYjYxNDRhNjZlYiIsInVzZXJfaWQiOjF9.uXH8F53IdOTQ54jkZJoxkccPBnemAymF-USCYelxUIo	\N	2025-02-22 14:54:34+08	\N	6cdba11d83a54afe8c30fcb6144a66eb
111	eyJhbGciOiJIUzI1NiIsInR5cCI6IkpXVCJ9.eyJ0b2tlbl90eXBlIjoicmVmcmVzaCIsImV4cCI6MTc0MDIwNzMwNywiaWF0IjoxNzM3NjE1MzA3LCJqdGkiOiI4YTM5NGIwZjRhZTE0OTU2YTQyZGFlNzM0YzJjYTljNSIsInVzZXJfaWQiOjF9.G5zlGD4-5Yby7IUBDaawEx-w3SzxuLY18wKmvxK1juo	\N	2025-02-22 14:55:07+08	\N	8a394b0f4ae14956a42dae734c2ca9c5
112	eyJhbGciOiJIUzI1NiIsInR5cCI6IkpXVCJ9.eyJ0b2tlbl90eXBlIjoicmVmcmVzaCIsImV4cCI6MTc0MDIwNzM3MSwiaWF0IjoxNzM3NjE1MzcxLCJqdGkiOiI1ZTEwNTAyNTNhMWM0YzNiYjg4MGMyODA5ZTY0NGE2YiIsInVzZXJfaWQiOjF9.F8gD5eCHIbBfjI3py9sN1p_ZSmhLtiXOM7ddBQ26gy0	\N	2025-02-22 14:56:11+08	\N	5e1050253a1c4c3bb880c2809e644a6b
113	eyJhbGciOiJIUzI1NiIsInR5cCI6IkpXVCJ9.eyJ0b2tlbl90eXBlIjoicmVmcmVzaCIsImV4cCI6MTc0MDIwNzQyOCwiaWF0IjoxNzM3NjE1NDI4LCJqdGkiOiJmMmE3YjM2Zjk2YWM0NWU0ODRkY2QxZjU2MjBkMDFmNCIsInVzZXJfaWQiOjF9.WRunPcnGRax_Vdu80-YNKlrV2GUC4ZiRSFEVzdSB1Gs	\N	2025-02-22 14:57:08+08	\N	f2a7b36f96ac45e484dcd1f5620d01f4
114	eyJhbGciOiJIUzI1NiIsInR5cCI6IkpXVCJ9.eyJ0b2tlbl90eXBlIjoicmVmcmVzaCIsImV4cCI6MTc0MDIwNzcyMSwiaWF0IjoxNzM3NjE1NzIxLCJqdGkiOiI2MjIwMTIwNjQ0MjE0ODI0OWE3N2VlNDQ4OTY1ZDc0ZSIsInVzZXJfaWQiOjF9.s9BEZC3R1IhpkCSrDlYpsptU-_DCVNN3AEA3AqZHm2E	\N	2025-02-22 15:02:01+08	\N	62201206442148249a77ee448965d74e
115	eyJhbGciOiJIUzI1NiIsInR5cCI6IkpXVCJ9.eyJ0b2tlbl90eXBlIjoicmVmcmVzaCIsImV4cCI6MTc0MDIwODAxNSwiaWF0IjoxNzM3NjE2MDE1LCJqdGkiOiIzYzJhNGI3MGYzZjI0YjQ4YTJiODBmZGE0ZmRkMWVmZiIsInVzZXJfaWQiOjF9.9rCQ-vYRxx4HsMRNuyeUEsEGCmLSffejspqR6FRq-N8	\N	2025-02-22 15:06:55+08	\N	3c2a4b70f3f24b48a2b80fda4fdd1eff
116	eyJhbGciOiJIUzI1NiIsInR5cCI6IkpXVCJ9.eyJ0b2tlbl90eXBlIjoicmVmcmVzaCIsImV4cCI6MTc0MDIwODMwNywiaWF0IjoxNzM3NjE2MzA3LCJqdGkiOiIxNmY5YWFkY2E1N2E0ODQ3YTJkY2ZmYmUxYWU4ZDZhNiIsInVzZXJfaWQiOjF9.lRu0s0RJrT9JQyU49zKlVyYecgBQNi34nwickcY0avo	2025-01-23 15:11:47.068558+08	2025-02-22 15:11:47+08	1	16f9aadca57a4847a2dcffbe1ae8d6a6
117	eyJhbGciOiJIUzI1NiIsInR5cCI6IkpXVCJ9.eyJ0b2tlbl90eXBlIjoicmVmcmVzaCIsImV4cCI6MTc0MDIwODEyOCwiaWF0IjoxNzM3NjE2MTI4LCJqdGkiOiI1N2QyZTNjMDg2ZGQ0N2VmYTEwNWMxNGQ5YjVkZDk4YyIsInVzZXJfaWQiOjF9.8FdGF7rga670ExQYWg4I9fBLizEmlG54wVtNc9hHV2s	\N	2025-02-22 15:08:48+08	\N	57d2e3c086dd47efa105c14d9b5dd98c
118	eyJhbGciOiJIUzI1NiIsInR5cCI6IkpXVCJ9.eyJ0b2tlbl90eXBlIjoicmVmcmVzaCIsImV4cCI6MTc0MDIwOTE4NCwiaWF0IjoxNzM3NjE3MTg0LCJqdGkiOiIzMjIxY2E3MDEzODc0ZWIxYjMwYjg3Y2M4MTdkMTg1NyIsInVzZXJfaWQiOjF9.b52pBqYKbcl6GE6OO9od9RXXjAhug9J2NsWU2pStE2Q	\N	2025-02-22 15:26:24+08	\N	3221ca7013874eb1b30b87cc817d1857
119	eyJhbGciOiJIUzI1NiIsInR5cCI6IkpXVCJ9.eyJ0b2tlbl90eXBlIjoicmVmcmVzaCIsImV4cCI6MTc0MDIwOTc2NSwiaWF0IjoxNzM3NjE3NzY1LCJqdGkiOiJhZjdlMGFlZWU5ZTQ0MDMyYWRiODUxOTE0YzRkYjJlMiIsInVzZXJfaWQiOjF9.Zy61TecukrI2NDjLdwMv6cErgsCzfwhw0tenAvwtOk4	\N	2025-02-22 15:36:05+08	\N	af7e0aeee9e44032adb851914c4db2e2
120	eyJhbGciOiJIUzI1NiIsInR5cCI6IkpXVCJ9.eyJ0b2tlbl90eXBlIjoicmVmcmVzaCIsImV4cCI6MTc0MDIwOTk3NSwiaWF0IjoxNzM3NjE3OTc1LCJqdGkiOiJkYWY0YWVmZjc4MDg0YWFhOTc2NDA1MjllMWM4OGI1MSIsInVzZXJfaWQiOjF9.-FbXO54W4UHQTxTqHHVEeG-RcatmZVZlqaAP-vfby8A	\N	2025-02-22 15:39:35+08	\N	daf4aeff78084aaa97640529e1c88b51
121	eyJhbGciOiJIUzI1NiIsInR5cCI6IkpXVCJ9.eyJ0b2tlbl90eXBlIjoicmVmcmVzaCIsImV4cCI6MTc0MDIxMDAwNCwiaWF0IjoxNzM3NjE4MDA0LCJqdGkiOiI5NmExYjJmZjQxMmI0NzU1YTkwZjgyNzg3NGZlMDFlNCIsInVzZXJfaWQiOjF9.qY1uJKDIdwznGAmpGy1MMp8IJig3QCPEnMbt8800hsc	\N	2025-02-22 15:40:04+08	\N	96a1b2ff412b4755a90f827874fe01e4
122	eyJhbGciOiJIUzI1NiIsInR5cCI6IkpXVCJ9.eyJ0b2tlbl90eXBlIjoicmVmcmVzaCIsImV4cCI6MTc0MDIxMDE3NCwiaWF0IjoxNzM3NjE4MTc0LCJqdGkiOiJjMDc2OTllNTBkNjk0ZGYyYTIwMjJmMTQ5N2FmNjViNiIsInVzZXJfaWQiOjF9.OQSUk-q4kMP-u3S9OI2FngmFPiJyacfvknuttR7mXL0	\N	2025-02-22 15:42:54+08	\N	c07699e50d694df2a2022f1497af65b6
123	eyJhbGciOiJIUzI1NiIsInR5cCI6IkpXVCJ9.eyJ0b2tlbl90eXBlIjoicmVmcmVzaCIsImV4cCI6MTc0MDIxMDI2NywiaWF0IjoxNzM3NjE4MjY3LCJqdGkiOiI1N2Y0NTQwMDgyNzk0NWIwOWE5MTdkZmU4MGZhYmMzNCIsInVzZXJfaWQiOjF9.ez4PRTMAPTqtoODzbzklD5qD3LhfGmkxo9_a1yJlOKw	\N	2025-02-22 15:44:27+08	\N	57f45400827945b09a917dfe80fabc34
124	eyJhbGciOiJIUzI1NiIsInR5cCI6IkpXVCJ9.eyJ0b2tlbl90eXBlIjoicmVmcmVzaCIsImV4cCI6MTc0MDIxMDMxNiwiaWF0IjoxNzM3NjE4MzE2LCJqdGkiOiJhYjQ5Y2VmODQ2MmI0NzJiYmY3N2U0ZTNlOWM2MjMxNCIsInVzZXJfaWQiOjF9.cf9nmk2P--KwC4K1Mxp9U02FrRmXwtQSyumOzFzuwdw	\N	2025-02-22 15:45:16+08	\N	ab49cef8462b472bbf77e4e3e9c62314
125	eyJhbGciOiJIUzI1NiIsInR5cCI6IkpXVCJ9.eyJ0b2tlbl90eXBlIjoicmVmcmVzaCIsImV4cCI6MTc0MDIxMDM4NCwiaWF0IjoxNzM3NjE4Mzg0LCJqdGkiOiJiNTNhYjYxYzNiNjE0NWRhOWM2MGJiNWM0NWYwY2ZmMCIsInVzZXJfaWQiOjF9.v8ARH9r8liR4CDMw9Y6ZAs0llRgnED3twwfk73lF8CE	\N	2025-02-22 15:46:24+08	\N	b53ab61c3b6145da9c60bb5c45f0cff0
126	eyJhbGciOiJIUzI1NiIsInR5cCI6IkpXVCJ9.eyJ0b2tlbl90eXBlIjoicmVmcmVzaCIsImV4cCI6MTc0MDIxMDUwNSwiaWF0IjoxNzM3NjE4NTA1LCJqdGkiOiI0YmQ0MDUwZjY5NjE0MTZiOGExOGVhYjYxODFkOTdmYiIsInVzZXJfaWQiOjF9.eQbRZbLea2nqWrLvpW6cZe1CINfEGrpAgPGGcPQ_e0M	\N	2025-02-22 15:48:25+08	\N	4bd4050f6961416b8a18eab6181d97fb
127	eyJhbGciOiJIUzI1NiIsInR5cCI6IkpXVCJ9.eyJ0b2tlbl90eXBlIjoicmVmcmVzaCIsImV4cCI6MTc0MDIxMDUyNiwiaWF0IjoxNzM3NjE4NTI2LCJqdGkiOiI3MzhhOWMzZWYzYzU0MTg1YmVmN2NlZTUxZDQ1MmFkYyIsInVzZXJfaWQiOjF9.GxeoO1trHr3qy3ssGGqZVVs3H38zMDIpRxFjXkxE6XA	\N	2025-02-22 15:48:46+08	\N	738a9c3ef3c54185bef7cee51d452adc
128	eyJhbGciOiJIUzI1NiIsInR5cCI6IkpXVCJ9.eyJ0b2tlbl90eXBlIjoicmVmcmVzaCIsImV4cCI6MTc0MDIxMDY2MiwiaWF0IjoxNzM3NjE4NjYyLCJqdGkiOiI0N2FmMGUwOThhYzc0YjUyYmU3MDViYzFmOWZjMTllZSIsInVzZXJfaWQiOjF9.lRGRlyNwznIPG4cwFma9qNJlgp9w3Pck7BtD4h-YkXw	\N	2025-02-22 15:51:02+08	\N	47af0e098ac74b52be705bc1f9fc19ee
129	eyJhbGciOiJIUzI1NiIsInR5cCI6IkpXVCJ9.eyJ0b2tlbl90eXBlIjoicmVmcmVzaCIsImV4cCI6MTc0MDIxMDY2OSwiaWF0IjoxNzM3NjE4NjY5LCJqdGkiOiI2MzdmMjdiZmFhOWQ0ZjNmYmYxMTkzY2U1YTg1YmU5YiIsInVzZXJfaWQiOjF9.2Ee-qZLOJOu91000ZC0HQL1e8ESjQXWsaytXQ2BlaOk	\N	2025-02-22 15:51:09+08	\N	637f27bfaa9d4f3fbf1193ce5a85be9b
130	eyJhbGciOiJIUzI1NiIsInR5cCI6IkpXVCJ9.eyJ0b2tlbl90eXBlIjoicmVmcmVzaCIsImV4cCI6MTc0MDIxMDc5NCwiaWF0IjoxNzM3NjE4Nzk0LCJqdGkiOiJhMDc0MTZiOTMzMmE0MzFkOTg0NGYyMGM5OTMxZDZlYiIsInVzZXJfaWQiOjF9.uREBinpPxibc6qSNvBFetyGxRRnjhkwsGzAvs6R4AE0	\N	2025-02-22 15:53:14+08	\N	a07416b9332a431d9844f20c9931d6eb
131	eyJhbGciOiJIUzI1NiIsInR5cCI6IkpXVCJ9.eyJ0b2tlbl90eXBlIjoicmVmcmVzaCIsImV4cCI6MTc0MDIxMDkyOSwiaWF0IjoxNzM3NjE4OTI5LCJqdGkiOiI3ZDI4NThiN2ZjMWY0ZGJjODNjMzMwY2VkYzQ5N2E3MCIsInVzZXJfaWQiOjF9.58PxEmVIdMtUQ41qnF1f_xfOB4a7UXrNNUpkQp9egxE	\N	2025-02-22 15:55:29+08	\N	7d2858b7fc1f4dbc83c330cedc497a70
132	eyJhbGciOiJIUzI1NiIsInR5cCI6IkpXVCJ9.eyJ0b2tlbl90eXBlIjoicmVmcmVzaCIsImV4cCI6MTc0MDIxMDk0OCwiaWF0IjoxNzM3NjE4OTQ4LCJqdGkiOiJkNGU1YzMzZjNhMDk0ODYyOWVlMDZmNjliMTAxNGI0ZCIsInVzZXJfaWQiOjF9.6npUx8dDJ1DkiKyBwjtp1OJv6Gq8PI2Xf10sIVUFPGM	\N	2025-02-22 15:55:48+08	\N	d4e5c33f3a0948629ee06f69b1014b4d
133	eyJhbGciOiJIUzI1NiIsInR5cCI6IkpXVCJ9.eyJ0b2tlbl90eXBlIjoicmVmcmVzaCIsImV4cCI6MTc0MDIxMTA2NiwiaWF0IjoxNzM3NjE5MDY2LCJqdGkiOiJhMGE5OGMzNWEzOGU0MTk1YmQ0ODIzNGE1MDIxMGIxNSIsInVzZXJfaWQiOjF9.qXN3qToD-tqcNZH_MaOHIUzftoOafip9VdV9P9qBX1Q	\N	2025-02-22 15:57:46+08	\N	a0a98c35a38e4195bd48234a50210b15
134	eyJhbGciOiJIUzI1NiIsInR5cCI6IkpXVCJ9.eyJ0b2tlbl90eXBlIjoicmVmcmVzaCIsImV4cCI6MTc0MDIxMTE3NiwiaWF0IjoxNzM3NjE5MTc2LCJqdGkiOiJjZjEzYzk0NjFlMGM0MDI4ODIwMWEyMzA4MDFlY2IzZCIsInVzZXJfaWQiOjF9.WCbOVFhCYT-1JLBi7cwjHgbYeReC9JIMeex75uKt7eo	\N	2025-02-22 15:59:36+08	\N	cf13c9461e0c40288201a230801ecb3d
135	eyJhbGciOiJIUzI1NiIsInR5cCI6IkpXVCJ9.eyJ0b2tlbl90eXBlIjoicmVmcmVzaCIsImV4cCI6MTc0MDIxMTE5MCwiaWF0IjoxNzM3NjE5MTkwLCJqdGkiOiJjNTBkNDYzMDNlNDc0MDczODI3ZTI1MDRmYTc3MzUxNSIsInVzZXJfaWQiOjF9.d30giNlIlaYW4y95I1XqybxlHa8qo0gpI0Q6SaQYGoo	\N	2025-02-22 15:59:50+08	\N	c50d46303e474073827e2504fa773515
136	eyJhbGciOiJIUzI1NiIsInR5cCI6IkpXVCJ9.eyJ0b2tlbl90eXBlIjoicmVmcmVzaCIsImV4cCI6MTc0MDIxMTI4MiwiaWF0IjoxNzM3NjE5MjgyLCJqdGkiOiIxZGUyZTE4NDkxOTY0ZWZmYTQ4ZjAwYmY2N2Q0ZjdmOSIsInVzZXJfaWQiOjF9.sKFauKYy3qDWvkTBFVwJx9Zpv_oqq4rX26bc7br1Jwc	\N	2025-02-22 16:01:22+08	\N	1de2e18491964effa48f00bf67d4f7f9
137	eyJhbGciOiJIUzI1NiIsInR5cCI6IkpXVCJ9.eyJ0b2tlbl90eXBlIjoicmVmcmVzaCIsImV4cCI6MTc0MDIxMTI4NSwiaWF0IjoxNzM3NjE5Mjg1LCJqdGkiOiJiMWE3OTE4NmVjYTE0Zjk0YjcxZGIwNWY2NThkMzQ3MSIsInVzZXJfaWQiOjF9.1Z2Q8LXq2YVtMBZZ_rgLUVDL3CTmbBOJWh3qlobQcqs	\N	2025-02-22 16:01:25+08	\N	b1a79186eca14f94b71db05f658d3471
138	eyJhbGciOiJIUzI1NiIsInR5cCI6IkpXVCJ9.eyJ0b2tlbl90eXBlIjoicmVmcmVzaCIsImV4cCI6MTc0MDIxMTI4NywiaWF0IjoxNzM3NjE5Mjg3LCJqdGkiOiJkODAwOThhYWFkZGI0YTFlOTI3YTY0MzdmNWEyYTIzNyIsInVzZXJfaWQiOjF9.aGkKf6csuEOW4THxlp1G1nADX43hWGiIvVOanNZPTJQ	\N	2025-02-22 16:01:27+08	\N	d80098aaaddb4a1e927a6437f5a2a237
139	eyJhbGciOiJIUzI1NiIsInR5cCI6IkpXVCJ9.eyJ0b2tlbl90eXBlIjoicmVmcmVzaCIsImV4cCI6MTc0MDIxMTI5MywiaWF0IjoxNzM3NjE5MjkzLCJqdGkiOiJjNTFhMzU0ZTlkMTY0ZGMxYTRhNWI1YjhjNjQ3NjBjNSIsInVzZXJfaWQiOjF9.yk2zqk_nmazSlgu_xGuKUytArJrJo_qWJOEsCBSTPSo	\N	2025-02-22 16:01:33+08	\N	c51a354e9d164dc1a4a5b5b8c64760c5
140	eyJhbGciOiJIUzI1NiIsInR5cCI6IkpXVCJ9.eyJ0b2tlbl90eXBlIjoicmVmcmVzaCIsImV4cCI6MTc0MDIxMTI5OSwiaWF0IjoxNzM3NjE5Mjk5LCJqdGkiOiJiOWVmNjViZGNhYjQ0MzFiYWM3OTZiOGZkNmQxMTE4NSIsInVzZXJfaWQiOjF9.N0-kbm3uoPMAsjdqshOmzBCOqzdAkAgZAbrVY9IMBvA	\N	2025-02-22 16:01:39+08	\N	b9ef65bdcab4431bac796b8fd6d11185
141	eyJhbGciOiJIUzI1NiIsInR5cCI6IkpXVCJ9.eyJ0b2tlbl90eXBlIjoicmVmcmVzaCIsImV4cCI6MTc0MDIxMTMwNSwiaWF0IjoxNzM3NjE5MzA1LCJqdGkiOiI3OTMwNjIwZWU4Y2Y0ZTM3YjVhMmEyYzQzODMyMDNmYyIsInVzZXJfaWQiOjF9.MICNb8JDuCWmLKLugkfpJxMsHjXwdFHW9vBKNHqAWCw	\N	2025-02-22 16:01:45+08	\N	7930620ee8cf4e37b5a2a2c4383203fc
142	eyJhbGciOiJIUzI1NiIsInR5cCI6IkpXVCJ9.eyJ0b2tlbl90eXBlIjoicmVmcmVzaCIsImV4cCI6MTc0MDIxMTM4MiwiaWF0IjoxNzM3NjE5MzgyLCJqdGkiOiJiZGU0NDRiMTU2ZmQ0ZTk5ODc4MzZlMzIxMDAwODYzZSIsInVzZXJfaWQiOjF9.TlaqUNMLvbAdck69ovRc6vXe9krwSHblUkZzq3tfAuU	\N	2025-02-22 16:03:02+08	\N	bde444b156fd4e9987836e321000863e
143	eyJhbGciOiJIUzI1NiIsInR5cCI6IkpXVCJ9.eyJ0b2tlbl90eXBlIjoicmVmcmVzaCIsImV4cCI6MTc0MDIxMTk5MCwiaWF0IjoxNzM3NjE5OTkwLCJqdGkiOiJlYTIyMDkyOGYxOTM0MWE2YWJkMmJjYjU1YmIxMTY2ZSIsInVzZXJfaWQiOjF9.eVEkj087YTfHY57IvNztGW8UD5PDfcZUKdWQF85scnA	\N	2025-02-22 16:13:10+08	\N	ea220928f19341a6abd2bcb55bb1166e
144	eyJhbGciOiJIUzI1NiIsInR5cCI6IkpXVCJ9.eyJ0b2tlbl90eXBlIjoicmVmcmVzaCIsImV4cCI6MTc0MDIxMjE5OSwiaWF0IjoxNzM3NjIwMTk5LCJqdGkiOiI1ZGQ2YmU5ZDljMGQ0OTk3YjQ3YzExMzc3ZDE4M2E5NyIsInVzZXJfaWQiOjF9.zEKDi_-_RmtPGgdkNJrV35Mnpu1sV7XMUFud54Go93E	\N	2025-02-22 16:16:39+08	\N	5dd6be9d9c0d4997b47c11377d183a97
145	eyJhbGciOiJIUzI1NiIsInR5cCI6IkpXVCJ9.eyJ0b2tlbl90eXBlIjoicmVmcmVzaCIsImV4cCI6MTc0MDIxMjI0MywiaWF0IjoxNzM3NjIwMjQzLCJqdGkiOiIyNmExYmU5ZDBkMmU0MDVmYjhjMjg2NTEzM2MwZTg0MCIsInVzZXJfaWQiOjF9.QpWhuMeJgEIwZgRRQEF2WDC0j2ss1VAsSzlAw7kYBg0	\N	2025-02-22 16:17:23+08	\N	26a1be9d0d2e405fb8c2865133c0e840
146	eyJhbGciOiJIUzI1NiIsInR5cCI6IkpXVCJ9.eyJ0b2tlbl90eXBlIjoicmVmcmVzaCIsImV4cCI6MTc0MDIxMjI0OSwiaWF0IjoxNzM3NjIwMjQ5LCJqdGkiOiI1Y2JmYmU0NzUzMjI0YmJlODRlN2I2MzhlMDMxODU0YyIsInVzZXJfaWQiOjF9.43UaDQ0wg7fUP6SnsqCyAvdxMLRNjkgrzm2LHiRJ5Ss	\N	2025-02-22 16:17:29+08	\N	5cbfbe4753224bbe84e7b638e031854c
147	eyJhbGciOiJIUzI1NiIsInR5cCI6IkpXVCJ9.eyJ0b2tlbl90eXBlIjoicmVmcmVzaCIsImV4cCI6MTc0MDIxMjI3MiwiaWF0IjoxNzM3NjIwMjcyLCJqdGkiOiI3NjdjOTk1YzBjYmI0OTA1OGYwMTU5MTYwY2QwZDYzMSIsInVzZXJfaWQiOjF9.qdQPgOH3zqJYafCWF4ASzA3FKGQLyB9Q9R3N6ct9at8	\N	2025-02-22 16:17:52+08	\N	767c995c0cbb49058f0159160cd0d631
148	eyJhbGciOiJIUzI1NiIsInR5cCI6IkpXVCJ9.eyJ0b2tlbl90eXBlIjoicmVmcmVzaCIsImV4cCI6MTc0MDIxMjMwNywiaWF0IjoxNzM3NjIwMzA3LCJqdGkiOiIxMWNjZWU2YWZjYzU0YzVjOTFjZDdlZGJlZjQ2YjExMSIsInVzZXJfaWQiOjF9.7vDFn2U5QlktwX7kCd7qec9sLHPjJ2KxIEyfj_hCG64	\N	2025-02-22 16:18:27+08	\N	11ccee6afcc54c5c91cd7edbef46b111
149	eyJhbGciOiJIUzI1NiIsInR5cCI6IkpXVCJ9.eyJ0b2tlbl90eXBlIjoicmVmcmVzaCIsImV4cCI6MTc0MDIxMjMwOSwiaWF0IjoxNzM3NjIwMzA5LCJqdGkiOiI1OTliODM2ZjZkZWY0NjkyYjU3OTk4ODFlMjM5YWZlNCIsInVzZXJfaWQiOjF9.7WiOYqYEnD8jERzkJ2r1C_qzlWW2XO2nhvGdSEGoBqI	\N	2025-02-22 16:18:29+08	\N	599b836f6def4692b5799881e239afe4
150	eyJhbGciOiJIUzI1NiIsInR5cCI6IkpXVCJ9.eyJ0b2tlbl90eXBlIjoicmVmcmVzaCIsImV4cCI6MTc0MDIxMjQ2NywiaWF0IjoxNzM3NjIwNDY3LCJqdGkiOiJlOGUzNjM5OTUwYTQ0MDQ5ODc5ZTRmODE1ZGQ5NzBlMiIsInVzZXJfaWQiOjF9.QKBaQEyRbq8Lf6aEQvrQYHpaTWqbY60D3WBnkPXAV0k	\N	2025-02-22 16:21:07+08	\N	e8e3639950a44049879e4f815dd970e2
151	eyJhbGciOiJIUzI1NiIsInR5cCI6IkpXVCJ9.eyJ0b2tlbl90eXBlIjoicmVmcmVzaCIsImV4cCI6MTc0MDIxMjQ4MywiaWF0IjoxNzM3NjIwNDgzLCJqdGkiOiJlODhiYzE1MjAxYmY0NDBiODgxZGM1N2QyMmNlZWI1NCIsInVzZXJfaWQiOjF9.aw10tvqkvVndqyRxJwxYRLxjRM8j__TMdLYxyMwa-_8	\N	2025-02-22 16:21:23+08	\N	e88bc15201bf440b881dc57d22ceeb54
152	eyJhbGciOiJIUzI1NiIsInR5cCI6IkpXVCJ9.eyJ0b2tlbl90eXBlIjoicmVmcmVzaCIsImV4cCI6MTc0MDIxMjYwNywiaWF0IjoxNzM3NjIwNjA3LCJqdGkiOiJhYzYwMzVhYWM2MGU0YmNlOWIxOGI0NzNjMzMwOTc1OCIsInVzZXJfaWQiOjF9.nik-7sIRu7SQszt8KaRQO9uuGm2wBUUMzSfGr571ZtQ	\N	2025-02-22 16:23:27+08	\N	ac6035aac60e4bce9b18b473c3309758
153	eyJhbGciOiJIUzI1NiIsInR5cCI6IkpXVCJ9.eyJ0b2tlbl90eXBlIjoicmVmcmVzaCIsImV4cCI6MTc0MDIxMjY1MSwiaWF0IjoxNzM3NjIwNjUxLCJqdGkiOiJjYWZiZjViOGQ5YmI0OTcwYWEwYTdiZmZmMTM3YTAzNyIsInVzZXJfaWQiOjF9.55ubXkSoD9OyqrRX1cE1fhSj5ttVTblZoCUdFg9zpbc	\N	2025-02-22 16:24:11+08	\N	cafbf5b8d9bb4970aa0a7bfff137a037
154	eyJhbGciOiJIUzI1NiIsInR5cCI6IkpXVCJ9.eyJ0b2tlbl90eXBlIjoicmVmcmVzaCIsImV4cCI6MTc0MDIxMjY2MywiaWF0IjoxNzM3NjIwNjYzLCJqdGkiOiI5ZDBiMjg4OThkNTI0NDAxOTVkMjJlMjYwMDE3YTNmZSIsInVzZXJfaWQiOjF9.kURtDIkQ-kd4jhra3w0uJqZ5H1YF4nN6Etee5RE6hrU	\N	2025-02-22 16:24:23+08	\N	9d0b28898d52440195d22e260017a3fe
155	eyJhbGciOiJIUzI1NiIsInR5cCI6IkpXVCJ9.eyJ0b2tlbl90eXBlIjoicmVmcmVzaCIsImV4cCI6MTc0MDIxMjY4MywiaWF0IjoxNzM3NjIwNjgzLCJqdGkiOiI1ZjA5YjNkNGM1M2Q0YzVjYWEyYzljZWIzNGE3MjljNCIsInVzZXJfaWQiOjF9.wFL-jJXH3rae0XCGNOjn9yfAz920WiyIJjJlg2vcCUE	\N	2025-02-22 16:24:43+08	\N	5f09b3d4c53d4c5caa2c9ceb34a729c4
156	eyJhbGciOiJIUzI1NiIsInR5cCI6IkpXVCJ9.eyJ0b2tlbl90eXBlIjoicmVmcmVzaCIsImV4cCI6MTc0MDIxMjkzNSwiaWF0IjoxNzM3NjIwOTM1LCJqdGkiOiI4NTAyZmIwMzQzNDI0OThiYWQ1NTM4MzFiMzRkYWU1MyIsInVzZXJfaWQiOjF9.oz9puZAqVGM5ReuXca5qjwKxiffZXHZ6wmijJ3ti77g	\N	2025-02-22 16:28:55+08	\N	8502fb034342498bad553831b34dae53
157	eyJhbGciOiJIUzI1NiIsInR5cCI6IkpXVCJ9.eyJ0b2tlbl90eXBlIjoicmVmcmVzaCIsImV4cCI6MTc0MDIxMjkzOSwiaWF0IjoxNzM3NjIwOTM5LCJqdGkiOiI1OTdjZDI5YzYxYzA0NWE1YWEzMmE4NzNmZTk2YTAyNyIsInVzZXJfaWQiOjF9.qvpX8tyybbA5h74AMPQDovs8qqiFaWUygQBw_iWksN0	\N	2025-02-22 16:28:59+08	\N	597cd29c61c045a5aa32a873fe96a027
158	eyJhbGciOiJIUzI1NiIsInR5cCI6IkpXVCJ9.eyJ0b2tlbl90eXBlIjoicmVmcmVzaCIsImV4cCI6MTc0MDIxMjk0NCwiaWF0IjoxNzM3NjIwOTQ0LCJqdGkiOiI5ZjhlM2I3YmQ0Njc0YzgzOTVjZjdlM2UyZGZmYjBhNSIsInVzZXJfaWQiOjF9.mgCp1lE8SRSki4LmWySy0T-mXVP_PsvYdCRkIdyFKx8	\N	2025-02-22 16:29:04+08	\N	9f8e3b7bd4674c8395cf7e3e2dffb0a5
159	eyJhbGciOiJIUzI1NiIsInR5cCI6IkpXVCJ9.eyJ0b2tlbl90eXBlIjoicmVmcmVzaCIsImV4cCI6MTc0MDIxMjk1MywiaWF0IjoxNzM3NjIwOTUzLCJqdGkiOiJiZTYzZmJlNmQyMjU0MjhkOWY5NmJlYTRhNjc5NTRkZiIsInVzZXJfaWQiOjF9.4YwROhzu95pdIYKw_PEJ0bGpq99uXvJIdsu4lkktJ1I	\N	2025-02-22 16:29:13+08	\N	be63fbe6d225428d9f96bea4a67954df
160	eyJhbGciOiJIUzI1NiIsInR5cCI6IkpXVCJ9.eyJ0b2tlbl90eXBlIjoicmVmcmVzaCIsImV4cCI6MTc0MDIxMjk1OSwiaWF0IjoxNzM3NjIwOTU5LCJqdGkiOiJhMDg1ZDdjZjllODE0YzVkODU4NjBiMmJhMmFhYmYwZiIsInVzZXJfaWQiOjF9.ls_y7ikOPqgDPiIAxeBSCWtfmcyDx2LAH4r2Qmx8hrw	\N	2025-02-22 16:29:19+08	\N	a085d7cf9e814c5d85860b2ba2aabf0f
161	eyJhbGciOiJIUzI1NiIsInR5cCI6IkpXVCJ9.eyJ0b2tlbl90eXBlIjoicmVmcmVzaCIsImV4cCI6MTc0MDIxMjk3NCwiaWF0IjoxNzM3NjIwOTc0LCJqdGkiOiI0NjhjYzU0ZjU2M2U0ODA2YTMyM2UxZGFkZDlmMWMzMyIsInVzZXJfaWQiOjF9.ChX_m_D_tlax6zMauM-pwZBCK3jtw48FboKb87_dbFQ	\N	2025-02-22 16:29:34+08	\N	468cc54f563e4806a323e1dadd9f1c33
162	eyJhbGciOiJIUzI1NiIsInR5cCI6IkpXVCJ9.eyJ0b2tlbl90eXBlIjoicmVmcmVzaCIsImV4cCI6MTc0MDIxMjk4MSwiaWF0IjoxNzM3NjIwOTgxLCJqdGkiOiI1YmE5NmZhZTU3MGY0NjA0ODcwMzk2ZWVlNDYyY2Q3NCIsInVzZXJfaWQiOjF9.JsUtz3hRQk_iXEb_wXFdvWxv0RFi86S_b6b0CYkVE3Q	\N	2025-02-22 16:29:41+08	\N	5ba96fae570f4604870396eee462cd74
163	eyJhbGciOiJIUzI1NiIsInR5cCI6IkpXVCJ9.eyJ0b2tlbl90eXBlIjoicmVmcmVzaCIsImV4cCI6MTc0MDIxMjk4OSwiaWF0IjoxNzM3NjIwOTg5LCJqdGkiOiJkNTYzZWQ1MjhjNDQ0N2QwYTIwNDBiNmQ1NmVlZDJjZSIsInVzZXJfaWQiOjF9.g7zpSnVRKxL0FMZbY_qXIHi5-2ypj-mPsRLXqbZoUQ4	\N	2025-02-22 16:29:49+08	\N	d563ed528c4447d0a2040b6d56eed2ce
164	eyJhbGciOiJIUzI1NiIsInR5cCI6IkpXVCJ9.eyJ0b2tlbl90eXBlIjoicmVmcmVzaCIsImV4cCI6MTc0MDIxMjk5OSwiaWF0IjoxNzM3NjIwOTk5LCJqdGkiOiJjYTZkYWVkNDIyZjg0YjM4OTU3Mjg5NTMxODYxOGYzZiIsInVzZXJfaWQiOjF9.2YJnOxaVs0r8u1-w5dGotFGxfHsl5tA139E6-bX1izc	\N	2025-02-22 16:29:59+08	\N	ca6daed422f84b389572895318618f3f
165	eyJhbGciOiJIUzI1NiIsInR5cCI6IkpXVCJ9.eyJ0b2tlbl90eXBlIjoicmVmcmVzaCIsImV4cCI6MTc0MDIxMzAwNiwiaWF0IjoxNzM3NjIxMDA2LCJqdGkiOiI0NzhlOWE1ZTRjYTg0ZGM1OWFkMTBkZGRiNDU3M2FkNCIsInVzZXJfaWQiOjF9.FPWiTBc_qiZNzzs363coD2fWibZGGU7-5IrScRhq0jY	\N	2025-02-22 16:30:06+08	\N	478e9a5e4ca84dc59ad10dddb4573ad4
166	eyJhbGciOiJIUzI1NiIsInR5cCI6IkpXVCJ9.eyJ0b2tlbl90eXBlIjoicmVmcmVzaCIsImV4cCI6MTc0MDIxMzAxNiwiaWF0IjoxNzM3NjIxMDE2LCJqdGkiOiI2M2FmNWRiYjhkNjU0YjkyYjY3OTc4OTYyMzAxYjFiZSIsInVzZXJfaWQiOjF9.LJq_bG8hr7XMZeTpFg-jG9IN_ZgW0j7bXH4UBfSwPuc	\N	2025-02-22 16:30:16+08	\N	63af5dbb8d654b92b67978962301b1be
167	eyJhbGciOiJIUzI1NiIsInR5cCI6IkpXVCJ9.eyJ0b2tlbl90eXBlIjoicmVmcmVzaCIsImV4cCI6MTc0MDIxMzAyMCwiaWF0IjoxNzM3NjIxMDIwLCJqdGkiOiJiZTdmZTY5ZTM0Zjg0ODUxODQ3YTUxNzdkOGRhM2ZjNCIsInVzZXJfaWQiOjF9.97W4aSgICH3zIMZ--A_GQ8NEvKhu_3IBS-FjnLOi72w	\N	2025-02-22 16:30:20+08	\N	be7fe69e34f84851847a5177d8da3fc4
168	eyJhbGciOiJIUzI1NiIsInR5cCI6IkpXVCJ9.eyJ0b2tlbl90eXBlIjoicmVmcmVzaCIsImV4cCI6MTc0MDIxMzAyOSwiaWF0IjoxNzM3NjIxMDI5LCJqdGkiOiI4YmI1ZDBiMDQ0NTk0MTExYTlhNjhjYmVhYzdiMjVkMyIsInVzZXJfaWQiOjF9.YLQDu5CmT2nMQnBfpKgTPgUToCFz9GX_MqTunYCMdJw	\N	2025-02-22 16:30:29+08	\N	8bb5d0b044594111a9a68cbeac7b25d3
169	eyJhbGciOiJIUzI1NiIsInR5cCI6IkpXVCJ9.eyJ0b2tlbl90eXBlIjoicmVmcmVzaCIsImV4cCI6MTc0MDIxMzAzMiwiaWF0IjoxNzM3NjIxMDMyLCJqdGkiOiJlOWY4MGZhYzgzNGM0NDE2OTg0MDFjOTYxODY5MDZlOCIsInVzZXJfaWQiOjF9.qrEA3j5_8-C1n2YjPg-09T9FMWQR3bzF0vdudCd0E0I	\N	2025-02-22 16:30:32+08	\N	e9f80fac834c441698401c96186906e8
170	eyJhbGciOiJIUzI1NiIsInR5cCI6IkpXVCJ9.eyJ0b2tlbl90eXBlIjoicmVmcmVzaCIsImV4cCI6MTc0MDIxMzA0NywiaWF0IjoxNzM3NjIxMDQ3LCJqdGkiOiJmZTdkOThjNjE0MmI0ZGNlOGRlZmNlZmZkMGM2OTJlYyIsInVzZXJfaWQiOjF9.m6_sryQFK8lSxtFn25BZdBbsNukurAF7qWFazx_UVyM	\N	2025-02-22 16:30:47+08	\N	fe7d98c6142b4dce8defceffd0c692ec
171	eyJhbGciOiJIUzI1NiIsInR5cCI6IkpXVCJ9.eyJ0b2tlbl90eXBlIjoicmVmcmVzaCIsImV4cCI6MTc0MDIxMzA3MywiaWF0IjoxNzM3NjIxMDczLCJqdGkiOiJhNzIzZGEyNTJhNjI0MjEzOGYzYWRkZmYwMzhhOTU2NCIsInVzZXJfaWQiOjF9.fVCO4E7Bb7vWB6V8ArkG0Wg0xM-q88WvPySfffJVbmQ	\N	2025-02-22 16:31:13+08	\N	a723da252a6242138f3addff038a9564
172	eyJhbGciOiJIUzI1NiIsInR5cCI6IkpXVCJ9.eyJ0b2tlbl90eXBlIjoicmVmcmVzaCIsImV4cCI6MTc0MDIxMzA4NSwiaWF0IjoxNzM3NjIxMDg1LCJqdGkiOiJhNTkwZDFjZWYwODg0ZjA5YjNjZmE2ODNjODA5NTlhNyIsInVzZXJfaWQiOjF9.P47FMc7ivZx0I0pAumVIQ7x97SQURfOgmKk2kJ9l3sM	\N	2025-02-22 16:31:25+08	\N	a590d1cef0884f09b3cfa683c80959a7
173	eyJhbGciOiJIUzI1NiIsInR5cCI6IkpXVCJ9.eyJ0b2tlbl90eXBlIjoicmVmcmVzaCIsImV4cCI6MTc0MDIxMzA5MCwiaWF0IjoxNzM3NjIxMDkwLCJqdGkiOiI1NjczNGFmZjJmMDg0NzVhODExZmYzNjIxNjNmNDNhZCIsInVzZXJfaWQiOjF9.x4-_hoNXwIN44oFRdxZR1i-96X4rQDN16-Dnsb8oeu0	\N	2025-02-22 16:31:30+08	\N	56734aff2f08475a811ff362163f43ad
174	eyJhbGciOiJIUzI1NiIsInR5cCI6IkpXVCJ9.eyJ0b2tlbl90eXBlIjoicmVmcmVzaCIsImV4cCI6MTc0MDIxMzEwOSwiaWF0IjoxNzM3NjIxMTA5LCJqdGkiOiI1M2U1MDJhMzFhMjU0NzMwOThhZTJhODI4MmZiNTIyMiIsInVzZXJfaWQiOjF9.661zSgt5P94f0fxn6sTXGavvn-g6FTUXNZ0cUrbbpEk	\N	2025-02-22 16:31:49+08	\N	53e502a31a25473098ae2a8282fb5222
175	eyJhbGciOiJIUzI1NiIsInR5cCI6IkpXVCJ9.eyJ0b2tlbl90eXBlIjoicmVmcmVzaCIsImV4cCI6MTc0MDIxMzEyNCwiaWF0IjoxNzM3NjIxMTI0LCJqdGkiOiJhOTRmNmViOTk2NGY0ZTZkYTYyNWUzYWQ4NjQzYjljYyIsInVzZXJfaWQiOjF9.811Ktv9Wc8sx4z8W0VLWQedl-TNcT9BiWptVn31CHsk	\N	2025-02-22 16:32:04+08	\N	a94f6eb9964f4e6da625e3ad8643b9cc
176	eyJhbGciOiJIUzI1NiIsInR5cCI6IkpXVCJ9.eyJ0b2tlbl90eXBlIjoicmVmcmVzaCIsImV4cCI6MTc0MDIxMzEyOSwiaWF0IjoxNzM3NjIxMTI5LCJqdGkiOiI4MjI1ZTQwMjZlOTM0Njc5OGUwYzY5MTMxY2U2MWU4OSIsInVzZXJfaWQiOjF9.d3505eUnMDUuSE6EQJrcXAHECKLoCpFO9NhsdAKVIVw	\N	2025-02-22 16:32:09+08	\N	8225e4026e9346798e0c69131ce61e89
177	eyJhbGciOiJIUzI1NiIsInR5cCI6IkpXVCJ9.eyJ0b2tlbl90eXBlIjoicmVmcmVzaCIsImV4cCI6MTc0MDIxMzEzOCwiaWF0IjoxNzM3NjIxMTM4LCJqdGkiOiJhNGEwODAyMjM1ZWY0YWExOGQ1ZjE5OTE5OGM0NGJjYiIsInVzZXJfaWQiOjF9.bgYhvUWNKpltCTNoAOLaoK3Qd6g8VJs36XQ0TaXy1Cs	\N	2025-02-22 16:32:18+08	\N	a4a0802235ef4aa18d5f199198c44bcb
178	eyJhbGciOiJIUzI1NiIsInR5cCI6IkpXVCJ9.eyJ0b2tlbl90eXBlIjoicmVmcmVzaCIsImV4cCI6MTc0MDIxMzE4NiwiaWF0IjoxNzM3NjIxMTg2LCJqdGkiOiIzNWRjODAxZWQ5NjA0ZjA3YWI2YjgwMWFiY2I5NDQ1ZCIsInVzZXJfaWQiOjF9.WcCBUly705ojfu54uJPyJfsl73U2nA5caX0qlHruHEw	\N	2025-02-22 16:33:06+08	\N	35dc801ed9604f07ab6b801abcb9445d
179	eyJhbGciOiJIUzI1NiIsInR5cCI6IkpXVCJ9.eyJ0b2tlbl90eXBlIjoicmVmcmVzaCIsImV4cCI6MTc0MDIxMzE5MSwiaWF0IjoxNzM3NjIxMTkxLCJqdGkiOiJlZDA2YWRmMzMxZWY0ZDUwYmZhMGNiODJkZGQxNzM4YyIsInVzZXJfaWQiOjF9._etONsRiP9h4EPGcCQHxdfjT1-xanvuYAASP1hAVg7M	\N	2025-02-22 16:33:11+08	\N	ed06adf331ef4d50bfa0cb82ddd1738c
180	eyJhbGciOiJIUzI1NiIsInR5cCI6IkpXVCJ9.eyJ0b2tlbl90eXBlIjoicmVmcmVzaCIsImV4cCI6MTc0MDIxMzE5NiwiaWF0IjoxNzM3NjIxMTk2LCJqdGkiOiJiZjFiOThiMDRiMjE0ZTMzYjAzODY5MjNkMzI2Njk5MiIsInVzZXJfaWQiOjF9.jAQU0umX4FMUCA_d4Ttrm_W3UOv1fax9u0p8YXG-xWA	\N	2025-02-22 16:33:16+08	\N	bf1b98b04b214e33b0386923d3266992
181	eyJhbGciOiJIUzI1NiIsInR5cCI6IkpXVCJ9.eyJ0b2tlbl90eXBlIjoicmVmcmVzaCIsImV4cCI6MTc0MDIxMzI1NCwiaWF0IjoxNzM3NjIxMjU0LCJqdGkiOiI2OTNjNzlhOGM0NDk0Yjk5OWFhOTRjNjVhNDQxY2E4ZCIsInVzZXJfaWQiOjF9.Q0J7t3kD0vrlxurcIc2TUWD2kM2o18P2MPVoVf2ZBN8	\N	2025-02-22 16:34:14+08	\N	693c79a8c4494b999aa94c65a441ca8d
182	eyJhbGciOiJIUzI1NiIsInR5cCI6IkpXVCJ9.eyJ0b2tlbl90eXBlIjoicmVmcmVzaCIsImV4cCI6MTc0MDIxMzI1OCwiaWF0IjoxNzM3NjIxMjU4LCJqdGkiOiJlYWMyNDhkZmNkZDM0NDdiOTNjZDUwMjUwMjAwYmEwMyIsInVzZXJfaWQiOjF9.ywWtiU_pLabXIzJavVzIlFLEBjSLgMESSxVNnlH71Oc	\N	2025-02-22 16:34:18+08	\N	eac248dfcdd3447b93cd50250200ba03
183	eyJhbGciOiJIUzI1NiIsInR5cCI6IkpXVCJ9.eyJ0b2tlbl90eXBlIjoicmVmcmVzaCIsImV4cCI6MTc0MDIxMzI2MywiaWF0IjoxNzM3NjIxMjYzLCJqdGkiOiI1NmMyMzZhZWNlM2U0ODBiYTRmZjU2MDFjNzhlYzllYiIsInVzZXJfaWQiOjF9.TR8KpD1cgwYM8M-ErbFWHaZVqofYSiHhDJDFDkRY_lU	\N	2025-02-22 16:34:23+08	\N	56c236aece3e480ba4ff5601c78ec9eb
184	eyJhbGciOiJIUzI1NiIsInR5cCI6IkpXVCJ9.eyJ0b2tlbl90eXBlIjoicmVmcmVzaCIsImV4cCI6MTc0MDIxMzI4NiwiaWF0IjoxNzM3NjIxMjg2LCJqdGkiOiJhNmM2NzhkYjhkZGQ0ZDNmYjRjMzRmNTE3YjU1N2Q0NCIsInVzZXJfaWQiOjF9.mfHbKNSljPOXihUmawwwGUDT1eOlxQZOBdSm4V1wJTE	\N	2025-02-22 16:34:46+08	\N	a6c678db8ddd4d3fb4c34f517b557d44
185	eyJhbGciOiJIUzI1NiIsInR5cCI6IkpXVCJ9.eyJ0b2tlbl90eXBlIjoicmVmcmVzaCIsImV4cCI6MTc0MDIxMzM1NywiaWF0IjoxNzM3NjIxMzU3LCJqdGkiOiIwYWRhMDQ1OTg4MmM0ZDU0YjU4NGJiNGFmYzJmN2IxMSIsInVzZXJfaWQiOjF9.pKXjmofO3b3eg2W4vdobbkvRh0yDqm2ruu7zJj_4SGs	\N	2025-02-22 16:35:57+08	\N	0ada0459882c4d54b584bb4afc2f7b11
186	eyJhbGciOiJIUzI1NiIsInR5cCI6IkpXVCJ9.eyJ0b2tlbl90eXBlIjoicmVmcmVzaCIsImV4cCI6MTc0MDIxMzM2NywiaWF0IjoxNzM3NjIxMzY3LCJqdGkiOiI5MWIzMDNkZDIyMDQ0ODdmODA5ZjQyZWE0ODk3YWRhNyIsInVzZXJfaWQiOjF9.gjvKqO6835owmr-IvVgsi96xhX9FyHj-xH-qDbRG63g	\N	2025-02-22 16:36:07+08	\N	91b303dd2204487f809f42ea4897ada7
187	eyJhbGciOiJIUzI1NiIsInR5cCI6IkpXVCJ9.eyJ0b2tlbl90eXBlIjoicmVmcmVzaCIsImV4cCI6MTc0MDIxMzM4MiwiaWF0IjoxNzM3NjIxMzgyLCJqdGkiOiIwNzFlZTQ0ZWJiZTQ0YmM5OTNmNmIwMzYwMjhiY2JhNSIsInVzZXJfaWQiOjF9.t4X89FZ0FR7YeTnNXduSdXaXYLVcYF3EKWXRxo0NLDg	\N	2025-02-22 16:36:22+08	\N	071ee44ebbe44bc993f6b036028bcba5
188	eyJhbGciOiJIUzI1NiIsInR5cCI6IkpXVCJ9.eyJ0b2tlbl90eXBlIjoicmVmcmVzaCIsImV4cCI6MTc0MDIxMzM5NiwiaWF0IjoxNzM3NjIxMzk2LCJqdGkiOiI3ZjE5NzQ5MDRmYTU0YTRkYjc1Mjk4YTAzMzk2NGVlMCIsInVzZXJfaWQiOjF9.Am6PivZDzXwenmcHdcpCSeuQLVwEFNDz8wz6jWX77Tc	\N	2025-02-22 16:36:36+08	\N	7f1974904fa54a4db75298a033964ee0
189	eyJhbGciOiJIUzI1NiIsInR5cCI6IkpXVCJ9.eyJ0b2tlbl90eXBlIjoicmVmcmVzaCIsImV4cCI6MTc0MDIxMzQwMSwiaWF0IjoxNzM3NjIxNDAxLCJqdGkiOiIwMGM5N2QxZjVmMmQ0NjQ3YjY4OTZjMTIxYzY2YmE0OCIsInVzZXJfaWQiOjF9.678n8oD89gYyroL142NbKWiwaUXYxlhUg62HCo04NzY	\N	2025-02-22 16:36:41+08	\N	00c97d1f5f2d4647b6896c121c66ba48
190	eyJhbGciOiJIUzI1NiIsInR5cCI6IkpXVCJ9.eyJ0b2tlbl90eXBlIjoicmVmcmVzaCIsImV4cCI6MTc0MDIxMzQzMiwiaWF0IjoxNzM3NjIxNDMyLCJqdGkiOiJjODE1NDIwNTJiMDk0NTc5OWZkYTI4ZTE5MDZkYWM1ZSIsInVzZXJfaWQiOjF9.fonHWY7CO2jZHZqKY4VdKkYe_8As4MejZ6Y4W2-jLCI	\N	2025-02-22 16:37:12+08	\N	c81542052b0945799fda28e1906dac5e
191	eyJhbGciOiJIUzI1NiIsInR5cCI6IkpXVCJ9.eyJ0b2tlbl90eXBlIjoicmVmcmVzaCIsImV4cCI6MTc0MDIxMzQ0MSwiaWF0IjoxNzM3NjIxNDQxLCJqdGkiOiI3Yjg2NDYxZTgxOGI0NzU3YjRkNWExZmRjNzVlNjkwNiIsInVzZXJfaWQiOjF9.IrsGhWo-PGCe2boYo50xbPB2Q3C-2wdqjkK7o0TqABE	\N	2025-02-22 16:37:21+08	\N	7b86461e818b4757b4d5a1fdc75e6906
192	eyJhbGciOiJIUzI1NiIsInR5cCI6IkpXVCJ9.eyJ0b2tlbl90eXBlIjoicmVmcmVzaCIsImV4cCI6MTc0MDIxMzQ1NSwiaWF0IjoxNzM3NjIxNDU1LCJqdGkiOiIxOGRlZGFkMTYzMDk0YmVmOGI5Y2U3ZDE3MjYyMDY1YiIsInVzZXJfaWQiOjF9.ZDp1Jfe3U6FdMHgnyb15k9r4p0MWSpSEvnYULdlEPR0	\N	2025-02-22 16:37:35+08	\N	18dedad163094bef8b9ce7d17262065b
193	eyJhbGciOiJIUzI1NiIsInR5cCI6IkpXVCJ9.eyJ0b2tlbl90eXBlIjoicmVmcmVzaCIsImV4cCI6MTc0MDIxMzQ2MiwiaWF0IjoxNzM3NjIxNDYyLCJqdGkiOiJhMDczNjU0YmI0Nzc0MjMwYTEzNzA0MWEyODdhNjU2YiIsInVzZXJfaWQiOjF9.DV3Ig9R5IyN57nMt9uFVq__nB3WLUG467Ye_kxQ_JFQ	\N	2025-02-22 16:37:42+08	\N	a073654bb4774230a137041a287a656b
194	eyJhbGciOiJIUzI1NiIsInR5cCI6IkpXVCJ9.eyJ0b2tlbl90eXBlIjoicmVmcmVzaCIsImV4cCI6MTc0MDIxMzQ4MCwiaWF0IjoxNzM3NjIxNDgwLCJqdGkiOiI0NDFkYTQ1M2Q1Njk0MTU1OTRlMDE0ZTdjNDY5MWE4YSIsInVzZXJfaWQiOjF9.PQpMpavItHbjo-jE1y50hE5IcdfOur8s6OT_lQeJP7g	\N	2025-02-22 16:38:00+08	\N	441da453d569415594e014e7c4691a8a
195	eyJhbGciOiJIUzI1NiIsInR5cCI6IkpXVCJ9.eyJ0b2tlbl90eXBlIjoicmVmcmVzaCIsImV4cCI6MTc0MDIxMzQ4NSwiaWF0IjoxNzM3NjIxNDg1LCJqdGkiOiI2OTc2YTIzMmMwMjQ0MTc3OWMxNzNhYWVmZjhjZjE1YyIsInVzZXJfaWQiOjF9.hYuTDbBi2ZOs4xByf2Zlc7S0zn66exkCqBmc4TOLZUA	\N	2025-02-22 16:38:05+08	\N	6976a232c02441779c173aaeff8cf15c
196	eyJhbGciOiJIUzI1NiIsInR5cCI6IkpXVCJ9.eyJ0b2tlbl90eXBlIjoicmVmcmVzaCIsImV4cCI6MTc0MDIxMzQ5NSwiaWF0IjoxNzM3NjIxNDk1LCJqdGkiOiJiMzcyMjg1MDNjNzQ0NDM1YjkxZmY3OTY4MTAwOTNjZSIsInVzZXJfaWQiOjF9.bBr-M5UVd8IZD8CnBxk6n7O6eeWLN5tFqv5iy0VSYoo	\N	2025-02-22 16:38:15+08	\N	b37228503c744435b91ff796810093ce
197	eyJhbGciOiJIUzI1NiIsInR5cCI6IkpXVCJ9.eyJ0b2tlbl90eXBlIjoicmVmcmVzaCIsImV4cCI6MTc0MDIxMzQ5OSwiaWF0IjoxNzM3NjIxNDk5LCJqdGkiOiJkODlkYjg3ZTUwZmE0YzM5OWNiYjljNjkwOTI2MTAyNSIsInVzZXJfaWQiOjF9.QcS1FALR2oyG-yL9EVqVvrC-GE1mhcMjK_8ZoSevlx0	\N	2025-02-22 16:38:19+08	\N	d89db87e50fa4c399cbb9c6909261025
198	eyJhbGciOiJIUzI1NiIsInR5cCI6IkpXVCJ9.eyJ0b2tlbl90eXBlIjoicmVmcmVzaCIsImV4cCI6MTc0MDIxMzUwNSwiaWF0IjoxNzM3NjIxNTA1LCJqdGkiOiJhZjUzMzUwNGFiYzg0YjE1YjcxY2RlNGZkOGE5ZmIzNCIsInVzZXJfaWQiOjF9.68o_1mkqvVgpEUzQIngvGO7xFTs_XQiIlzF5w-bRmJs	\N	2025-02-22 16:38:25+08	\N	af533504abc84b15b71cde4fd8a9fb34
199	eyJhbGciOiJIUzI1NiIsInR5cCI6IkpXVCJ9.eyJ0b2tlbl90eXBlIjoicmVmcmVzaCIsImV4cCI6MTc0MDIxMzUxMSwiaWF0IjoxNzM3NjIxNTExLCJqdGkiOiJhNDVmMzJlZWExNzg0OGMwOWRmM2Q5NzE4NTVmNTJlZiIsInVzZXJfaWQiOjF9.veZq9bq3hqOyD2OhuW77PAmIlK-BwS9VPL5cYEy9QS4	\N	2025-02-22 16:38:31+08	\N	a45f32eea17848c09df3d971855f52ef
200	eyJhbGciOiJIUzI1NiIsInR5cCI6IkpXVCJ9.eyJ0b2tlbl90eXBlIjoicmVmcmVzaCIsImV4cCI6MTc0MDIxMzUyMCwiaWF0IjoxNzM3NjIxNTIwLCJqdGkiOiJlZGI1NDg4ZTdiODA0MjJlYTlhZTRkYTY1NjA5OWRhMyIsInVzZXJfaWQiOjF9.-YdPCswf6Y7egSpIl8IdpaWc2h2G6teSypDunjjykM0	\N	2025-02-22 16:38:40+08	\N	edb5488e7b80422ea9ae4da656099da3
201	eyJhbGciOiJIUzI1NiIsInR5cCI6IkpXVCJ9.eyJ0b2tlbl90eXBlIjoicmVmcmVzaCIsImV4cCI6MTc0MDIxMzUyNiwiaWF0IjoxNzM3NjIxNTI2LCJqdGkiOiIzNzEwOTViNjVlZGE0NmUxOTU0Y2NkNDlmMzg5ODJmYSIsInVzZXJfaWQiOjF9.u7Vvgmj6fVMNjjqa8u40YQHuNrZphEZO-RVJxHJ8s3k	\N	2025-02-22 16:38:46+08	\N	371095b65eda46e1954ccd49f38982fa
202	eyJhbGciOiJIUzI1NiIsInR5cCI6IkpXVCJ9.eyJ0b2tlbl90eXBlIjoicmVmcmVzaCIsImV4cCI6MTc0MDIxMzUzNSwiaWF0IjoxNzM3NjIxNTM1LCJqdGkiOiI1NGNmYTU3OGJmYTY0ZTM1OWRlNGZmNzA2OWM1NTNiOCIsInVzZXJfaWQiOjF9.kGPr90gfjZrTtWOvpf50PXXsTh4koshRIPwkA5_qiPc	\N	2025-02-22 16:38:55+08	\N	54cfa578bfa64e359de4ff7069c553b8
203	eyJhbGciOiJIUzI1NiIsInR5cCI6IkpXVCJ9.eyJ0b2tlbl90eXBlIjoicmVmcmVzaCIsImV4cCI6MTc0MDIxMzU0MSwiaWF0IjoxNzM3NjIxNTQxLCJqdGkiOiJjY2ZjMDg3YTUxZDY0NzFhODYwODBlNmY0MDI3OWUyZCIsInVzZXJfaWQiOjF9.tYw-6N6L1Ff6CKt0CiywywVrDUVpEHo8PTljOV3_iDo	\N	2025-02-22 16:39:01+08	\N	ccfc087a51d6471a86080e6f40279e2d
204	eyJhbGciOiJIUzI1NiIsInR5cCI6IkpXVCJ9.eyJ0b2tlbl90eXBlIjoicmVmcmVzaCIsImV4cCI6MTc0MDIxMzU1MiwiaWF0IjoxNzM3NjIxNTUyLCJqdGkiOiJlZDNhOGEwZTk5ODk0Yjc3ODE3MjE2NzE3ZTY5OGE2NSIsInVzZXJfaWQiOjF9.yO3B-A3-z9uX2ljN-gPynJxqM1deVHMSlLgl6NCxH7A	\N	2025-02-22 16:39:12+08	\N	ed3a8a0e99894b77817216717e698a65
205	eyJhbGciOiJIUzI1NiIsInR5cCI6IkpXVCJ9.eyJ0b2tlbl90eXBlIjoicmVmcmVzaCIsImV4cCI6MTc0MDIxMzU2MCwiaWF0IjoxNzM3NjIxNTYwLCJqdGkiOiJmOWI2NzAxNzRjMDc0ZWMzYjNkZTUxYmMzOTVhZjlkMiIsInVzZXJfaWQiOjF9.4iylreiicvB5u9Mje8RFyhr0LmbONxyzjf7d7aFDUc8	\N	2025-02-22 16:39:20+08	\N	f9b670174c074ec3b3de51bc395af9d2
206	eyJhbGciOiJIUzI1NiIsInR5cCI6IkpXVCJ9.eyJ0b2tlbl90eXBlIjoicmVmcmVzaCIsImV4cCI6MTc0MDIxMzU3MCwiaWF0IjoxNzM3NjIxNTcwLCJqdGkiOiIyNjU2Y2QxYzA2MjQ0MTUzYTlmN2MxMjU3MzE4NzEzYiIsInVzZXJfaWQiOjF9.sLkj909ZTZ745O3E0RcFw_gTKHslJpvIbQfGACS57yk	\N	2025-02-22 16:39:30+08	\N	2656cd1c06244153a9f7c1257318713b
207	eyJhbGciOiJIUzI1NiIsInR5cCI6IkpXVCJ9.eyJ0b2tlbl90eXBlIjoicmVmcmVzaCIsImV4cCI6MTc0MDIxMzU3OCwiaWF0IjoxNzM3NjIxNTc4LCJqdGkiOiIwZGM1ZDlmYzNiMDA0ZjJlOTc1NjU4YWE2YTRiODZkMiIsInVzZXJfaWQiOjF9.VFleMSDneaUiqEn2bLZSDCnS5TQmsliY5ntdXHiU4J8	\N	2025-02-22 16:39:38+08	\N	0dc5d9fc3b004f2e975658aa6a4b86d2
208	eyJhbGciOiJIUzI1NiIsInR5cCI6IkpXVCJ9.eyJ0b2tlbl90eXBlIjoicmVmcmVzaCIsImV4cCI6MTc0MDIxMzU4MywiaWF0IjoxNzM3NjIxNTgzLCJqdGkiOiI4MTBjNTEwYjBiOTM0MGJhOWIyMzdjMWRjYTgzMWFkMyIsInVzZXJfaWQiOjF9.Wark-mgXOikeF-jmuW2tUhHYzyJdw2XXl4A1jjwqYL4	\N	2025-02-22 16:39:43+08	\N	810c510b0b9340ba9b237c1dca831ad3
209	eyJhbGciOiJIUzI1NiIsInR5cCI6IkpXVCJ9.eyJ0b2tlbl90eXBlIjoicmVmcmVzaCIsImV4cCI6MTc0MDIxMzU5MiwiaWF0IjoxNzM3NjIxNTkyLCJqdGkiOiIwNWE2YjVhZTYwZjY0ZGE4YWE1MjBlZmRhYTZkODg2YiIsInVzZXJfaWQiOjF9.G87UwePRB8i8RcQVKybC2pKN7m0kG3adI8RZH0Jyy84	\N	2025-02-22 16:39:52+08	\N	05a6b5ae60f64da8aa520efdaa6d886b
210	eyJhbGciOiJIUzI1NiIsInR5cCI6IkpXVCJ9.eyJ0b2tlbl90eXBlIjoicmVmcmVzaCIsImV4cCI6MTc0MDIxMzU5OCwiaWF0IjoxNzM3NjIxNTk4LCJqdGkiOiI5NzFkZTA3ZTMwNzA0ZGFhODQwZGU0ZTZiNWMyYzM1YiIsInVzZXJfaWQiOjF9.T_EHLqdyLjDuok4cVb3xaS3jpZDyimjNRzX-MvdVSRM	\N	2025-02-22 16:39:58+08	\N	971de07e30704daa840de4e6b5c2c35b
211	eyJhbGciOiJIUzI1NiIsInR5cCI6IkpXVCJ9.eyJ0b2tlbl90eXBlIjoicmVmcmVzaCIsImV4cCI6MTc0MDIxMzY0MywiaWF0IjoxNzM3NjIxNjQzLCJqdGkiOiJmMmY0MTU5ZWM2ZWU0NWYyODgzYTA5YzEwY2Y5YjFlZCIsInVzZXJfaWQiOjF9.e0MB0VLD2OOeuAn_uiiNtgUZO2BKFQWzxiSraZfgeWk	\N	2025-02-22 16:40:43+08	\N	f2f4159ec6ee45f2883a09c10cf9b1ed
212	eyJhbGciOiJIUzI1NiIsInR5cCI6IkpXVCJ9.eyJ0b2tlbl90eXBlIjoicmVmcmVzaCIsImV4cCI6MTc0MDIxNDY2MSwiaWF0IjoxNzM3NjIyNjYxLCJqdGkiOiI1Mjc2OWFiZTRmNGY0OWM3OWM1ZmVkNmYzYWMyYzU0MSIsInVzZXJfaWQiOjF9.2voNBULQdka-ziG9ugJ1gOJCd40LvwD4Y224evFi_b4	\N	2025-02-22 16:57:41+08	\N	52769abe4f4f49c79c5fed6f3ac2c541
213	eyJhbGciOiJIUzI1NiIsInR5cCI6IkpXVCJ9.eyJ0b2tlbl90eXBlIjoicmVmcmVzaCIsImV4cCI6MTc0MDIxNDY2NiwiaWF0IjoxNzM3NjIyNjY2LCJqdGkiOiJhY2ZhYmY3MTUxZmI0ZTU3YWY1ZDEzNWZmNWUyMDRiMCIsInVzZXJfaWQiOjF9.nk8LL8gf8_3R818zGEHqzMsJYpj8EeESvMT0WtSclQY	\N	2025-02-22 16:57:46+08	\N	acfabf7151fb4e57af5d135ff5e204b0
214	eyJhbGciOiJIUzI1NiIsInR5cCI6IkpXVCJ9.eyJ0b2tlbl90eXBlIjoicmVmcmVzaCIsImV4cCI6MTc0MDIxNDY4NCwiaWF0IjoxNzM3NjIyNjg0LCJqdGkiOiI3Y2U4ZjhiNGMzZTU0OTEzODE5ODgzYjkyZTYzYmZlZCIsInVzZXJfaWQiOjF9.nxG8J_llYsoUZCtyXOzyivtbqsaK9MeuqBpN1QbxEsA	\N	2025-02-22 16:58:04+08	\N	7ce8f8b4c3e54913819883b92e63bfed
215	eyJhbGciOiJIUzI1NiIsInR5cCI6IkpXVCJ9.eyJ0b2tlbl90eXBlIjoicmVmcmVzaCIsImV4cCI6MTc0MDIxNDY5MiwiaWF0IjoxNzM3NjIyNjkyLCJqdGkiOiIyZmM4N2YwMTZlN2I0N2ZjODA2YWJlMWJiZDRkYmViZCIsInVzZXJfaWQiOjF9.svqX5H1do4KeZVfHxCyyMWoXv_vEoqdBoEsC9yjDuFM	\N	2025-02-22 16:58:12+08	\N	2fc87f016e7b47fc806abe1bbd4dbebd
216	eyJhbGciOiJIUzI1NiIsInR5cCI6IkpXVCJ9.eyJ0b2tlbl90eXBlIjoicmVmcmVzaCIsImV4cCI6MTc0MDIxNDY5NywiaWF0IjoxNzM3NjIyNjk3LCJqdGkiOiJkOTljNzViNTI4NTE0MTM3YjM1YWEyZTBmOGFiNzY0YSIsInVzZXJfaWQiOjF9.FW_5UhxLxQLs7zKMXusBpcMbMUbuZRcwHp7CJHI7RTc	\N	2025-02-22 16:58:17+08	\N	d99c75b528514137b35aa2e0f8ab764a
217	eyJhbGciOiJIUzI1NiIsInR5cCI6IkpXVCJ9.eyJ0b2tlbl90eXBlIjoicmVmcmVzaCIsImV4cCI6MTc0MDIxNTM4NCwiaWF0IjoxNzM3NjIzMzg0LCJqdGkiOiIzM2VkNjNkZjAzNGQ0M2Q1ODU1ZDNlOTlkZDVmZThjZCIsInVzZXJfaWQiOjF9.yFFWfel5quRCc35RY2FDkkAjBzZe3WplVQAMijM3fC4	\N	2025-02-22 17:09:44+08	\N	33ed63df034d43d5855d3e99dd5fe8cd
218	eyJhbGciOiJIUzI1NiIsInR5cCI6IkpXVCJ9.eyJ0b2tlbl90eXBlIjoicmVmcmVzaCIsImV4cCI6MTc0MDIxNTM4OSwiaWF0IjoxNzM3NjIzMzg5LCJqdGkiOiIzMGNkNzNlOTUwYzY0NjE2OWFiMGIyMjM0NTdkZjgxZiIsInVzZXJfaWQiOjF9.WLyf3pthjZFF-TTLhhy51hAkUr-9XFJW0GNkplPRmgg	\N	2025-02-22 17:09:49+08	\N	30cd73e950c646169ab0b223457df81f
219	eyJhbGciOiJIUzI1NiIsInR5cCI6IkpXVCJ9.eyJ0b2tlbl90eXBlIjoicmVmcmVzaCIsImV4cCI6MTc0MDIxNTQwOSwiaWF0IjoxNzM3NjIzNDA5LCJqdGkiOiJmZGI2YWQwZTYxYTk0MWUyYjFiZTA1M2NlZDk5MzhmYyIsInVzZXJfaWQiOjF9.E4PpzngvNGxN_YFfybpZvLiPXlnawkezOPNQjFoLacU	\N	2025-02-22 17:10:09+08	\N	fdb6ad0e61a941e2b1be053ced9938fc
220	eyJhbGciOiJIUzI1NiIsInR5cCI6IkpXVCJ9.eyJ0b2tlbl90eXBlIjoicmVmcmVzaCIsImV4cCI6MTc0MDIxNTU1NiwiaWF0IjoxNzM3NjIzNTU2LCJqdGkiOiJjZWQ3MjA1ZTgxYTg0ODRkYjQ0NDQ0MmMzM2U5NjI4NiIsInVzZXJfaWQiOjF9.A4RwNwkfbTTjsa3MLrCNt8uqTj1Q0bJdT4xGAedqIDs	\N	2025-02-22 17:12:36+08	\N	ced7205e81a8484db444442c33e96286
221	eyJhbGciOiJIUzI1NiIsInR5cCI6IkpXVCJ9.eyJ0b2tlbl90eXBlIjoicmVmcmVzaCIsImV4cCI6MTc0MDIxNTU5MSwiaWF0IjoxNzM3NjIzNTkxLCJqdGkiOiI3ZmZlOGVjNTZlYmE0NGJiOGY0NTIxNjQ1ZWQ1ZjExYyIsInVzZXJfaWQiOjF9.I23iWlqxrx8obpn5aPKxG8_zMJgcftfvUKy_w-CHiUg	\N	2025-02-22 17:13:11+08	\N	7ffe8ec56eba44bb8f4521645ed5f11c
222	eyJhbGciOiJIUzI1NiIsInR5cCI6IkpXVCJ9.eyJ0b2tlbl90eXBlIjoicmVmcmVzaCIsImV4cCI6MTc0MDIxNjU2NSwiaWF0IjoxNzM3NjI0NTY1LCJqdGkiOiJhY2YyNThkYmM2YjA0ZDk5OWFhNTdjMmIwNWRiOGFlMiIsInVzZXJfaWQiOjF9.4uVc7tLsG-Z3eFgKHVYDmBIUqWM5PxODf65ueFWUgnM	\N	2025-02-22 17:29:25+08	\N	acf258dbc6b04d999aa57c2b05db8ae2
223	eyJhbGciOiJIUzI1NiIsInR5cCI6IkpXVCJ9.eyJ0b2tlbl90eXBlIjoicmVmcmVzaCIsImV4cCI6MTc0MDIxNjU5NSwiaWF0IjoxNzM3NjI0NTk1LCJqdGkiOiI4NDVmZjliZTMxOTc0MjEwYTNhZWUwMjk3NWZhMjkxOSIsInVzZXJfaWQiOjF9.yDw_TvDbF_CEfmJuQey_NTI_maTA3k8g8NVCCwZurIk	\N	2025-02-22 17:29:55+08	\N	845ff9be31974210a3aee02975fa2919
224	eyJhbGciOiJIUzI1NiIsInR5cCI6IkpXVCJ9.eyJ0b2tlbl90eXBlIjoicmVmcmVzaCIsImV4cCI6MTc0MDIxNjY4OSwiaWF0IjoxNzM3NjI0Njg5LCJqdGkiOiI5YWM2M2ExMGFkMjA0ZmVhYmI5ZWUxZDgwYjNiNmY3NCIsInVzZXJfaWQiOjF9.QrmhI3LjFFH-9oMimYMqASMIAtpNFbXVriGhPNn-qgc	\N	2025-02-22 17:31:29+08	\N	9ac63a10ad204feabb9ee1d80b3b6f74
225	eyJhbGciOiJIUzI1NiIsInR5cCI6IkpXVCJ9.eyJ0b2tlbl90eXBlIjoicmVmcmVzaCIsImV4cCI6MTc0MDIxNzg4OSwiaWF0IjoxNzM3NjI1ODg5LCJqdGkiOiI4NDk5ZDdkOTk2YTI0MjI4YTViYjA4NDg1ZDZhNTNjOSIsInVzZXJfaWQiOjF9.n3PwwRq2S8qSdkQhXf9J3-JnQbJvUdXyVg_gWAPQxk0	\N	2025-02-22 17:51:29+08	\N	8499d7d996a24228a5bb08485d6a53c9
226	eyJhbGciOiJIUzI1NiIsInR5cCI6IkpXVCJ9.eyJ0b2tlbl90eXBlIjoicmVmcmVzaCIsImV4cCI6MTc0MDIxODcxNiwiaWF0IjoxNzM3NjI2NzE2LCJqdGkiOiI4ZjBmOTNkYWM1Y2E0YzBkODE2MzNjNGZhOWJjMTRjYyIsInVzZXJfaWQiOjF9.i_MdcVX2VBcSU8FawVhAp36PeKu0lnnEltqtJYKaNTo	\N	2025-02-22 18:05:16+08	\N	8f0f93dac5ca4c0d81633c4fa9bc14cc
227	eyJhbGciOiJIUzI1NiIsInR5cCI6IkpXVCJ9.eyJ0b2tlbl90eXBlIjoicmVmcmVzaCIsImV4cCI6MTc0MDIxODc2MiwiaWF0IjoxNzM3NjI2NzYyLCJqdGkiOiJiNGE2MWFlY2IzNGY0MGQzOGRhMzY4MDRmNTgyOGIxNyIsInVzZXJfaWQiOjF9.1Jdan-cs8_vlhmO4RU_yQrNZ6Jsxe3X51amRzJoejYw	\N	2025-02-22 18:06:02+08	\N	b4a61aecb34f40d38da36804f5828b17
228	eyJhbGciOiJIUzI1NiIsInR5cCI6IkpXVCJ9.eyJ0b2tlbl90eXBlIjoicmVmcmVzaCIsImV4cCI6MTc0MDIxODc4MCwiaWF0IjoxNzM3NjI2NzgwLCJqdGkiOiIxZmNlYWMwNTUzYTI0NjgzODA3NmE0YmQwZjVjZTI5ZSIsInVzZXJfaWQiOjF9.lfXDYVJOCHTWdrsIihtN5rL5u_lhSM-60tRkVVLWy2o	\N	2025-02-22 18:06:20+08	\N	1fceac0553a246838076a4bd0f5ce29e
229	eyJhbGciOiJIUzI1NiIsInR5cCI6IkpXVCJ9.eyJ0b2tlbl90eXBlIjoicmVmcmVzaCIsImV4cCI6MTc0MDIxODgzOCwiaWF0IjoxNzM3NjI2ODM4LCJqdGkiOiI0YjFjZTVhMTQxOGU0NzYyOWMzZTcxNjc2ZGJkNDFlMyIsInVzZXJfaWQiOjF9.okp-S--mxmLRhwWPQbwALovuXDT5lyfD2omqRZ8kMjA	\N	2025-02-22 18:07:18+08	\N	4b1ce5a1418e47629c3e71676dbd41e3
230	eyJhbGciOiJIUzI1NiIsInR5cCI6IkpXVCJ9.eyJ0b2tlbl90eXBlIjoicmVmcmVzaCIsImV4cCI6MTc0MDIxODg0MSwiaWF0IjoxNzM3NjI2ODQxLCJqdGkiOiI3YTdlYzRiNzVmZTM0YmMxODFiYzY5MTRlODNmZTFjNiIsInVzZXJfaWQiOjF9.aokOygDbEICMQcg9v9S_05oLCr3ZAGSwzvd7UpNKvB0	\N	2025-02-22 18:07:21+08	\N	7a7ec4b75fe34bc181bc6914e83fe1c6
231	eyJhbGciOiJIUzI1NiIsInR5cCI6IkpXVCJ9.eyJ0b2tlbl90eXBlIjoicmVmcmVzaCIsImV4cCI6MTc0MDIxODkwMywiaWF0IjoxNzM3NjI2OTAzLCJqdGkiOiJlMzhlMGFiZWVhOWY0NGFjOWYyOGU4NDE1MDYwNGQ3MiIsInVzZXJfaWQiOjF9.xKUpCDDwkhe-aUtKTQBGCPbpxRGbIyFBJgF6FIISFCs	\N	2025-02-22 18:08:23+08	\N	e38e0abeea9f44ac9f28e84150604d72
232	eyJhbGciOiJIUzI1NiIsInR5cCI6IkpXVCJ9.eyJ0b2tlbl90eXBlIjoicmVmcmVzaCIsImV4cCI6MTc0MDIxODk0NSwiaWF0IjoxNzM3NjI2OTQ1LCJqdGkiOiI1ZTc1YWQ3ZDYwMjM0MDBiODlhYTViY2YzNWNkOWM4YiIsInVzZXJfaWQiOjF9.XI_bkQMugpTk2aAuHVxT6bo2Y-QYJQNIzwtUV9EddFg	\N	2025-02-22 18:09:05+08	\N	5e75ad7d6023400b89aa5bcf35cd9c8b
233	eyJhbGciOiJIUzI1NiIsInR5cCI6IkpXVCJ9.eyJ0b2tlbl90eXBlIjoicmVmcmVzaCIsImV4cCI6MTc0MDIxODk5MywiaWF0IjoxNzM3NjI2OTkzLCJqdGkiOiI3ZjdjZDgxNjA0YmQ0MDYyOWVkYzdkZjc3YzZlOTBiMyIsInVzZXJfaWQiOjF9.cPtaFCAgU4anEe5UnWbNFqREQ5TABBlaitEE7ako5AE	\N	2025-02-22 18:09:53+08	\N	7f7cd81604bd40629edc7df77c6e90b3
234	eyJhbGciOiJIUzI1NiIsInR5cCI6IkpXVCJ9.eyJ0b2tlbl90eXBlIjoicmVmcmVzaCIsImV4cCI6MTc0MDIxOTEzMywiaWF0IjoxNzM3NjI3MTMzLCJqdGkiOiJkNGRmODE1MGUyNzE0YzU5Yjk2MDkxOGE4YTFmMjQ3OCIsInVzZXJfaWQiOjF9.tUGJ39lohuepubcs-aLjNn7Qo1bkO8Gr80JkxtEZaSE	\N	2025-02-22 18:12:13+08	\N	d4df8150e2714c59b960918a8a1f2478
235	eyJhbGciOiJIUzI1NiIsInR5cCI6IkpXVCJ9.eyJ0b2tlbl90eXBlIjoicmVmcmVzaCIsImV4cCI6MTc0MDIxOTIxMCwiaWF0IjoxNzM3NjI3MjEwLCJqdGkiOiI1ZDNmYTVjYWJlMTk0ZDJmYWUwOTFkOTQ3YmM4MzcwMCIsInVzZXJfaWQiOjF9.JaU9B_aJQsiaPOEuQP_VQwGbPiVQVF9UderAdVe3DZI	\N	2025-02-22 18:13:30+08	\N	5d3fa5cabe194d2fae091d947bc83700
236	eyJhbGciOiJIUzI1NiIsInR5cCI6IkpXVCJ9.eyJ0b2tlbl90eXBlIjoicmVmcmVzaCIsImV4cCI6MTc0MDIxOTk0MiwiaWF0IjoxNzM3NjI3OTQyLCJqdGkiOiJmOGQwOTQ0M2Q0ZDg0OWEyYTVhZDQxMmI2N2E3OWY2NiIsInVzZXJfaWQiOjF9.pwQi2FcE8BOygS-F3sp8C1jVxQ4dZ5vA2wNDoPJl1iY	\N	2025-02-22 18:25:42+08	\N	f8d09443d4d849a2a5ad412b67a79f66
237	eyJhbGciOiJIUzI1NiIsInR5cCI6IkpXVCJ9.eyJ0b2tlbl90eXBlIjoicmVmcmVzaCIsImV4cCI6MTc0MDIyMDExNSwiaWF0IjoxNzM3NjI4MTE1LCJqdGkiOiIyNjM3MzNiNmFlMDk0MGQ4OWI5ZTlmM2IwNzhiNTBkZiIsInVzZXJfaWQiOjF9.LWaen1WwnEQlpY-74gio3Bqv0yibaB3MVABuQjCnhPM	\N	2025-02-22 18:28:35+08	\N	263733b6ae0940d89b9e9f3b078b50df
238	eyJhbGciOiJIUzI1NiIsInR5cCI6IkpXVCJ9.eyJ0b2tlbl90eXBlIjoicmVmcmVzaCIsImV4cCI6MTc0MDIyMDIwNSwiaWF0IjoxNzM3NjI4MjA1LCJqdGkiOiJjMGFkODA1YjgwMDA0NTAxOGU3YWQ2ZWZkYWYxODRhNCIsInVzZXJfaWQiOjF9.MdMi7S4tCESliCLyUs2A8B5x7skszOQtyT4rR8W1LmE	\N	2025-02-22 18:30:05+08	\N	c0ad805b800045018e7ad6efdaf184a4
239	eyJhbGciOiJIUzI1NiIsInR5cCI6IkpXVCJ9.eyJ0b2tlbl90eXBlIjoicmVmcmVzaCIsImV4cCI6MTc0MDIyMDIxNCwiaWF0IjoxNzM3NjI4MjE0LCJqdGkiOiI0ZTkwMGIzNmE3MDA0ZmMxOWM3MzAyYTEwMmM2ODNmYiIsInVzZXJfaWQiOjF9.R5xYcEjorb80YQ1fqRMUyMkvw606V-EEaZw5y082JOQ	\N	2025-02-22 18:30:14+08	\N	4e900b36a7004fc19c7302a102c683fb
240	eyJhbGciOiJIUzI1NiIsInR5cCI6IkpXVCJ9.eyJ0b2tlbl90eXBlIjoicmVmcmVzaCIsImV4cCI6MTc0MDIyMDI0NCwiaWF0IjoxNzM3NjI4MjQ0LCJqdGkiOiIxYjIwYzVjYTI1MDU0YmViYTlkOGQxY2ZmODU3YmZjOSIsInVzZXJfaWQiOjF9.LMuJfKGGqoYD7eFVjaej-T_Biv0GokgF6pbiZDng8sw	\N	2025-02-22 18:30:44+08	\N	1b20c5ca25054beba9d8d1cff857bfc9
241	eyJhbGciOiJIUzI1NiIsInR5cCI6IkpXVCJ9.eyJ0b2tlbl90eXBlIjoicmVmcmVzaCIsImV4cCI6MTc0MDIyMDMxOCwiaWF0IjoxNzM3NjI4MzE4LCJqdGkiOiJkMTIyOGRjY2FiZGI0M2RiYWJmOTBhODIxZGFhNjJhYyIsInVzZXJfaWQiOjF9.HGHOV1NpfeoMTLVRoaruBOxgxY2K7F8jysahGWIOKvo	\N	2025-02-22 18:31:58+08	\N	d1228dccabdb43dbabf90a821daa62ac
242	eyJhbGciOiJIUzI1NiIsInR5cCI6IkpXVCJ9.eyJ0b2tlbl90eXBlIjoicmVmcmVzaCIsImV4cCI6MTc0MDIyMDMyNywiaWF0IjoxNzM3NjI4MzI3LCJqdGkiOiJjNDk3NGRkZjY5NTI0ZDM3OGE4NjExMWQ3Y2E2MDFhYiIsInVzZXJfaWQiOjF9.akkpVyXBruywGnqBqH17VqhnLLv-GjQZ-T7-e4baDkg	\N	2025-02-22 18:32:07+08	\N	c4974ddf69524d378a86111d7ca601ab
243	eyJhbGciOiJIUzI1NiIsInR5cCI6IkpXVCJ9.eyJ0b2tlbl90eXBlIjoicmVmcmVzaCIsImV4cCI6MTc0MDIyMDQyNSwiaWF0IjoxNzM3NjI4NDI1LCJqdGkiOiI1Y2FiYjRkMTM4ZDg0NWI0OWI2NzliYjA3ZWNlZGNjMCIsInVzZXJfaWQiOjF9.xRVVP-uASun89u0Ovhz112tNZ3qYNMw1IMSEB9hS5Bo	\N	2025-02-22 18:33:45+08	\N	5cabb4d138d845b49b679bb07ecedcc0
244	eyJhbGciOiJIUzI1NiIsInR5cCI6IkpXVCJ9.eyJ0b2tlbl90eXBlIjoicmVmcmVzaCIsImV4cCI6MTc0MDIyMDk1NCwiaWF0IjoxNzM3NjI4OTU0LCJqdGkiOiJkNGYzMjc0YWI2MzM0NTE5OTExZTllNWI3ZjhmNTlkZSIsInVzZXJfaWQiOjF9.qqnIHnDjvUaNT7xi-aWMblZ8gv4GWAH52TGz12--Tmw	\N	2025-02-22 18:42:34+08	\N	d4f3274ab6334519911e9e5b7f8f59de
245	eyJhbGciOiJIUzI1NiIsInR5cCI6IkpXVCJ9.eyJ0b2tlbl90eXBlIjoicmVmcmVzaCIsImV4cCI6MTc0MDIyMTEwMCwiaWF0IjoxNzM3NjI5MTAwLCJqdGkiOiJkN2M1N2UwYTU4M2Y0ZjNkODgzYjhjNDQ1ZmU0MTU0MCIsInVzZXJfaWQiOjF9.0QP2U08l2KyP0PgjxTVL24CNNdVBSaGOCcXloaBirhI	\N	2025-02-22 18:45:00+08	\N	d7c57e0a583f4f3d883b8c445fe41540
246	eyJhbGciOiJIUzI1NiIsInR5cCI6IkpXVCJ9.eyJ0b2tlbl90eXBlIjoicmVmcmVzaCIsImV4cCI6MTc0MDIyMTMwMCwiaWF0IjoxNzM3NjI5MzAwLCJqdGkiOiI0MTdhMmMzNThkMTQ0NGRkODIxNjU1ZTRjN2YzZWM5ZiIsInVzZXJfaWQiOjF9.kCOtS370NrAYMiYGmpxCMoY0mZGdWAh5m9BV8huXKz0	\N	2025-02-22 18:48:20+08	\N	417a2c358d1444dd821655e4c7f3ec9f
247	eyJhbGciOiJIUzI1NiIsInR5cCI6IkpXVCJ9.eyJ0b2tlbl90eXBlIjoicmVmcmVzaCIsImV4cCI6MTc0MDIyNDU0MCwiaWF0IjoxNzM3NjMyNTQwLCJqdGkiOiJkNmFlMGEyYWFmYjc0NmZjOTdkYTkxM2RiMGI5ZDdiYyIsInVzZXJfaWQiOjF9.NXLB67eEGCAAqH1qrnD9JwemdKzU6g3LIe2ebla6VqE	\N	2025-02-22 19:42:20+08	\N	d6ae0a2aafb746fc97da913db0b9d7bc
248	eyJhbGciOiJIUzI1NiIsInR5cCI6IkpXVCJ9.eyJ0b2tlbl90eXBlIjoicmVmcmVzaCIsImV4cCI6MTc0MDIyNTkyNywiaWF0IjoxNzM3NjMzOTI3LCJqdGkiOiIwMzQzOThjN2E2NDU0NjEzYTRhODdlZDI2OTY2MjIwNiIsInVzZXJfaWQiOjF9.M_nfRISCfZnlETXA5-HVcbAplLYLUN4VdtHR5bGPiU8	\N	2025-02-22 20:05:27+08	\N	034398c7a6454613a4a87ed269662206
249	eyJhbGciOiJIUzI1NiIsInR5cCI6IkpXVCJ9.eyJ0b2tlbl90eXBlIjoicmVmcmVzaCIsImV4cCI6MTc0MDIyNjAzNSwiaWF0IjoxNzM3NjM0MDM1LCJqdGkiOiJhN2Y3MmY4YzQzNzU0ODVjODQyZTMxMGRjNWNhNTY1ZSIsInVzZXJfaWQiOjF9.QzuKBOLajfwvpjVhA-GRaSCLc4bLfozdL3LihuTVYiE	\N	2025-02-22 20:07:15+08	\N	a7f72f8c4375485c842e310dc5ca565e
250	eyJhbGciOiJIUzI1NiIsInR5cCI6IkpXVCJ9.eyJ0b2tlbl90eXBlIjoicmVmcmVzaCIsImV4cCI6MTc0MDIyNjMwNywiaWF0IjoxNzM3NjM0MzA3LCJqdGkiOiIyZThkYWEzOTcyNjQ0NDQzODVlNGI3NWFjNDhjYjU5YiIsInVzZXJfaWQiOjF9.wbq3M0Y0JnsZdNJG_eqyY9YrO7yXI6nrBy0di6aWTTo	\N	2025-02-22 20:11:47+08	\N	2e8daa397264444385e4b75ac48cb59b
251	eyJhbGciOiJIUzI1NiIsInR5cCI6IkpXVCJ9.eyJ0b2tlbl90eXBlIjoicmVmcmVzaCIsImV4cCI6MTc0MDIyNjQ5OSwiaWF0IjoxNzM3NjM0NDk5LCJqdGkiOiIyYjM3OTRiMTc2YTM0ZjMxYmY3NzkxYjM1ZmUxZDQ3NCIsInVzZXJfaWQiOjF9.8Uu-0ZwVTceSeIBMujmq7WyfkmOGL7VNLrGpuXcmzuc	\N	2025-02-22 20:14:59+08	\N	2b3794b176a34f31bf7791b35fe1d474
252	eyJhbGciOiJIUzI1NiIsInR5cCI6IkpXVCJ9.eyJ0b2tlbl90eXBlIjoicmVmcmVzaCIsImV4cCI6MTc0MDIyNjU5OCwiaWF0IjoxNzM3NjM0NTk4LCJqdGkiOiJjMTViOWVhZDE2OGI0OWM4YmIzZTgxZTAxMTdmN2ZkYiIsInVzZXJfaWQiOjF9.aG4saztN1E45UmpNAplwTmdnAXJkGZIzqGGpvmkVHuU	\N	2025-02-22 20:16:38+08	\N	c15b9ead168b49c8bb3e81e0117f7fdb
253	eyJhbGciOiJIUzI1NiIsInR5cCI6IkpXVCJ9.eyJ0b2tlbl90eXBlIjoicmVmcmVzaCIsImV4cCI6MTc0MDIyNjY0OSwiaWF0IjoxNzM3NjM0NjQ5LCJqdGkiOiI3MGJlMTMxMGM2NjY0NzI1ODYwNDNiYWM1OTIxMmNkNiIsInVzZXJfaWQiOjF9.lKt2MrR-rnRDS03fbuHtcd_w_r-PSpxkz5C10duVBmg	\N	2025-02-22 20:17:29+08	\N	70be1310c666472586043bac59212cd6
254	eyJhbGciOiJIUzI1NiIsInR5cCI6IkpXVCJ9.eyJ0b2tlbl90eXBlIjoicmVmcmVzaCIsImV4cCI6MTc0MDIyNjcwMiwiaWF0IjoxNzM3NjM0NzAyLCJqdGkiOiIyZTQyYmM3MGMyYjg0YTk0YTE0Y2NhNjIyN2IzNjBmMyIsInVzZXJfaWQiOjF9.CkQv138RdAE5wp7gFqDpkqNbxqPnmy6yHgCocCMg7kk	\N	2025-02-22 20:18:22+08	\N	2e42bc70c2b84a94a14cca6227b360f3
255	eyJhbGciOiJIUzI1NiIsInR5cCI6IkpXVCJ9.eyJ0b2tlbl90eXBlIjoicmVmcmVzaCIsImV4cCI6MTc0MDIyNjcyNSwiaWF0IjoxNzM3NjM0NzI1LCJqdGkiOiI5OGIwYzc2ODg1ZmU0ZTY0OWQ1OTljNTUyYTlkNGZjNSIsInVzZXJfaWQiOjF9.DIEIYzt6EedJEejYB7fmZbiux6dg4vibNb3TpeukqkM	\N	2025-02-22 20:18:45+08	\N	98b0c76885fe4e649d599c552a9d4fc5
256	eyJhbGciOiJIUzI1NiIsInR5cCI6IkpXVCJ9.eyJ0b2tlbl90eXBlIjoicmVmcmVzaCIsImV4cCI6MTc0MDIyNjc2OSwiaWF0IjoxNzM3NjM0NzY5LCJqdGkiOiJiNWQ4YzVlOGZkZDc0ZTAyOTA0ZWZmY2FiZGU1ODk2MSIsInVzZXJfaWQiOjF9.5d4VRjCzJ-V8DFRegIyM0ny9jY6vDH2ipKc_7p2AjqU	\N	2025-02-22 20:19:29+08	\N	b5d8c5e8fdd74e02904effcabde58961
257	eyJhbGciOiJIUzI1NiIsInR5cCI6IkpXVCJ9.eyJ0b2tlbl90eXBlIjoicmVmcmVzaCIsImV4cCI6MTc0MDIzODEwNywiaWF0IjoxNzM3NjQ2MTA3LCJqdGkiOiIwZGZjNTU3ZDlkMzM0ZWEwYTcwNGMwM2M3MDYzNzJlNSIsInVzZXJfaWQiOjF9.feIO-amp8aMs4Ll1WiRgivE9CxY1sAYS0LNO7qGwN1o	\N	2025-02-22 23:28:27+08	\N	0dfc557d9d334ea0a704c03c706372e5
258	eyJhbGciOiJIUzI1NiIsInR5cCI6IkpXVCJ9.eyJ0b2tlbl90eXBlIjoicmVmcmVzaCIsImV4cCI6MTc0MTMzOTAyMCwiaWF0IjoxNzM4NzQ3MDIwLCJqdGkiOiJiMWJmNDBjZDA1YmY0M2E1YjA4YThiZjFiYTkyYzUyMyIsInVzZXJfaWQiOjF9.xOslooQvCMEubsMDeipH6AZxRJBUNIauR1kl_kerGrI	\N	2025-03-07 17:17:00+08	\N	b1bf40cd05bf43a5b08a8bf1ba92c523
259	eyJhbGciOiJIUzI1NiIsInR5cCI6IkpXVCJ9.eyJ0b2tlbl90eXBlIjoicmVmcmVzaCIsImV4cCI6MTc0MTMzOTA5OSwiaWF0IjoxNzM4NzQ3MDk5LCJqdGkiOiJjY2YyMWZhYzA1NGY0OWZiOWNjZTdlNzMxMzY3Zjc5NSIsInVzZXJfaWQiOjF9.eLf9j31OSFxxWqEoWg06Q-SXnWJYb5vStJPvTHoJu3w	\N	2025-03-07 17:18:19+08	\N	ccf21fac054f49fb9cce7e731367f795
260	eyJhbGciOiJIUzI1NiIsInR5cCI6IkpXVCJ9.eyJ0b2tlbl90eXBlIjoicmVmcmVzaCIsImV4cCI6MTc0MTMzOTEyMywiaWF0IjoxNzM4NzQ3MTIzLCJqdGkiOiIxMGI2ZTZjZTgwYzU0NzBiYjIwYzE3NDc0ZjE0MDAxYSIsInVzZXJfaWQiOjF9.LHL5h0Kx8XPvptivsJFibvD4v1Hjb40KMsojghgZbmw	\N	2025-03-07 17:18:43+08	\N	10b6e6ce80c5470bb20c17474f14001a
261	eyJhbGciOiJIUzI1NiIsInR5cCI6IkpXVCJ9.eyJ0b2tlbl90eXBlIjoicmVmcmVzaCIsImV4cCI6MTc0MTMzOTIwMywiaWF0IjoxNzM4NzQ3MjAzLCJqdGkiOiJiNjVkYjBkMmNkYjY0YTIzOTRlMTRjNDdkNTU0MmY0YSIsInVzZXJfaWQiOjF9.2oo7dMTeBk-Ck85FUvoz3X8sykrCizBUihE3XOiNJiE	\N	2025-03-07 17:20:03+08	\N	b65db0d2cdb64a2394e14c47d5542f4a
262	eyJhbGciOiJIUzI1NiIsInR5cCI6IkpXVCJ9.eyJ0b2tlbl90eXBlIjoicmVmcmVzaCIsImV4cCI6MTc0MTMzOTI3NiwiaWF0IjoxNzM4NzQ3Mjc2LCJqdGkiOiJkN2RlZjJhZGM4YmQ0MWYyOTg0MTcxNjgwODU1ODMyOCIsInVzZXJfaWQiOjF9.Wc-Sw4psQpEx5vnynsxEda1cBB6cYVpSO5wjWWYu454	\N	2025-03-07 17:21:16+08	\N	d7def2adc8bd41f29841716808558328
263	eyJhbGciOiJIUzI1NiIsInR5cCI6IkpXVCJ9.eyJ0b2tlbl90eXBlIjoicmVmcmVzaCIsImV4cCI6MTc0MTQyNDUwMCwiaWF0IjoxNzM4ODMyNTAwLCJqdGkiOiJlMzliYWQ5ZDIyMjk0OWQ5YTM0NzhiZWYyNTAzMDE0NyIsInVzZXJfaWQiOjF9.N9rQwvsQyfqJS5VJp3OIZDAJdCou9iRKk6zzUEZEM8M	\N	2025-03-08 17:01:40+08	\N	e39bad9d222949d9a3478bef25030147
264	eyJhbGciOiJIUzI1NiIsInR5cCI6IkpXVCJ9.eyJ0b2tlbl90eXBlIjoicmVmcmVzaCIsImV4cCI6MTc0MTQyNDUwNSwiaWF0IjoxNzM4ODMyNTA1LCJqdGkiOiJiZWZmMmU2ZDAwMDY0OTE3YjcyNTZhMTQ3Mzc3OTNjZSIsInVzZXJfaWQiOjF9.M1eKSsOKuhwQ-552UiHQLSmhGlgXEyh219sv0gnGH5M	\N	2025-03-08 17:01:45+08	\N	beff2e6d00064917b7256a14737793ce
265	eyJhbGciOiJIUzI1NiIsInR5cCI6IkpXVCJ9.eyJ0b2tlbl90eXBlIjoicmVmcmVzaCIsImV4cCI6MTc0MTQyNDUwOCwiaWF0IjoxNzM4ODMyNTA4LCJqdGkiOiJmZTIxMjY0YjU5NDM0NDJlOTRhZGFlNDZlODA3YTgxYSIsInVzZXJfaWQiOjF9.tMgkkU_Ck-8vXkl9PMLWnF8mbtZA54beyihjeFt-dtQ	\N	2025-03-08 17:01:48+08	\N	fe21264b5943442e94adae46e807a81a
266	eyJhbGciOiJIUzI1NiIsInR5cCI6IkpXVCJ9.eyJ0b2tlbl90eXBlIjoicmVmcmVzaCIsImV4cCI6MTc0MTQyNDUxMiwiaWF0IjoxNzM4ODMyNTEyLCJqdGkiOiIyZjAyYTEzYjY5ZGE0MDc2YjVmOTdkOTBjYjNiZDgyNyIsInVzZXJfaWQiOjF9.fpXfPQ2th2cQX0N9HLh1SEEjAKRil02Rbt4rAmaAbRU	\N	2025-03-08 17:01:52+08	\N	2f02a13b69da4076b5f97d90cb3bd827
267	eyJhbGciOiJIUzI1NiIsInR5cCI6IkpXVCJ9.eyJ0b2tlbl90eXBlIjoicmVmcmVzaCIsImV4cCI6MTc0MTQyNDU3NiwiaWF0IjoxNzM4ODMyNTc2LCJqdGkiOiIzMjEwOTJlZWJmMjE0YTgwODgyY2E5M2JkNzAwY2NiNSIsInVzZXJfaWQiOjF9.Qzo6P2ocUrexQ_Sij8UyCT9WCTdtM3EtDE0al85NKVM	\N	2025-03-08 17:02:56+08	\N	321092eebf214a80882ca93bd700ccb5
268	eyJhbGciOiJIUzI1NiIsInR5cCI6IkpXVCJ9.eyJ0b2tlbl90eXBlIjoicmVmcmVzaCIsImV4cCI6MTc0MTQyNDU3OSwiaWF0IjoxNzM4ODMyNTc5LCJqdGkiOiJmYjdkYTE5YTg1ZTA0NzQyYmZkYTc3YmZhNDA5OWVkMCIsInVzZXJfaWQiOjF9.QZ8qbxz1VtaP7lTBmjxOxctbzWEUWH8onhvhtlGM1oc	\N	2025-03-08 17:02:59+08	\N	fb7da19a85e04742bfda77bfa4099ed0
269	eyJhbGciOiJIUzI1NiIsInR5cCI6IkpXVCJ9.eyJ0b2tlbl90eXBlIjoicmVmcmVzaCIsImV4cCI6MTc0MTQyNDU4NSwiaWF0IjoxNzM4ODMyNTg1LCJqdGkiOiJhYjZjNWM5ZjIxMGQ0OTNkYjEyNTlmOTAyMTZhZTdiZSIsInVzZXJfaWQiOjF9._xOtPAqJby71PPjZAXSXf92YAUvvpZ9qCPZoQLYXSBU	\N	2025-03-08 17:03:05+08	\N	ab6c5c9f210d493db1259f90216ae7be
270	eyJhbGciOiJIUzI1NiIsInR5cCI6IkpXVCJ9.eyJ0b2tlbl90eXBlIjoicmVmcmVzaCIsImV4cCI6MTc0MTQyNDU5MywiaWF0IjoxNzM4ODMyNTkzLCJqdGkiOiI0NjlkYWUxNGU0NzE0ZWJhOTNiNWYzOWYyZmM1OTNlOCIsInVzZXJfaWQiOjF9.8w9T_ZLuzXYGGMtiFB0XAtumvA5hiXqvR9J4DobOn4g	\N	2025-03-08 17:03:13+08	\N	469dae14e4714eba93b5f39f2fc593e8
271	eyJhbGciOiJIUzI1NiIsInR5cCI6IkpXVCJ9.eyJ0b2tlbl90eXBlIjoicmVmcmVzaCIsImV4cCI6MTc0MTQyNDYwMCwiaWF0IjoxNzM4ODMyNjAwLCJqdGkiOiI2YzM2NjIzZDdkZWI0YWVhYjFjMWJkNWQwNjQ0MGYyNSIsInVzZXJfaWQiOjF9.Ki-q-OpqERhnvWKwGvjcLBTjVgicb7iY5k_S7xGIqSI	\N	2025-03-08 17:03:20+08	\N	6c36623d7deb4aeab1c1bd5d06440f25
272	eyJhbGciOiJIUzI1NiIsInR5cCI6IkpXVCJ9.eyJ0b2tlbl90eXBlIjoicmVmcmVzaCIsImV4cCI6MTc0MTQyNDYwNSwiaWF0IjoxNzM4ODMyNjA1LCJqdGkiOiI2ZDQ0NTc2ZWJjZDg0NjgwOTk3N2I2YjNjYTQyMDI0MyIsInVzZXJfaWQiOjF9.R8xxPy-LGcPhsRhB3Aj6MJEFSkqK7ziXvKYkZuq3b8k	\N	2025-03-08 17:03:25+08	\N	6d44576ebcd846809977b6b3ca420243
273	eyJhbGciOiJIUzI1NiIsInR5cCI6IkpXVCJ9.eyJ0b2tlbl90eXBlIjoicmVmcmVzaCIsImV4cCI6MTc0MTQyNDYxMCwiaWF0IjoxNzM4ODMyNjEwLCJqdGkiOiI5NzdlYjM5MzhiZWY0OGJjODEyZjg0MTNlNWEyZDcwNCIsInVzZXJfaWQiOjF9.xdh9ihxB4bqgnum4RHUZSDI0ePEoYPZyJXkEiL_0Hzk	\N	2025-03-08 17:03:30+08	\N	977eb3938bef48bc812f8413e5a2d704
274	eyJhbGciOiJIUzI1NiIsInR5cCI6IkpXVCJ9.eyJ0b2tlbl90eXBlIjoicmVmcmVzaCIsImV4cCI6MTc0MTQzNTYyNiwiaWF0IjoxNzM4ODQzNjI2LCJqdGkiOiJkMzMwMmFhNjAxMDc0ZWZmOTRiMmIwYzUwNWY1MDEwZCIsInVzZXJfaWQiOjF9.-CK4W5EJx9jKzbfbND9FNUHX-yz3rPzPME9xK5eIrgs	\N	2025-03-08 20:07:06+08	\N	d3302aa601074eff94b2b0c505f5010d
275	eyJhbGciOiJIUzI1NiIsInR5cCI6IkpXVCJ9.eyJ0b2tlbl90eXBlIjoicmVmcmVzaCIsImV4cCI6MTc0MTQzNzA2NCwiaWF0IjoxNzM4ODQ1MDY0LCJqdGkiOiIwOTIyZDY1MmY2Y2U0MWUyOGQwODRkM2VlNWU2YjUyMSIsInVzZXJfaWQiOjF9.wlKmK-u9CLwdaF5ppP9vOj47ms4OZh9uSW5L66MOrc4	\N	2025-03-08 20:31:04+08	\N	0922d652f6ce41e28d084d3ee5e6b521
276	eyJhbGciOiJIUzI1NiIsInR5cCI6IkpXVCJ9.eyJ0b2tlbl90eXBlIjoicmVmcmVzaCIsImV4cCI6MTc0MTQzNzM4MywiaWF0IjoxNzM4ODQ1MzgzLCJqdGkiOiI0NjNiYWY1ODgzMWI0OTdhODkzMDcwOTg4MjAwZGJmNCIsInVzZXJfaWQiOjF9.5Dw3ZQzdGz1OJEXtduCQYcB6nGupB9seZMndG48PldA	\N	2025-03-08 20:36:23+08	\N	463baf58831b497a893070988200dbf4
277	eyJhbGciOiJIUzI1NiIsInR5cCI6IkpXVCJ9.eyJ0b2tlbl90eXBlIjoicmVmcmVzaCIsImV4cCI6MTc0MTQzNzQ2MywiaWF0IjoxNzM4ODQ1NDYzLCJqdGkiOiJhZjgwMzZjNTE2MTc0ZGQ1OTk2ZDVmY2U4MTc1NjBhYiIsInVzZXJfaWQiOjF9.c_EgTn2zkEwZd6Z2K3u30AjTZbSIZKWw7Ra69i6XIO4	\N	2025-03-08 20:37:43+08	\N	af8036c516174dd5996d5fce817560ab
278	eyJhbGciOiJIUzI1NiIsInR5cCI6IkpXVCJ9.eyJ0b2tlbl90eXBlIjoicmVmcmVzaCIsImV4cCI6MTc0MTQzNzQ4NiwiaWF0IjoxNzM4ODQ1NDg2LCJqdGkiOiJkZGZhZmMyNTk5NjM0OTQxOTUzZGQ5NWRkYTEwZjRiMSIsInVzZXJfaWQiOjF9.ofoZ7lqaZFR_Djo--znXVPR2s4b4mR_rW2QrksnxzB4	\N	2025-03-08 20:38:06+08	\N	ddfafc2599634941953dd95dda10f4b1
279	eyJhbGciOiJIUzI1NiIsInR5cCI6IkpXVCJ9.eyJ0b2tlbl90eXBlIjoicmVmcmVzaCIsImV4cCI6MTc0MTQzNzQ5MSwiaWF0IjoxNzM4ODQ1NDkxLCJqdGkiOiJkNTdmMjgwMTQyY2U0Yzk4YjQxMGRiZmE3MGRmNjZhOSIsInVzZXJfaWQiOjF9.354qeyN-2NUd1iDxNfWAdVGSLhBWUAMTbKq_93JzOtA	\N	2025-03-08 20:38:11+08	\N	d57f280142ce4c98b410dbfa70df66a9
280	eyJhbGciOiJIUzI1NiIsInR5cCI6IkpXVCJ9.eyJ0b2tlbl90eXBlIjoicmVmcmVzaCIsImV4cCI6MTc0MTQzNzUyOSwiaWF0IjoxNzM4ODQ1NTI5LCJqdGkiOiIwMDIyNWFhZjUxYWQ0MzE4YTQ4ZWZiZjBhN2RjY2U1MCIsInVzZXJfaWQiOjF9.0JaP1uGPlEg6BfheuSV1o_r-PB1WmpW0MdWYQVg-MJw	\N	2025-03-08 20:38:49+08	\N	00225aaf51ad4318a48efbf0a7dcce50
281	eyJhbGciOiJIUzI1NiIsInR5cCI6IkpXVCJ9.eyJ0b2tlbl90eXBlIjoicmVmcmVzaCIsImV4cCI6MTc0MTQzNzU2MSwiaWF0IjoxNzM4ODQ1NTYxLCJqdGkiOiJkYTNmM2Y2MmQxMWI0OGI2ODU3NGFlMDA0ZTJiZDZlZSIsInVzZXJfaWQiOjF9.R8Yn0CuZeHJn7z-A4FlPng7P-D0tezFQBQf4RAWBFvA	\N	2025-03-08 20:39:21+08	\N	da3f3f62d11b48b68574ae004e2bd6ee
282	eyJhbGciOiJIUzI1NiIsInR5cCI6IkpXVCJ9.eyJ0b2tlbl90eXBlIjoicmVmcmVzaCIsImV4cCI6MTc0MTQzNzU5NiwiaWF0IjoxNzM4ODQ1NTk2LCJqdGkiOiJjMDZkMmU3NzA0MzQ0MTIzOTE5ZGRlNzY5MjFiMDc2NiIsInVzZXJfaWQiOjF9.byk7gtuvRK_gfdY9f5T4R4AaM8UfL6X6VcOfZ8vURpg	\N	2025-03-08 20:39:56+08	\N	c06d2e7704344123919dde76921b0766
283	eyJhbGciOiJIUzI1NiIsInR5cCI6IkpXVCJ9.eyJ0b2tlbl90eXBlIjoicmVmcmVzaCIsImV4cCI6MTc0MTQzNzYyNywiaWF0IjoxNzM4ODQ1NjI3LCJqdGkiOiJlZGQwMzg0YjViZmQ0NDMzODNkOTA1Nzk2YTAzNWYzMyIsInVzZXJfaWQiOjF9.7A12ds5Kl-bhBQYsPupOh9rgjfZ6bmmZjc4NM5LPzoE	\N	2025-03-08 20:40:27+08	\N	edd0384b5bfd443383d905796a035f33
284	eyJhbGciOiJIUzI1NiIsInR5cCI6IkpXVCJ9.eyJ0b2tlbl90eXBlIjoicmVmcmVzaCIsImV4cCI6MTc0MTQzNzYzOSwiaWF0IjoxNzM4ODQ1NjM5LCJqdGkiOiI5ZmIxMzQ0NmFjNzc0MGViYWFmOGUyNTJjODU3NTljOCIsInVzZXJfaWQiOjF9.POjuSfnWaE7NQGg3R_XthqgK48DVDqmk89ujVlIE104	\N	2025-03-08 20:40:39+08	\N	9fb13446ac7740ebaaf8e252c85759c8
285	eyJhbGciOiJIUzI1NiIsInR5cCI6IkpXVCJ9.eyJ0b2tlbl90eXBlIjoicmVmcmVzaCIsImV4cCI6MTc0MTQzNzY1NywiaWF0IjoxNzM4ODQ1NjU3LCJqdGkiOiIzN2I3NTAyNjhkOTc0OTE3YWI5NGQ5ZTM0ZGU0OTQxNSIsInVzZXJfaWQiOjF9.LsFnNClrguTuIlgjU0FDnfpKem_iwV1fR1JR71LTF64	\N	2025-03-08 20:40:57+08	\N	37b750268d974917ab94d9e34de49415
286	eyJhbGciOiJIUzI1NiIsInR5cCI6IkpXVCJ9.eyJ0b2tlbl90eXBlIjoicmVmcmVzaCIsImV4cCI6MTc0MTQzNzY4MCwiaWF0IjoxNzM4ODQ1NjgwLCJqdGkiOiI3MmVlNGU2YjA5OGE0YmViYmFjOTZmODgyMTgzNjZmOSIsInVzZXJfaWQiOjF9.0iHvOfNg0HY2QHtOPX0jThk9iR6CuopDigigPGcHHF4	\N	2025-03-08 20:41:20+08	\N	72ee4e6b098a4bebbac96f88218366f9
287	eyJhbGciOiJIUzI1NiIsInR5cCI6IkpXVCJ9.eyJ0b2tlbl90eXBlIjoicmVmcmVzaCIsImV4cCI6MTc0MTQzNzY5OCwiaWF0IjoxNzM4ODQ1Njk4LCJqdGkiOiJiOTlkOWQwMWJlZjM0NWQ2OTZmNTdkODk2OTk2MTk2MSIsInVzZXJfaWQiOjF9.91mgdE34hN96npPsfLh7DY39goRN5KpgkmjcbAV2MLc	\N	2025-03-08 20:41:38+08	\N	b99d9d01bef345d696f57d8969961961
288	eyJhbGciOiJIUzI1NiIsInR5cCI6IkpXVCJ9.eyJ0b2tlbl90eXBlIjoicmVmcmVzaCIsImV4cCI6MTc0MTQzNzcwNiwiaWF0IjoxNzM4ODQ1NzA2LCJqdGkiOiI1NGY5Mzc3MDk1Mjg0YjA2OTliMGM1MGQ1NDc2NzYzZSIsInVzZXJfaWQiOjF9.Y4pD_Fg4Z6vUnTHb0YvRf5LtjGiDh0dEaqVRopVd9ow	\N	2025-03-08 20:41:46+08	\N	54f9377095284b0699b0c50d5476763e
289	eyJhbGciOiJIUzI1NiIsInR5cCI6IkpXVCJ9.eyJ0b2tlbl90eXBlIjoicmVmcmVzaCIsImV4cCI6MTc0MTQzNzczMCwiaWF0IjoxNzM4ODQ1NzMwLCJqdGkiOiI0ZjJjNDAwZGZjMjc0YjcyOWM0YmU5MDk3ZjJhNTg5OCIsInVzZXJfaWQiOjF9.SCMAJbL38bDDIvF9MOl1DO7rc5SwyiembxNnMuiQxkU	\N	2025-03-08 20:42:10+08	\N	4f2c400dfc274b729c4be9097f2a5898
290	eyJhbGciOiJIUzI1NiIsInR5cCI6IkpXVCJ9.eyJ0b2tlbl90eXBlIjoicmVmcmVzaCIsImV4cCI6MTc0MTQzNzg0MCwiaWF0IjoxNzM4ODQ1ODQwLCJqdGkiOiJmZGVmODc0NmFlN2I0MDI2OWMwODE2YzIzOTEyNGEwNCIsInVzZXJfaWQiOjF9.beWFTSXwYx3FMVnYLhZMqMHo3NjC6mliYrLKizQ2LLU	\N	2025-03-08 20:44:00+08	\N	fdef8746ae7b40269c0816c239124a04
291	eyJhbGciOiJIUzI1NiIsInR5cCI6IkpXVCJ9.eyJ0b2tlbl90eXBlIjoicmVmcmVzaCIsImV4cCI6MTc0MTQzODc0OCwiaWF0IjoxNzM4ODQ2NzQ4LCJqdGkiOiJjNDE5NjE2NWY2YTk0MTE4OGY2MDE1NzliZGU2Zjc4MiIsInVzZXJfaWQiOjF9.cqIsuy32YSHUx7ZXIquX4_0V4gTpcFycHYX6oeNNLC4	\N	2025-03-08 20:59:08+08	\N	c4196165f6a941188f601579bde6f782
292	eyJhbGciOiJIUzI1NiIsInR5cCI6IkpXVCJ9.eyJ0b2tlbl90eXBlIjoicmVmcmVzaCIsImV4cCI6MTc0MTQ0NjMzNywiaWF0IjoxNzM4ODU0MzM3LCJqdGkiOiI2MDAwMDNkYWY4MDU0MjI3OWNhMjY3ZGRkZWQwNjA2OCIsInVzZXJfaWQiOjF9.-3cWkQJ_eEg1NgJ7CYdMdnNRf3qanmWTE1fymi4KLUQ	\N	2025-03-08 23:05:37+08	\N	600003daf80542279ca267ddded06068
293	eyJhbGciOiJIUzI1NiIsInR5cCI6IkpXVCJ9.eyJ0b2tlbl90eXBlIjoicmVmcmVzaCIsImV4cCI6MTc0MTQ0NjcwOSwiaWF0IjoxNzM4ODU0NzA5LCJqdGkiOiI0MzQ2ZmZhZTNkOTY0M2EyYTMyM2E5YjhlN2MxNWM5NyIsInVzZXJfaWQiOjF9.wd57spPKF9UKDidbXUCzNNFhBkmcBwBp7cczbeS7db0	\N	2025-03-08 23:11:49+08	\N	4346ffae3d9643a2a323a9b8e7c15c97
294	eyJhbGciOiJIUzI1NiIsInR5cCI6IkpXVCJ9.eyJ0b2tlbl90eXBlIjoicmVmcmVzaCIsImV4cCI6MTc0MTQ0NjcyNiwiaWF0IjoxNzM4ODU0NzI2LCJqdGkiOiI2ZWY5MDBkNmI5MmI0ODZjODBkMzYyMmJlMWI4ODY2ZiIsInVzZXJfaWQiOjF9.sYUWhmBQ3WsLbbkt67CgJv3BoJ91TvlkhgmNvU2MVLM	\N	2025-03-08 23:12:06+08	\N	6ef900d6b92b486c80d3622be1b8866f
295	eyJhbGciOiJIUzI1NiIsInR5cCI6IkpXVCJ9.eyJ0b2tlbl90eXBlIjoicmVmcmVzaCIsImV4cCI6MTc0MTQ0NzI5NywiaWF0IjoxNzM4ODU1Mjk3LCJqdGkiOiIwMDBkMTZjMWI3MGY0ZTYwYTgxZDZjZmY1MDcwNDdkMiIsInVzZXJfaWQiOjF9.euJShSU0-4YajRd-f1RSc_x-9wYwgoSTsnsgVRw-XlA	\N	2025-03-08 23:21:37+08	\N	000d16c1b70f4e60a81d6cff507047d2
296	eyJhbGciOiJIUzI1NiIsInR5cCI6IkpXVCJ9.eyJ0b2tlbl90eXBlIjoicmVmcmVzaCIsImV4cCI6MTc0MTQ1MDM1MiwiaWF0IjoxNzM4ODU4MzUyLCJqdGkiOiIzZDcxOTBlMjE1ZDI0MjIzOTAyZjk4ZmE4YzZmYTk0YSIsInVzZXJfaWQiOjF9.Z4MtBgVBg2nLVC26CfxVDs8YGnt1aVISJTR8BfIZDTo	\N	2025-03-09 00:12:32+08	\N	3d7190e215d24223902f98fa8c6fa94a
297	eyJhbGciOiJIUzI1NiIsInR5cCI6IkpXVCJ9.eyJ0b2tlbl90eXBlIjoicmVmcmVzaCIsImV4cCI6MTc0MTQ1MDcwNCwiaWF0IjoxNzM4ODU4NzA0LCJqdGkiOiIwZDJiMWUwZDNlN2M0NThkYTA5NzI2MDU5Nzg5YjRjNCIsInVzZXJfaWQiOjF9.sU420yPxE2CnrNybAYqkaXgGlN_pvRHokhbfPshkjGI	\N	2025-03-09 00:18:24+08	\N	0d2b1e0d3e7c458da09726059789b4c4
298	eyJhbGciOiJIUzI1NiIsInR5cCI6IkpXVCJ9.eyJ0b2tlbl90eXBlIjoicmVmcmVzaCIsImV4cCI6MTc0MTQ1MDczMywiaWF0IjoxNzM4ODU4NzMzLCJqdGkiOiI5ZjUwYmZlNTAwOGI0MzAxYWU5MDI1Nzg1NzEwMzcwMiIsInVzZXJfaWQiOjF9.ExLY3pM4HidmV852ZdU_ZFLQNJQnxgDMLlKKPEubLiI	\N	2025-03-09 00:18:53+08	\N	9f50bfe5008b4301ae90257857103702
299	eyJhbGciOiJIUzI1NiIsInR5cCI6IkpXVCJ9.eyJ0b2tlbl90eXBlIjoicmVmcmVzaCIsImV4cCI6MTc0MTQ1MDc0MywiaWF0IjoxNzM4ODU4NzQzLCJqdGkiOiI1YWE3NjI0ODE2ZmE0MjIxYWE1MDYwZGI1MjZmM2EyYSIsInVzZXJfaWQiOjF9.HPJ8VTkJ9qogK6cCExdpNY0_V3G95F5OCFXTtENZqL4	\N	2025-03-09 00:19:03+08	\N	5aa7624816fa4221aa5060db526f3a2a
300	eyJhbGciOiJIUzI1NiIsInR5cCI6IkpXVCJ9.eyJ0b2tlbl90eXBlIjoicmVmcmVzaCIsImV4cCI6MTc0MTQ1MDg3OCwiaWF0IjoxNzM4ODU4ODc4LCJqdGkiOiI1ODY5N2EyNmUwNTA0YTg3YWIyNjM3YWYxMzAxZTg0OCIsInVzZXJfaWQiOjF9.TwUDy3tXNH4CwDTOD3nKpsxMoXE7O4jl8Yp1_lX3CWY	\N	2025-03-09 00:21:18+08	\N	58697a26e0504a87ab2637af1301e848
301	eyJhbGciOiJIUzI1NiIsInR5cCI6IkpXVCJ9.eyJ0b2tlbl90eXBlIjoicmVmcmVzaCIsImV4cCI6MTc0MTUwODk2NSwiaWF0IjoxNzM4OTE2OTY1LCJqdGkiOiI2ODIzNmE1NDk2NTk0ZDlkYjc0NjExZWQxMDM1OTVjYyIsInVzZXJfaWQiOjF9.boSDZNGc8NSKBZTlHeCEz3Oq40tqX7fo1LXccHa_llg	2025-02-07 16:29:25.39329+08	2025-03-09 16:29:25+08	1	68236a5496594d9db74611ed103595cc
302	eyJhbGciOiJIUzI1NiIsInR5cCI6IkpXVCJ9.eyJ0b2tlbl90eXBlIjoicmVmcmVzaCIsImV4cCI6MTc0MTUxMTM4MSwiaWF0IjoxNzM4OTE5MzgxLCJqdGkiOiIwY2NhZWFkYWM4OWM0MTkwODcwNWM4MGYwODJjMzY1MyIsInVzZXJfaWQiOjF9.mP7s0BQy-qKX4fahOTbgyArRXvspPzpr9uE3GVCaSzs	\N	2025-03-09 17:09:41+08	\N	0ccaeadac89c41908705c80f082c3653
303	eyJhbGciOiJIUzI1NiIsInR5cCI6IkpXVCJ9.eyJ0b2tlbl90eXBlIjoicmVmcmVzaCIsImV4cCI6MTc0MTUzNzcyNSwiaWF0IjoxNzM4OTQ1NzI1LCJqdGkiOiIyODY2OGM4NmZlNjk0NjI5OWY2YzllMTgxNjRjOTE3ZSIsInVzZXJfaWQiOjF9.3RztEOktSQR4_q5uZ0Fw6gkIKAvm5TiQgSZIQO22M5A	\N	2025-03-10 00:28:45+08	\N	28668c86fe6946299f6c9e18164c917e
304	eyJhbGciOiJIUzI1NiIsInR5cCI6IkpXVCJ9.eyJ0b2tlbl90eXBlIjoicmVmcmVzaCIsImV4cCI6MTc0MTU3MTIyOCwiaWF0IjoxNzM4OTc5MjI4LCJqdGkiOiI3ZWM4N2ZmZTFiN2Q0NDQ1YTIwNWQwNzhiOWU3M2Q0ZSIsInVzZXJfaWQiOjF9.A2HEHcXc8u3WsG1wP9NgocluYbRBIUeTQo0p4Yyykbw	\N	2025-03-10 09:47:08+08	\N	7ec87ffe1b7d4445a205d078b9e73d4e
305	eyJhbGciOiJIUzI1NiIsInR5cCI6IkpXVCJ9.eyJ0b2tlbl90eXBlIjoicmVmcmVzaCIsImV4cCI6MTc0MTU3MTk3OSwiaWF0IjoxNzM4OTc5OTc5LCJqdGkiOiI3NWRiOGZhMTE1MDU0MTlmOWIyM2RkNmY5ZjVjZjUxZCIsInVzZXJfaWQiOjF9.xZkkVWcPSgFUwzVeY2e-XKsU6QTk5mHg4xUM6P5mUqg	\N	2025-03-10 09:59:39+08	\N	75db8fa11505419f9b23dd6f9f5cf51d
306	eyJhbGciOiJIUzI1NiIsInR5cCI6IkpXVCJ9.eyJ0b2tlbl90eXBlIjoicmVmcmVzaCIsImV4cCI6MTc0MTU3MjIwMSwiaWF0IjoxNzM4OTgwMjAxLCJqdGkiOiI0MjJjZTkzNjU5N2U0NTFjYWQ1NWY0MTg4MGFiNTQ0OSIsInVzZXJfaWQiOjF9.fdOkuASDwKXauuVy8dsbdC__tUSzvKWszow0bkj7eAg	\N	2025-03-10 10:03:21+08	\N	422ce936597e451cad55f41880ab5449
307	eyJhbGciOiJIUzI1NiIsInR5cCI6IkpXVCJ9.eyJ0b2tlbl90eXBlIjoicmVmcmVzaCIsImV4cCI6MTc0MTU3MjU5NywiaWF0IjoxNzM4OTgwNTk3LCJqdGkiOiI0YjhiODgxZmYyMmI0YTI0ODZjMGQ3ODY2NTMzYzI1MSIsInVzZXJfaWQiOjF9.aeIsuuGWgFO87tHlKx-ylhqgFCNIbEKiOmrVDewABco	\N	2025-03-10 10:09:57+08	\N	4b8b881ff22b4a2486c0d7866533c251
308	eyJhbGciOiJIUzI1NiIsInR5cCI6IkpXVCJ9.eyJ0b2tlbl90eXBlIjoicmVmcmVzaCIsImV4cCI6MTc0MTU3Mjg1NSwiaWF0IjoxNzM4OTgwODU1LCJqdGkiOiIxZTYxZmJmNGVjNTg0N2YzYTFkMzI2YTM3MGM4ZmU0YyIsInVzZXJfaWQiOjF9.fpwuXktWCR3WzlD6xz5rFcw2HyBU-EAlB-AdtVajHwE	\N	2025-03-10 10:14:15+08	\N	1e61fbf4ec5847f3a1d326a370c8fe4c
309	eyJhbGciOiJIUzI1NiIsInR5cCI6IkpXVCJ9.eyJ0b2tlbl90eXBlIjoicmVmcmVzaCIsImV4cCI6MTc0MTU3MzIwNiwiaWF0IjoxNzM4OTgxMjA2LCJqdGkiOiIxYjg1ZGM5OWIyMTE0Zjg0YmMwZjFmYzllMzI3MThlNCIsInVzZXJfaWQiOjF9.ySLU1GbiBnZVUhYME-zYIJMhEW2MxtBdtC9VSqwB9Vo	\N	2025-03-10 10:20:06+08	\N	1b85dc99b2114f84bc0f1fc9e32718e4
310	eyJhbGciOiJIUzI1NiIsInR5cCI6IkpXVCJ9.eyJ0b2tlbl90eXBlIjoicmVmcmVzaCIsImV4cCI6MTc0MTU3MzI0MSwiaWF0IjoxNzM4OTgxMjQxLCJqdGkiOiJlM2FlNzAzNjEwODg0ZjhkOGZiMDAwNTdmZmFjM2ViNCIsInVzZXJfaWQiOjF9.KUOH6SkRXibCa4woIbYoRBi73ZiHpgmCE-IrSKve144	\N	2025-03-10 10:20:41+08	\N	e3ae703610884f8d8fb00057ffac3eb4
311	eyJhbGciOiJIUzI1NiIsInR5cCI6IkpXVCJ9.eyJ0b2tlbl90eXBlIjoicmVmcmVzaCIsImV4cCI6MTc0MTU3MzI5MiwiaWF0IjoxNzM4OTgxMjkyLCJqdGkiOiIzN2QwYzlkYjcyNGM0ZjRiYWQxM2I2NzY1YTM4MDM3NSIsInVzZXJfaWQiOjF9.zfWS83R-n54k733dPyslUGACfg0aiV0HsUsB5j3skKM	\N	2025-03-10 10:21:32+08	\N	37d0c9db724c4f4bad13b6765a380375
312	eyJhbGciOiJIUzI1NiIsInR5cCI6IkpXVCJ9.eyJ0b2tlbl90eXBlIjoicmVmcmVzaCIsImV4cCI6MTc0MTU3NDYxOSwiaWF0IjoxNzM4OTgyNjE5LCJqdGkiOiIwM2YwNjRlY2MzNTQ0ZTdlYTE2NDJiMDQ1YmVhY2RmNCIsInVzZXJfaWQiOjF9.oC7Ov-_ssPH_q4vOvfN6sRSfxgZiLqN-0v_a2yB9b4c	\N	2025-03-10 10:43:39+08	\N	03f064ecc3544e7ea1642b045beacdf4
313	eyJhbGciOiJIUzI1NiIsInR5cCI6IkpXVCJ9.eyJ0b2tlbl90eXBlIjoicmVmcmVzaCIsImV4cCI6MTc0MTU3NDgzNCwiaWF0IjoxNzM4OTgyODM0LCJqdGkiOiIxMWQ1ZDcxOTQyMjU0OWVjYmZmNTZjYmU5ZDIzMzE0ZiIsInVzZXJfaWQiOjF9.ZWlIGf7dwxJpNqAuDdQXCgEQpcJwgUTih4BLQ8pzUy0	\N	2025-03-10 10:47:14+08	\N	11d5d719422549ecbff56cbe9d23314f
314	eyJhbGciOiJIUzI1NiIsInR5cCI6IkpXVCJ9.eyJ0b2tlbl90eXBlIjoicmVmcmVzaCIsImV4cCI6MTc0MTU3NDkzNywiaWF0IjoxNzM4OTgyOTM3LCJqdGkiOiI0ODk5NWUyYTRhZmY0NTgxYTM3YjU4NTBhN2EyMDIxMyIsInVzZXJfaWQiOjF9.9YCzlAZMWQ2fILxPz2VgXVpXJKotWCekt9uUjxSHpaE	\N	2025-03-10 10:48:57+08	\N	48995e2a4aff4581a37b5850a7a20213
315	eyJhbGciOiJIUzI1NiIsInR5cCI6IkpXVCJ9.eyJ0b2tlbl90eXBlIjoicmVmcmVzaCIsImV4cCI6MTc0MTU3NDk2NSwiaWF0IjoxNzM4OTgyOTY1LCJqdGkiOiJhOGViZDVhNTUyNGQ0YzFkOGQ1MDhmNTc4OGU4MjdmNCIsInVzZXJfaWQiOjF9.F4xV4X5fXmm1y7Mw9QWbauzKJwUqXKc3hL-pgKyxNFU	\N	2025-03-10 10:49:25+08	\N	a8ebd5a5524d4c1d8d508f5788e827f4
316	eyJhbGciOiJIUzI1NiIsInR5cCI6IkpXVCJ9.eyJ0b2tlbl90eXBlIjoicmVmcmVzaCIsImV4cCI6MTc0MTU3NTAwNywiaWF0IjoxNzM4OTgzMDA3LCJqdGkiOiIyYThiMGVjNDQ0MzA0MzMwYTY2NzY0YjZiMTZhYTRjNCIsInVzZXJfaWQiOjF9.XwUWTkixehqX436o7DMgmMVAGITnHtiDakrB2eaGkyg	\N	2025-03-10 10:50:07+08	\N	2a8b0ec444304330a66764b6b16aa4c4
317	eyJhbGciOiJIUzI1NiIsInR5cCI6IkpXVCJ9.eyJ0b2tlbl90eXBlIjoicmVmcmVzaCIsImV4cCI6MTc0MTU3NTAyNywiaWF0IjoxNzM4OTgzMDI3LCJqdGkiOiJiNDNhZjY3ZmEwYzk0MTdhOTE5YjkyNWY2MzAzYWQyZiIsInVzZXJfaWQiOjF9.7Q94qmiSpRI4HofPsksXyOypLMhXwBddPxcXJLZCbPE	\N	2025-03-10 10:50:27+08	\N	b43af67fa0c9417a919b925f6303ad2f
318	eyJhbGciOiJIUzI1NiIsInR5cCI6IkpXVCJ9.eyJ0b2tlbl90eXBlIjoicmVmcmVzaCIsImV4cCI6MTc0MTU3NTA0NiwiaWF0IjoxNzM4OTgzMDQ2LCJqdGkiOiIxNWQ5YmQ5MWQ5YmI0ZjQ5ODY1Njk5ZDE2NmMzODI3YSIsInVzZXJfaWQiOjF9.b---NstbOPRepACb9nAwMnpe2AQM81xtIBFZK0McHo0	\N	2025-03-10 10:50:46+08	\N	15d9bd91d9bb4f49865699d166c3827a
319	eyJhbGciOiJIUzI1NiIsInR5cCI6IkpXVCJ9.eyJ0b2tlbl90eXBlIjoicmVmcmVzaCIsImV4cCI6MTc0MTU3NTA1NywiaWF0IjoxNzM4OTgzMDU3LCJqdGkiOiJmNTk0NWEwZWJhOWQ0Zjk2OTQ2ZThmY2YzOTgyM2FlZSIsInVzZXJfaWQiOjF9.h8D622wIQSyaBQsWacHOzDAPLtMdrUkiGkwGX56FWvk	\N	2025-03-10 10:50:57+08	\N	f5945a0eba9d4f96946e8fcf39823aee
320	eyJhbGciOiJIUzI1NiIsInR5cCI6IkpXVCJ9.eyJ0b2tlbl90eXBlIjoicmVmcmVzaCIsImV4cCI6MTc0MTU3NTEyNSwiaWF0IjoxNzM4OTgzMTI1LCJqdGkiOiJiNTA0NDM4NWQ1YjI0ODg5OWNkZjVkMjY3MDQ0ZGJjYSIsInVzZXJfaWQiOjF9.QDLMvmhHyl_Y576zhNOW7TnJ_SRwvcF5NMtIzkCe-AQ	\N	2025-03-10 10:52:05+08	\N	b5044385d5b248899cdf5d267044dbca
321	eyJhbGciOiJIUzI1NiIsInR5cCI6IkpXVCJ9.eyJ0b2tlbl90eXBlIjoicmVmcmVzaCIsImV4cCI6MTc0MTU3NTE0NSwiaWF0IjoxNzM4OTgzMTQ1LCJqdGkiOiI1MWQ0YzY2ZmM4Nzc0OGU2YmEzODg2ZmZiZDliYzc0NiIsInVzZXJfaWQiOjF9.Pu2LpT63z51cV2P3Q8jE1AzLYTgE1AzCq4OGtHDWANw	\N	2025-03-10 10:52:25+08	\N	51d4c66fc87748e6ba3886ffbd9bc746
322	eyJhbGciOiJIUzI1NiIsInR5cCI6IkpXVCJ9.eyJ0b2tlbl90eXBlIjoicmVmcmVzaCIsImV4cCI6MTc0MTU3NTI3NiwiaWF0IjoxNzM4OTgzMjc2LCJqdGkiOiI2ZmRmNTc1ZTU4YWE0YzY1YTFkMGQ0NmU4NTkyZDU1NiIsInVzZXJfaWQiOjF9.dHi9KVXdZrE5rl_ScKCwWHT4JPByqOP5G5hicOymDZE	\N	2025-03-10 10:54:36+08	\N	6fdf575e58aa4c65a1d0d46e8592d556
323	eyJhbGciOiJIUzI1NiIsInR5cCI6IkpXVCJ9.eyJ0b2tlbl90eXBlIjoicmVmcmVzaCIsImV4cCI6MTc0MTU3NTMzMiwiaWF0IjoxNzM4OTgzMzMyLCJqdGkiOiJjYzc5MmI4ZTcwZWQ0NDJkOGU5MTI5NDllZTU0NTkxOSIsInVzZXJfaWQiOjF9.-R8OX1ftC6R2ragttzkILUeUuJ_dsx_HwtbP2164IkI	\N	2025-03-10 10:55:32+08	\N	cc792b8e70ed442d8e912949ee545919
324	eyJhbGciOiJIUzI1NiIsInR5cCI6IkpXVCJ9.eyJ0b2tlbl90eXBlIjoicmVmcmVzaCIsImV4cCI6MTc0MTU3NTM4NiwiaWF0IjoxNzM4OTgzMzg2LCJqdGkiOiI3YzVmNWM0YzUyMmY0MTI0YjI0YWMwMzMwNTk0YWMwZCIsInVzZXJfaWQiOjF9._mqRyYrA-vre6C3YE-22yKRl--YDQ7F_Rwe4sHUbOgw	\N	2025-03-10 10:56:26+08	\N	7c5f5c4c522f4124b24ac0330594ac0d
325	eyJhbGciOiJIUzI1NiIsInR5cCI6IkpXVCJ9.eyJ0b2tlbl90eXBlIjoicmVmcmVzaCIsImV4cCI6MTc0MTU3NTQxNiwiaWF0IjoxNzM4OTgzNDE2LCJqdGkiOiI4NTkxYTNhMTkwYzk0MjcyYjc3OTU2Mjg1YzVkOWM5NiIsInVzZXJfaWQiOjF9.pGz4Bn2WDYEPHu2Fc9_7LDIDX16gioQrE5WyiFfeUlE	\N	2025-03-10 10:56:56+08	\N	8591a3a190c94272b77956285c5d9c96
326	eyJhbGciOiJIUzI1NiIsInR5cCI6IkpXVCJ9.eyJ0b2tlbl90eXBlIjoicmVmcmVzaCIsImV4cCI6MTc0MTU3NTQyNSwiaWF0IjoxNzM4OTgzNDI1LCJqdGkiOiJkMWJmZGQ5NTVjYmM0NGU5OGUyMjQxNjRmNmM1NjU0NyIsInVzZXJfaWQiOjF9.EuUgrdphEZaCM13yFHbIYVP-ClJYyFd484vR6tYN3k0	\N	2025-03-10 10:57:05+08	\N	d1bfdd955cbc44e98e224164f6c56547
327	eyJhbGciOiJIUzI1NiIsInR5cCI6IkpXVCJ9.eyJ0b2tlbl90eXBlIjoicmVmcmVzaCIsImV4cCI6MTc0MTU3NTQ3NiwiaWF0IjoxNzM4OTgzNDc2LCJqdGkiOiJkOWZiMTU5ZTkzZTI0MjdmYTkxMGI2YzRlMTFkMmMyYSIsInVzZXJfaWQiOjF9.V3RJUNPAvWVTS5eAynNn4BVB8zkrT1zOrqU5irBJdAQ	\N	2025-03-10 10:57:56+08	\N	d9fb159e93e2427fa910b6c4e11d2c2a
328	eyJhbGciOiJIUzI1NiIsInR5cCI6IkpXVCJ9.eyJ0b2tlbl90eXBlIjoicmVmcmVzaCIsImV4cCI6MTc0MTU3NTQ4OSwiaWF0IjoxNzM4OTgzNDg5LCJqdGkiOiI4NzQ3MmExYjQzNDE0N2VmYjhjYWU4YWNkZTBhMDcyZCIsInVzZXJfaWQiOjF9.VIzK1u0m6J1bdU3CQzjRvm4s154lcRQyCjVBQDou4DA	\N	2025-03-10 10:58:09+08	\N	87472a1b434147efb8cae8acde0a072d
329	eyJhbGciOiJIUzI1NiIsInR5cCI6IkpXVCJ9.eyJ0b2tlbl90eXBlIjoicmVmcmVzaCIsImV4cCI6MTc0MTU3NTU0OSwiaWF0IjoxNzM4OTgzNTQ5LCJqdGkiOiIyMGY1YjM3NTcyYjk0MWQwOWYxMTIwYTZkZmVlOGNhYSIsInVzZXJfaWQiOjF9.hJj5Zj41DHKsgaTC6jDHDAtgp2Y0mwEmThdf5GHIfN4	\N	2025-03-10 10:59:09+08	\N	20f5b37572b941d09f1120a6dfee8caa
330	eyJhbGciOiJIUzI1NiIsInR5cCI6IkpXVCJ9.eyJ0b2tlbl90eXBlIjoicmVmcmVzaCIsImV4cCI6MTc0MTU3NTU2MCwiaWF0IjoxNzM4OTgzNTYwLCJqdGkiOiJjM2EyNjE0MzA4YmI0NDU1ODA1MjY2ZTU0MzFjMWRhZCIsInVzZXJfaWQiOjF9.acgyWZ5WFEvsHOOVZ2zgRIw6Faty8c2ImmgLWspzoYw	\N	2025-03-10 10:59:20+08	\N	c3a2614308bb4455805266e5431c1dad
331	eyJhbGciOiJIUzI1NiIsInR5cCI6IkpXVCJ9.eyJ0b2tlbl90eXBlIjoicmVmcmVzaCIsImV4cCI6MTc0MTU3NjAzNiwiaWF0IjoxNzM4OTg0MDM2LCJqdGkiOiIyMjc3YzgwMWZiYzQ0ZDA5OGIzNTdlMWI5MmYwNGFmMSIsInVzZXJfaWQiOjF9.o5MuTmti3qllTR5Jia3U89Z0n-eL8p8PPLYKpFG1Ero	\N	2025-03-10 11:07:16+08	\N	2277c801fbc44d098b357e1b92f04af1
332	eyJhbGciOiJIUzI1NiIsInR5cCI6IkpXVCJ9.eyJ0b2tlbl90eXBlIjoicmVmcmVzaCIsImV4cCI6MTc0MTU3NzE1MywiaWF0IjoxNzM4OTg1MTUzLCJqdGkiOiJiMzI0NTc3NjQ3ODU0NjU0YmI4ZjEzMGU2NGZkMWMwMCIsInVzZXJfaWQiOjF9.PmcVp5UKJDY-6xCEDr1Z2Ij0qTJAYG17RwoZKGVvcnY	\N	2025-03-10 11:25:53+08	\N	b324577647854654bb8f130e64fd1c00
333	eyJhbGciOiJIUzI1NiIsInR5cCI6IkpXVCJ9.eyJ0b2tlbl90eXBlIjoicmVmcmVzaCIsImV4cCI6MTc0MTU3NzE4NCwiaWF0IjoxNzM4OTg1MTg0LCJqdGkiOiI4YTg0NzNiYjNjMTU0YzdhOTNiMDY2OTQwZGQyNDhjMSIsInVzZXJfaWQiOjF9.CP-sbrV2Eqy_b5qE2kL0922UrTuSECR3aAGsaXY-NfQ	\N	2025-03-10 11:26:24+08	\N	8a8473bb3c154c7a93b066940dd248c1
334	eyJhbGciOiJIUzI1NiIsInR5cCI6IkpXVCJ9.eyJ0b2tlbl90eXBlIjoicmVmcmVzaCIsImV4cCI6MTc0MTU3NzIxOSwiaWF0IjoxNzM4OTg1MjE5LCJqdGkiOiJiNGNiZTY2ZDU4ZjM0MmYzYTVhOTg3Yzc3NzM3NzE3NyIsInVzZXJfaWQiOjF9.4pJluV5TNVR4Hujp54hidqYfTsNuSHOq3QGCDcHTbh0	\N	2025-03-10 11:26:59+08	\N	b4cbe66d58f342f3a5a987c777377177
335	eyJhbGciOiJIUzI1NiIsInR5cCI6IkpXVCJ9.eyJ0b2tlbl90eXBlIjoicmVmcmVzaCIsImV4cCI6MTc0MTU3NzI3NCwiaWF0IjoxNzM4OTg1Mjc0LCJqdGkiOiJkMTA5OTI2ZTNiMzE0ZjQ3YTViMzc4YTRmNDE0MThhNCIsInVzZXJfaWQiOjF9.m2ZjOwMueHHCFvwDUNSsENCpnqx7gOA_FfIHhaPdFYk	\N	2025-03-10 11:27:54+08	\N	d109926e3b314f47a5b378a4f41418a4
336	eyJhbGciOiJIUzI1NiIsInR5cCI6IkpXVCJ9.eyJ0b2tlbl90eXBlIjoicmVmcmVzaCIsImV4cCI6MTc0MTU3NzI5OCwiaWF0IjoxNzM4OTg1Mjk4LCJqdGkiOiIzNWI3ZDczMDIwMzc0OWE0YjM5ZDI4MTQ1NjY5NTc0ZiIsInVzZXJfaWQiOjF9.YKriH01MSER4aLZdDdiDcSndXTI47QtgpM8vYwJOMM8	\N	2025-03-10 11:28:18+08	\N	35b7d730203749a4b39d28145669574f
337	eyJhbGciOiJIUzI1NiIsInR5cCI6IkpXVCJ9.eyJ0b2tlbl90eXBlIjoicmVmcmVzaCIsImV4cCI6MTc0MTU3NzMxNSwiaWF0IjoxNzM4OTg1MzE1LCJqdGkiOiIyYTI1MWFhYmVlYjY0MzllYTk0MTQ2NGUyYTgxZGYxOCIsInVzZXJfaWQiOjF9.0wTYOkuWHqsob8HoCaF44Di44OC8o2LcTFxmURerNyU	\N	2025-03-10 11:28:35+08	\N	2a251aabeeb6439ea941464e2a81df18
\.


--
-- TOC entry 3585 (class 0 OID 0)
-- Dependencies: 227
-- Name: account_user_groups_id_seq; Type: SEQUENCE SET; Schema: public; Owner: giantcld
--

SELECT pg_catalog.setval('public.account_user_groups_id_seq', 1, false);


--
-- TOC entry 3586 (class 0 OID 0)
-- Dependencies: 225
-- Name: account_user_id_seq; Type: SEQUENCE SET; Schema: public; Owner: giantcld
--

SELECT pg_catalog.setval('public.account_user_id_seq', 1, true);


--
-- TOC entry 3587 (class 0 OID 0)
-- Dependencies: 229
-- Name: account_user_user_permissions_id_seq; Type: SEQUENCE SET; Schema: public; Owner: giantcld
--

SELECT pg_catalog.setval('public.account_user_user_permissions_id_seq', 1, false);


--
-- TOC entry 3588 (class 0 OID 0)
-- Dependencies: 233
-- Name: admin_interface_theme_id_seq; Type: SEQUENCE SET; Schema: public; Owner: giantcld
--

SELECT pg_catalog.setval('public.admin_interface_theme_id_seq', 3, true);


--
-- TOC entry 3589 (class 0 OID 0)
-- Dependencies: 221
-- Name: auth_group_id_seq; Type: SEQUENCE SET; Schema: public; Owner: giantcld
--

SELECT pg_catalog.setval('public.auth_group_id_seq', 1, true);


--
-- TOC entry 3590 (class 0 OID 0)
-- Dependencies: 223
-- Name: auth_group_permissions_id_seq; Type: SEQUENCE SET; Schema: public; Owner: giantcld
--

SELECT pg_catalog.setval('public.auth_group_permissions_id_seq', 1, false);


--
-- TOC entry 3591 (class 0 OID 0)
-- Dependencies: 219
-- Name: auth_permission_id_seq; Type: SEQUENCE SET; Schema: public; Owner: giantcld
--

SELECT pg_catalog.setval('public.auth_permission_id_seq', 66, true);


--
-- TOC entry 3592 (class 0 OID 0)
-- Dependencies: 256
-- Name: core_autodeskcredentials_groups_id_seq; Type: SEQUENCE SET; Schema: public; Owner: giantcld
--

SELECT pg_catalog.setval('public.core_autodeskcredentials_groups_id_seq', 1, false);


--
-- TOC entry 3593 (class 0 OID 0)
-- Dependencies: 254
-- Name: core_autodeskcredentials_id_seq; Type: SEQUENCE SET; Schema: public; Owner: giantcld
--

SELECT pg_catalog.setval('public.core_autodeskcredentials_id_seq', 1, false);


--
-- TOC entry 3594 (class 0 OID 0)
-- Dependencies: 235
-- Name: core_locale_id_seq; Type: SEQUENCE SET; Schema: public; Owner: giantcld
--

SELECT pg_catalog.setval('public.core_locale_id_seq', 4, true);


--
-- TOC entry 3595 (class 0 OID 0)
-- Dependencies: 237
-- Name: core_navigation_id_seq; Type: SEQUENCE SET; Schema: public; Owner: giantcld
--

SELECT pg_catalog.setval('public.core_navigation_id_seq', 10, true);


--
-- TOC entry 3596 (class 0 OID 0)
-- Dependencies: 239
-- Name: core_navigation_permissions_id_seq; Type: SEQUENCE SET; Schema: public; Owner: giantcld
--

SELECT pg_catalog.setval('public.core_navigation_permissions_id_seq', 1, false);


--
-- TOC entry 3597 (class 0 OID 0)
-- Dependencies: 241
-- Name: core_translation_id_seq; Type: SEQUENCE SET; Schema: public; Owner: giantcld
--

SELECT pg_catalog.setval('public.core_translation_id_seq', 268, true);


--
-- TOC entry 3598 (class 0 OID 0)
-- Dependencies: 231
-- Name: django_admin_log_id_seq; Type: SEQUENCE SET; Schema: public; Owner: giantcld
--

SELECT pg_catalog.setval('public.django_admin_log_id_seq', 76, true);


--
-- TOC entry 3599 (class 0 OID 0)
-- Dependencies: 245
-- Name: django_celery_results_chordcounter_id_seq; Type: SEQUENCE SET; Schema: public; Owner: giantcld
--

SELECT pg_catalog.setval('public.django_celery_results_chordcounter_id_seq', 1, false);


--
-- TOC entry 3600 (class 0 OID 0)
-- Dependencies: 247
-- Name: django_celery_results_groupresult_id_seq; Type: SEQUENCE SET; Schema: public; Owner: giantcld
--

SELECT pg_catalog.setval('public.django_celery_results_groupresult_id_seq', 1, false);


--
-- TOC entry 3601 (class 0 OID 0)
-- Dependencies: 243
-- Name: django_celery_results_taskresult_id_seq; Type: SEQUENCE SET; Schema: public; Owner: giantcld
--

SELECT pg_catalog.setval('public.django_celery_results_taskresult_id_seq', 9, true);


--
-- TOC entry 3602 (class 0 OID 0)
-- Dependencies: 217
-- Name: django_content_type_id_seq; Type: SEQUENCE SET; Schema: public; Owner: giantcld
--

SELECT pg_catalog.setval('public.django_content_type_id_seq', 16, true);


--
-- TOC entry 3603 (class 0 OID 0)
-- Dependencies: 215
-- Name: django_migrations_id_seq; Type: SEQUENCE SET; Schema: public; Owner: giantcld
--

SELECT pg_catalog.setval('public.django_migrations_id_seq', 76, true);


--
-- TOC entry 3604 (class 0 OID 0)
-- Dependencies: 250
-- Name: token_blacklist_blacklistedtoken_id_seq; Type: SEQUENCE SET; Schema: public; Owner: giantcld
--

SELECT pg_catalog.setval('public.token_blacklist_blacklistedtoken_id_seq', 335, true);


--
-- TOC entry 3605 (class 0 OID 0)
-- Dependencies: 252
-- Name: token_blacklist_outstandingtoken_id_seq; Type: SEQUENCE SET; Schema: public; Owner: giantcld
--

SELECT pg_catalog.setval('public.token_blacklist_outstandingtoken_id_seq', 337, true);


--
-- TOC entry 3285 (class 2606 OID 125399)
-- Name: account_user account_user_email_key; Type: CONSTRAINT; Schema: public; Owner: giantcld
--

ALTER TABLE ONLY public.account_user
    ADD CONSTRAINT account_user_email_key UNIQUE (email);


--
-- TOC entry 3290 (class 2606 OID 125405)
-- Name: account_user_groups account_user_groups_pkey; Type: CONSTRAINT; Schema: public; Owner: giantcld
--

ALTER TABLE ONLY public.account_user_groups
    ADD CONSTRAINT account_user_groups_pkey PRIMARY KEY (id);


--
-- TOC entry 3293 (class 2606 OID 125414)
-- Name: account_user_groups account_user_groups_user_id_group_id_4d09af3e_uniq; Type: CONSTRAINT; Schema: public; Owner: giantcld
--

ALTER TABLE ONLY public.account_user_groups
    ADD CONSTRAINT account_user_groups_user_id_group_id_4d09af3e_uniq UNIQUE (user_id, group_id);


--
-- TOC entry 3287 (class 2606 OID 125397)
-- Name: account_user account_user_pkey; Type: CONSTRAINT; Schema: public; Owner: giantcld
--

ALTER TABLE ONLY public.account_user
    ADD CONSTRAINT account_user_pkey PRIMARY KEY (id);


--
-- TOC entry 3295 (class 2606 OID 125428)
-- Name: account_user_user_permissions account_user_user_permis_user_id_permission_id_48bdd28b_uniq; Type: CONSTRAINT; Schema: public; Owner: giantcld
--

ALTER TABLE ONLY public.account_user_user_permissions
    ADD CONSTRAINT account_user_user_permis_user_id_permission_id_48bdd28b_uniq UNIQUE (user_id, permission_id);


--
-- TOC entry 3298 (class 2606 OID 125411)
-- Name: account_user_user_permissions account_user_user_permissions_pkey; Type: CONSTRAINT; Schema: public; Owner: giantcld
--

ALTER TABLE ONLY public.account_user_user_permissions
    ADD CONSTRAINT account_user_user_permissions_pkey PRIMARY KEY (id);


--
-- TOC entry 3306 (class 2606 OID 125484)
-- Name: admin_interface_theme admin_interface_theme_name_30bda70f_uniq; Type: CONSTRAINT; Schema: public; Owner: giantcld
--

ALTER TABLE ONLY public.admin_interface_theme
    ADD CONSTRAINT admin_interface_theme_name_30bda70f_uniq UNIQUE (name);


--
-- TOC entry 3308 (class 2606 OID 125469)
-- Name: admin_interface_theme admin_interface_theme_pkey; Type: CONSTRAINT; Schema: public; Owner: giantcld
--

ALTER TABLE ONLY public.admin_interface_theme
    ADD CONSTRAINT admin_interface_theme_pkey PRIMARY KEY (id);


--
-- TOC entry 3274 (class 2606 OID 125388)
-- Name: auth_group auth_group_name_key; Type: CONSTRAINT; Schema: public; Owner: giantcld
--

ALTER TABLE ONLY public.auth_group
    ADD CONSTRAINT auth_group_name_key UNIQUE (name);


--
-- TOC entry 3279 (class 2606 OID 125374)
-- Name: auth_group_permissions auth_group_permissions_group_id_permission_id_0cd325b0_uniq; Type: CONSTRAINT; Schema: public; Owner: giantcld
--

ALTER TABLE ONLY public.auth_group_permissions
    ADD CONSTRAINT auth_group_permissions_group_id_permission_id_0cd325b0_uniq UNIQUE (group_id, permission_id);


--
-- TOC entry 3282 (class 2606 OID 125363)
-- Name: auth_group_permissions auth_group_permissions_pkey; Type: CONSTRAINT; Schema: public; Owner: giantcld
--

ALTER TABLE ONLY public.auth_group_permissions
    ADD CONSTRAINT auth_group_permissions_pkey PRIMARY KEY (id);


--
-- TOC entry 3276 (class 2606 OID 125355)
-- Name: auth_group auth_group_pkey; Type: CONSTRAINT; Schema: public; Owner: giantcld
--

ALTER TABLE ONLY public.auth_group
    ADD CONSTRAINT auth_group_pkey PRIMARY KEY (id);


--
-- TOC entry 3269 (class 2606 OID 125365)
-- Name: auth_permission auth_permission_content_type_id_codename_01ab375a_uniq; Type: CONSTRAINT; Schema: public; Owner: giantcld
--

ALTER TABLE ONLY public.auth_permission
    ADD CONSTRAINT auth_permission_content_type_id_codename_01ab375a_uniq UNIQUE (content_type_id, codename);


--
-- TOC entry 3271 (class 2606 OID 125349)
-- Name: auth_permission auth_permission_pkey; Type: CONSTRAINT; Schema: public; Owner: giantcld
--

ALTER TABLE ONLY public.auth_permission
    ADD CONSTRAINT auth_permission_pkey PRIMARY KEY (id);


--
-- TOC entry 3371 (class 2606 OID 125736)
-- Name: core_autodeskcredentials_groups core_autodeskcredentials_autodeskcredentials_id_g_7966f20c_uniq; Type: CONSTRAINT; Schema: public; Owner: giantcld
--

ALTER TABLE ONLY public.core_autodeskcredentials_groups
    ADD CONSTRAINT core_autodeskcredentials_autodeskcredentials_id_g_7966f20c_uniq UNIQUE (autodeskcredentials_id, group_id);


--
-- TOC entry 3367 (class 2606 OID 125727)
-- Name: core_autodeskcredentials core_autodeskcredentials_client_id_key; Type: CONSTRAINT; Schema: public; Owner: giantcld
--

ALTER TABLE ONLY public.core_autodeskcredentials
    ADD CONSTRAINT core_autodeskcredentials_client_id_key UNIQUE (client_id);


--
-- TOC entry 3375 (class 2606 OID 125733)
-- Name: core_autodeskcredentials_groups core_autodeskcredentials_groups_pkey; Type: CONSTRAINT; Schema: public; Owner: giantcld
--

ALTER TABLE ONLY public.core_autodeskcredentials_groups
    ADD CONSTRAINT core_autodeskcredentials_groups_pkey PRIMARY KEY (id);


--
-- TOC entry 3369 (class 2606 OID 125725)
-- Name: core_autodeskcredentials core_autodeskcredentials_pkey; Type: CONSTRAINT; Schema: public; Owner: giantcld
--

ALTER TABLE ONLY public.core_autodeskcredentials
    ADD CONSTRAINT core_autodeskcredentials_pkey PRIMARY KEY (id);


--
-- TOC entry 3311 (class 2606 OID 125515)
-- Name: core_locale core_locale_code_key; Type: CONSTRAINT; Schema: public; Owner: giantcld
--

ALTER TABLE ONLY public.core_locale
    ADD CONSTRAINT core_locale_code_key UNIQUE (lang);


--
-- TOC entry 3313 (class 2606 OID 125513)
-- Name: core_locale core_locale_pkey; Type: CONSTRAINT; Schema: public; Owner: giantcld
--

ALTER TABLE ONLY public.core_locale
    ADD CONSTRAINT core_locale_pkey PRIMARY KEY (id);


--
-- TOC entry 3319 (class 2606 OID 125551)
-- Name: core_navigation_permissions core_navigation_permissi_navigation_id_permission_4d4bd10a_uniq; Type: CONSTRAINT; Schema: public; Owner: giantcld
--

ALTER TABLE ONLY public.core_navigation_permissions
    ADD CONSTRAINT core_navigation_permissi_navigation_id_permission_4d4bd10a_uniq UNIQUE (navigation_id, permission_id);


--
-- TOC entry 3323 (class 2606 OID 125533)
-- Name: core_navigation_permissions core_navigation_permissions_pkey; Type: CONSTRAINT; Schema: public; Owner: giantcld
--

ALTER TABLE ONLY public.core_navigation_permissions
    ADD CONSTRAINT core_navigation_permissions_pkey PRIMARY KEY (id);


--
-- TOC entry 3316 (class 2606 OID 125527)
-- Name: core_navigation core_navigation_pkey; Type: CONSTRAINT; Schema: public; Owner: giantcld
--

ALTER TABLE ONLY public.core_navigation
    ADD CONSTRAINT core_navigation_pkey PRIMARY KEY (id);


--
-- TOC entry 3325 (class 2606 OID 125565)
-- Name: core_translation core_translation_key_lang_id_82369307_uniq; Type: CONSTRAINT; Schema: public; Owner: giantcld
--

ALTER TABLE ONLY public.core_translation
    ADD CONSTRAINT core_translation_key_lang_id_82369307_uniq UNIQUE (key, locale_id);


--
-- TOC entry 3328 (class 2606 OID 125541)
-- Name: core_translation core_translation_pkey; Type: CONSTRAINT; Schema: public; Owner: giantcld
--

ALTER TABLE ONLY public.core_translation
    ADD CONSTRAINT core_translation_pkey PRIMARY KEY (id);


--
-- TOC entry 3302 (class 2606 OID 125449)
-- Name: django_admin_log django_admin_log_pkey; Type: CONSTRAINT; Schema: public; Owner: giantcld
--

ALTER TABLE ONLY public.django_admin_log
    ADD CONSTRAINT django_admin_log_pkey PRIMARY KEY (id);


--
-- TOC entry 3341 (class 2606 OID 125603)
-- Name: django_celery_results_chordcounter django_celery_results_chordcounter_group_id_key; Type: CONSTRAINT; Schema: public; Owner: giantcld
--

ALTER TABLE ONLY public.django_celery_results_chordcounter
    ADD CONSTRAINT django_celery_results_chordcounter_group_id_key UNIQUE (group_id);


--
-- TOC entry 3343 (class 2606 OID 125601)
-- Name: django_celery_results_chordcounter django_celery_results_chordcounter_pkey; Type: CONSTRAINT; Schema: public; Owner: giantcld
--

ALTER TABLE ONLY public.django_celery_results_chordcounter
    ADD CONSTRAINT django_celery_results_chordcounter_pkey PRIMARY KEY (id);


--
-- TOC entry 3348 (class 2606 OID 125614)
-- Name: django_celery_results_groupresult django_celery_results_groupresult_group_id_key; Type: CONSTRAINT; Schema: public; Owner: giantcld
--

ALTER TABLE ONLY public.django_celery_results_groupresult
    ADD CONSTRAINT django_celery_results_groupresult_group_id_key UNIQUE (group_id);


--
-- TOC entry 3350 (class 2606 OID 125612)
-- Name: django_celery_results_groupresult django_celery_results_groupresult_pkey; Type: CONSTRAINT; Schema: public; Owner: giantcld
--

ALTER TABLE ONLY public.django_celery_results_groupresult
    ADD CONSTRAINT django_celery_results_groupresult_pkey PRIMARY KEY (id);


--
-- TOC entry 3335 (class 2606 OID 125579)
-- Name: django_celery_results_taskresult django_celery_results_taskresult_pkey; Type: CONSTRAINT; Schema: public; Owner: giantcld
--

ALTER TABLE ONLY public.django_celery_results_taskresult
    ADD CONSTRAINT django_celery_results_taskresult_pkey PRIMARY KEY (id);


--
-- TOC entry 3338 (class 2606 OID 125581)
-- Name: django_celery_results_taskresult django_celery_results_taskresult_task_id_key; Type: CONSTRAINT; Schema: public; Owner: giantcld
--

ALTER TABLE ONLY public.django_celery_results_taskresult
    ADD CONSTRAINT django_celery_results_taskresult_task_id_key UNIQUE (task_id);


--
-- TOC entry 3264 (class 2606 OID 125343)
-- Name: django_content_type django_content_type_app_label_model_76bd3d3b_uniq; Type: CONSTRAINT; Schema: public; Owner: giantcld
--

ALTER TABLE ONLY public.django_content_type
    ADD CONSTRAINT django_content_type_app_label_model_76bd3d3b_uniq UNIQUE (app_label, model);


--
-- TOC entry 3266 (class 2606 OID 125341)
-- Name: django_content_type django_content_type_pkey; Type: CONSTRAINT; Schema: public; Owner: giantcld
--

ALTER TABLE ONLY public.django_content_type
    ADD CONSTRAINT django_content_type_pkey PRIMARY KEY (id);


--
-- TOC entry 3262 (class 2606 OID 125335)
-- Name: django_migrations django_migrations_pkey; Type: CONSTRAINT; Schema: public; Owner: giantcld
--

ALTER TABLE ONLY public.django_migrations
    ADD CONSTRAINT django_migrations_pkey PRIMARY KEY (id);


--
-- TOC entry 3353 (class 2606 OID 125629)
-- Name: django_session django_session_pkey; Type: CONSTRAINT; Schema: public; Owner: giantcld
--

ALTER TABLE ONLY public.django_session
    ADD CONSTRAINT django_session_pkey PRIMARY KEY (session_key);


--
-- TOC entry 3356 (class 2606 OID 125671)
-- Name: token_blacklist_blacklistedtoken token_blacklist_blacklistedtoken_pkey; Type: CONSTRAINT; Schema: public; Owner: giantcld
--

ALTER TABLE ONLY public.token_blacklist_blacklistedtoken
    ADD CONSTRAINT token_blacklist_blacklistedtoken_pkey PRIMARY KEY (id);


--
-- TOC entry 3358 (class 2606 OID 125692)
-- Name: token_blacklist_blacklistedtoken token_blacklist_blacklistedtoken_token_id_key; Type: CONSTRAINT; Schema: public; Owner: giantcld
--

ALTER TABLE ONLY public.token_blacklist_blacklistedtoken
    ADD CONSTRAINT token_blacklist_blacklistedtoken_token_id_key UNIQUE (token_id);


--
-- TOC entry 3361 (class 2606 OID 125662)
-- Name: token_blacklist_outstandingtoken token_blacklist_outstandingtoken_jti_hex_d9bdf6f7_uniq; Type: CONSTRAINT; Schema: public; Owner: giantcld
--

ALTER TABLE ONLY public.token_blacklist_outstandingtoken
    ADD CONSTRAINT token_blacklist_outstandingtoken_jti_hex_d9bdf6f7_uniq UNIQUE (jti);


--
-- TOC entry 3363 (class 2606 OID 125680)
-- Name: token_blacklist_outstandingtoken token_blacklist_outstandingtoken_pkey; Type: CONSTRAINT; Schema: public; Owner: giantcld
--

ALTER TABLE ONLY public.token_blacklist_outstandingtoken
    ADD CONSTRAINT token_blacklist_outstandingtoken_pkey PRIMARY KEY (id);


--
-- TOC entry 3283 (class 1259 OID 125412)
-- Name: account_user_email_0bd7c421_like; Type: INDEX; Schema: public; Owner: giantcld
--

CREATE INDEX account_user_email_0bd7c421_like ON public.account_user USING btree (email varchar_pattern_ops);


--
-- TOC entry 3288 (class 1259 OID 125426)
-- Name: account_user_groups_group_id_6c71f749; Type: INDEX; Schema: public; Owner: giantcld
--

CREATE INDEX account_user_groups_group_id_6c71f749 ON public.account_user_groups USING btree (group_id);


--
-- TOC entry 3291 (class 1259 OID 125425)
-- Name: account_user_groups_user_id_14345e7b; Type: INDEX; Schema: public; Owner: giantcld
--

CREATE INDEX account_user_groups_user_id_14345e7b ON public.account_user_groups USING btree (user_id);


--
-- TOC entry 3296 (class 1259 OID 125440)
-- Name: account_user_user_permissions_permission_id_66c44191; Type: INDEX; Schema: public; Owner: giantcld
--

CREATE INDEX account_user_user_permissions_permission_id_66c44191 ON public.account_user_user_permissions USING btree (permission_id);


--
-- TOC entry 3299 (class 1259 OID 125439)
-- Name: account_user_user_permissions_user_id_cc42d270; Type: INDEX; Schema: public; Owner: giantcld
--

CREATE INDEX account_user_user_permissions_user_id_cc42d270 ON public.account_user_user_permissions USING btree (user_id);


--
-- TOC entry 3304 (class 1259 OID 125485)
-- Name: admin_interface_theme_name_30bda70f_like; Type: INDEX; Schema: public; Owner: giantcld
--

CREATE INDEX admin_interface_theme_name_30bda70f_like ON public.admin_interface_theme USING btree (name varchar_pattern_ops);


--
-- TOC entry 3272 (class 1259 OID 125389)
-- Name: auth_group_name_a6ea08ec_like; Type: INDEX; Schema: public; Owner: giantcld
--

CREATE INDEX auth_group_name_a6ea08ec_like ON public.auth_group USING btree (name varchar_pattern_ops);


--
-- TOC entry 3277 (class 1259 OID 125385)
-- Name: auth_group_permissions_group_id_b120cbf9; Type: INDEX; Schema: public; Owner: giantcld
--

CREATE INDEX auth_group_permissions_group_id_b120cbf9 ON public.auth_group_permissions USING btree (group_id);


--
-- TOC entry 3280 (class 1259 OID 125386)
-- Name: auth_group_permissions_permission_id_84c5c92e; Type: INDEX; Schema: public; Owner: giantcld
--

CREATE INDEX auth_group_permissions_permission_id_84c5c92e ON public.auth_group_permissions USING btree (permission_id);


--
-- TOC entry 3267 (class 1259 OID 125371)
-- Name: auth_permission_content_type_id_2f476e4b; Type: INDEX; Schema: public; Owner: giantcld
--

CREATE INDEX auth_permission_content_type_id_2f476e4b ON public.auth_permission USING btree (content_type_id);


--
-- TOC entry 3365 (class 1259 OID 125734)
-- Name: core_autodeskcredentials_client_id_8f68304e_like; Type: INDEX; Schema: public; Owner: giantcld
--

CREATE INDEX core_autodeskcredentials_client_id_8f68304e_like ON public.core_autodeskcredentials USING btree (client_id varchar_pattern_ops);


--
-- TOC entry 3372 (class 1259 OID 125747)
-- Name: core_autodeskcredentials_groups_autodeskcredentials_id_32c2c7c2; Type: INDEX; Schema: public; Owner: giantcld
--

CREATE INDEX core_autodeskcredentials_groups_autodeskcredentials_id_32c2c7c2 ON public.core_autodeskcredentials_groups USING btree (autodeskcredentials_id);


--
-- TOC entry 3373 (class 1259 OID 125748)
-- Name: core_autodeskcredentials_groups_group_id_b091d0bf; Type: INDEX; Schema: public; Owner: giantcld
--

CREATE INDEX core_autodeskcredentials_groups_group_id_b091d0bf ON public.core_autodeskcredentials_groups USING btree (group_id);


--
-- TOC entry 3309 (class 1259 OID 125542)
-- Name: core_locale_code_5c5f2347_like; Type: INDEX; Schema: public; Owner: giantcld
--

CREATE INDEX core_locale_code_5c5f2347_like ON public.core_locale USING btree (lang varchar_pattern_ops);


--
-- TOC entry 3314 (class 1259 OID 125549)
-- Name: core_navigation_parent_id_0a0ee36b; Type: INDEX; Schema: public; Owner: giantcld
--

CREATE INDEX core_navigation_parent_id_0a0ee36b ON public.core_navigation USING btree (parent_id);


--
-- TOC entry 3320 (class 1259 OID 125562)
-- Name: core_navigation_permissions_navigation_id_5025399d; Type: INDEX; Schema: public; Owner: giantcld
--

CREATE INDEX core_navigation_permissions_navigation_id_5025399d ON public.core_navigation_permissions USING btree (navigation_id);


--
-- TOC entry 3321 (class 1259 OID 125563)
-- Name: core_navigation_permissions_permission_id_dfacc148; Type: INDEX; Schema: public; Owner: giantcld
--

CREATE INDEX core_navigation_permissions_permission_id_dfacc148 ON public.core_navigation_permissions USING btree (permission_id);


--
-- TOC entry 3317 (class 1259 OID 125548)
-- Name: core_navigation_tree_id_9651f31f; Type: INDEX; Schema: public; Owner: giantcld
--

CREATE INDEX core_navigation_tree_id_9651f31f ON public.core_navigation USING btree (tree_id);


--
-- TOC entry 3326 (class 1259 OID 125571)
-- Name: core_translation_lang_id_576323e6; Type: INDEX; Schema: public; Owner: giantcld
--

CREATE INDEX core_translation_lang_id_576323e6 ON public.core_translation USING btree (locale_id);


--
-- TOC entry 3300 (class 1259 OID 125460)
-- Name: django_admin_log_content_type_id_c4bce8eb; Type: INDEX; Schema: public; Owner: giantcld
--

CREATE INDEX django_admin_log_content_type_id_c4bce8eb ON public.django_admin_log USING btree (content_type_id);


--
-- TOC entry 3303 (class 1259 OID 125461)
-- Name: django_admin_log_user_id_c564eba6; Type: INDEX; Schema: public; Owner: giantcld
--

CREATE INDEX django_admin_log_user_id_c564eba6 ON public.django_admin_log USING btree (user_id);


--
-- TOC entry 3344 (class 1259 OID 125620)
-- Name: django_cele_date_cr_bd6c1d_idx; Type: INDEX; Schema: public; Owner: giantcld
--

CREATE INDEX django_cele_date_cr_bd6c1d_idx ON public.django_celery_results_groupresult USING btree (date_created);


--
-- TOC entry 3329 (class 1259 OID 125618)
-- Name: django_cele_date_cr_f04a50_idx; Type: INDEX; Schema: public; Owner: giantcld
--

CREATE INDEX django_cele_date_cr_f04a50_idx ON public.django_celery_results_taskresult USING btree (date_created);


--
-- TOC entry 3345 (class 1259 OID 125621)
-- Name: django_cele_date_do_caae0e_idx; Type: INDEX; Schema: public; Owner: giantcld
--

CREATE INDEX django_cele_date_do_caae0e_idx ON public.django_celery_results_groupresult USING btree (date_done);


--
-- TOC entry 3330 (class 1259 OID 125619)
-- Name: django_cele_date_do_f59aad_idx; Type: INDEX; Schema: public; Owner: giantcld
--

CREATE INDEX django_cele_date_do_f59aad_idx ON public.django_celery_results_taskresult USING btree (date_done);


--
-- TOC entry 3331 (class 1259 OID 125616)
-- Name: django_cele_status_9b6201_idx; Type: INDEX; Schema: public; Owner: giantcld
--

CREATE INDEX django_cele_status_9b6201_idx ON public.django_celery_results_taskresult USING btree (status);


--
-- TOC entry 3332 (class 1259 OID 125615)
-- Name: django_cele_task_na_08aec9_idx; Type: INDEX; Schema: public; Owner: giantcld
--

CREATE INDEX django_cele_task_na_08aec9_idx ON public.django_celery_results_taskresult USING btree (task_name);


--
-- TOC entry 3333 (class 1259 OID 125617)
-- Name: django_cele_worker_d54dd8_idx; Type: INDEX; Schema: public; Owner: giantcld
--

CREATE INDEX django_cele_worker_d54dd8_idx ON public.django_celery_results_taskresult USING btree (worker);


--
-- TOC entry 3339 (class 1259 OID 125604)
-- Name: django_celery_results_chordcounter_group_id_1f70858c_like; Type: INDEX; Schema: public; Owner: giantcld
--

CREATE INDEX django_celery_results_chordcounter_group_id_1f70858c_like ON public.django_celery_results_chordcounter USING btree (group_id varchar_pattern_ops);


--
-- TOC entry 3346 (class 1259 OID 125622)
-- Name: django_celery_results_groupresult_group_id_a085f1a9_like; Type: INDEX; Schema: public; Owner: giantcld
--

CREATE INDEX django_celery_results_groupresult_group_id_a085f1a9_like ON public.django_celery_results_groupresult USING btree (group_id varchar_pattern_ops);


--
-- TOC entry 3336 (class 1259 OID 125582)
-- Name: django_celery_results_taskresult_task_id_de0d95bf_like; Type: INDEX; Schema: public; Owner: giantcld
--

CREATE INDEX django_celery_results_taskresult_task_id_de0d95bf_like ON public.django_celery_results_taskresult USING btree (task_id varchar_pattern_ops);


--
-- TOC entry 3351 (class 1259 OID 125631)
-- Name: django_session_expire_date_a5c62663; Type: INDEX; Schema: public; Owner: giantcld
--

CREATE INDEX django_session_expire_date_a5c62663 ON public.django_session USING btree (expire_date);


--
-- TOC entry 3354 (class 1259 OID 125630)
-- Name: django_session_session_key_c0390e0f_like; Type: INDEX; Schema: public; Owner: giantcld
--

CREATE INDEX django_session_session_key_c0390e0f_like ON public.django_session USING btree (session_key varchar_pattern_ops);


--
-- TOC entry 3359 (class 1259 OID 125663)
-- Name: token_blacklist_outstandingtoken_jti_hex_d9bdf6f7_like; Type: INDEX; Schema: public; Owner: giantcld
--

CREATE INDEX token_blacklist_outstandingtoken_jti_hex_d9bdf6f7_like ON public.token_blacklist_outstandingtoken USING btree (jti varchar_pattern_ops);


--
-- TOC entry 3364 (class 1259 OID 125660)
-- Name: token_blacklist_outstandingtoken_user_id_83bc629a; Type: INDEX; Schema: public; Owner: giantcld
--

CREATE INDEX token_blacklist_outstandingtoken_user_id_83bc629a ON public.token_blacklist_outstandingtoken USING btree (user_id);


--
-- TOC entry 3379 (class 2606 OID 125420)
-- Name: account_user_groups account_user_groups_group_id_6c71f749_fk_auth_group_id; Type: FK CONSTRAINT; Schema: public; Owner: giantcld
--

ALTER TABLE ONLY public.account_user_groups
    ADD CONSTRAINT account_user_groups_group_id_6c71f749_fk_auth_group_id FOREIGN KEY (group_id) REFERENCES public.auth_group(id) DEFERRABLE INITIALLY DEFERRED;


--
-- TOC entry 3380 (class 2606 OID 125415)
-- Name: account_user_groups account_user_groups_user_id_14345e7b_fk_account_user_id; Type: FK CONSTRAINT; Schema: public; Owner: giantcld
--

ALTER TABLE ONLY public.account_user_groups
    ADD CONSTRAINT account_user_groups_user_id_14345e7b_fk_account_user_id FOREIGN KEY (user_id) REFERENCES public.account_user(id) DEFERRABLE INITIALLY DEFERRED;


--
-- TOC entry 3381 (class 2606 OID 125434)
-- Name: account_user_user_permissions account_user_user_pe_permission_id_66c44191_fk_auth_perm; Type: FK CONSTRAINT; Schema: public; Owner: giantcld
--

ALTER TABLE ONLY public.account_user_user_permissions
    ADD CONSTRAINT account_user_user_pe_permission_id_66c44191_fk_auth_perm FOREIGN KEY (permission_id) REFERENCES public.auth_permission(id) DEFERRABLE INITIALLY DEFERRED;


--
-- TOC entry 3382 (class 2606 OID 125429)
-- Name: account_user_user_permissions account_user_user_pe_user_id_cc42d270_fk_account_u; Type: FK CONSTRAINT; Schema: public; Owner: giantcld
--

ALTER TABLE ONLY public.account_user_user_permissions
    ADD CONSTRAINT account_user_user_pe_user_id_cc42d270_fk_account_u FOREIGN KEY (user_id) REFERENCES public.account_user(id) DEFERRABLE INITIALLY DEFERRED;


--
-- TOC entry 3377 (class 2606 OID 125380)
-- Name: auth_group_permissions auth_group_permissio_permission_id_84c5c92e_fk_auth_perm; Type: FK CONSTRAINT; Schema: public; Owner: giantcld
--

ALTER TABLE ONLY public.auth_group_permissions
    ADD CONSTRAINT auth_group_permissio_permission_id_84c5c92e_fk_auth_perm FOREIGN KEY (permission_id) REFERENCES public.auth_permission(id) DEFERRABLE INITIALLY DEFERRED;


--
-- TOC entry 3378 (class 2606 OID 125375)
-- Name: auth_group_permissions auth_group_permissions_group_id_b120cbf9_fk_auth_group_id; Type: FK CONSTRAINT; Schema: public; Owner: giantcld
--

ALTER TABLE ONLY public.auth_group_permissions
    ADD CONSTRAINT auth_group_permissions_group_id_b120cbf9_fk_auth_group_id FOREIGN KEY (group_id) REFERENCES public.auth_group(id) DEFERRABLE INITIALLY DEFERRED;


--
-- TOC entry 3376 (class 2606 OID 125366)
-- Name: auth_permission auth_permission_content_type_id_2f476e4b_fk_django_co; Type: FK CONSTRAINT; Schema: public; Owner: giantcld
--

ALTER TABLE ONLY public.auth_permission
    ADD CONSTRAINT auth_permission_content_type_id_2f476e4b_fk_django_co FOREIGN KEY (content_type_id) REFERENCES public.django_content_type(id) DEFERRABLE INITIALLY DEFERRED;


--
-- TOC entry 3391 (class 2606 OID 125737)
-- Name: core_autodeskcredentials_groups core_autodeskcredent_autodeskcredentials__32c2c7c2_fk_core_auto; Type: FK CONSTRAINT; Schema: public; Owner: giantcld
--

ALTER TABLE ONLY public.core_autodeskcredentials_groups
    ADD CONSTRAINT core_autodeskcredent_autodeskcredentials__32c2c7c2_fk_core_auto FOREIGN KEY (autodeskcredentials_id) REFERENCES public.core_autodeskcredentials(id) DEFERRABLE INITIALLY DEFERRED;


--
-- TOC entry 3392 (class 2606 OID 125742)
-- Name: core_autodeskcredentials_groups core_autodeskcredent_group_id_b091d0bf_fk_auth_grou; Type: FK CONSTRAINT; Schema: public; Owner: giantcld
--

ALTER TABLE ONLY public.core_autodeskcredentials_groups
    ADD CONSTRAINT core_autodeskcredent_group_id_b091d0bf_fk_auth_grou FOREIGN KEY (group_id) REFERENCES public.auth_group(id) DEFERRABLE INITIALLY DEFERRED;


--
-- TOC entry 3385 (class 2606 OID 125543)
-- Name: core_navigation core_navigation_parent_id_0a0ee36b_fk_core_navigation_id; Type: FK CONSTRAINT; Schema: public; Owner: giantcld
--

ALTER TABLE ONLY public.core_navigation
    ADD CONSTRAINT core_navigation_parent_id_0a0ee36b_fk_core_navigation_id FOREIGN KEY (parent_id) REFERENCES public.core_navigation(id) DEFERRABLE INITIALLY DEFERRED;


--
-- TOC entry 3386 (class 2606 OID 125552)
-- Name: core_navigation_permissions core_navigation_perm_navigation_id_5025399d_fk_core_navi; Type: FK CONSTRAINT; Schema: public; Owner: giantcld
--

ALTER TABLE ONLY public.core_navigation_permissions
    ADD CONSTRAINT core_navigation_perm_navigation_id_5025399d_fk_core_navi FOREIGN KEY (navigation_id) REFERENCES public.core_navigation(id) DEFERRABLE INITIALLY DEFERRED;


--
-- TOC entry 3387 (class 2606 OID 125557)
-- Name: core_navigation_permissions core_navigation_perm_permission_id_dfacc148_fk_auth_perm; Type: FK CONSTRAINT; Schema: public; Owner: giantcld
--

ALTER TABLE ONLY public.core_navigation_permissions
    ADD CONSTRAINT core_navigation_perm_permission_id_dfacc148_fk_auth_perm FOREIGN KEY (permission_id) REFERENCES public.auth_permission(id) DEFERRABLE INITIALLY DEFERRED;


--
-- TOC entry 3388 (class 2606 OID 125704)
-- Name: core_translation core_translation_locale_id_af238300_fk_core_locale_id; Type: FK CONSTRAINT; Schema: public; Owner: giantcld
--

ALTER TABLE ONLY public.core_translation
    ADD CONSTRAINT core_translation_locale_id_af238300_fk_core_locale_id FOREIGN KEY (locale_id) REFERENCES public.core_locale(id) DEFERRABLE INITIALLY DEFERRED;


--
-- TOC entry 3383 (class 2606 OID 125450)
-- Name: django_admin_log django_admin_log_content_type_id_c4bce8eb_fk_django_co; Type: FK CONSTRAINT; Schema: public; Owner: giantcld
--

ALTER TABLE ONLY public.django_admin_log
    ADD CONSTRAINT django_admin_log_content_type_id_c4bce8eb_fk_django_co FOREIGN KEY (content_type_id) REFERENCES public.django_content_type(id) DEFERRABLE INITIALLY DEFERRED;


--
-- TOC entry 3384 (class 2606 OID 125455)
-- Name: django_admin_log django_admin_log_user_id_c564eba6_fk_account_user_id; Type: FK CONSTRAINT; Schema: public; Owner: giantcld
--

ALTER TABLE ONLY public.django_admin_log
    ADD CONSTRAINT django_admin_log_user_id_c564eba6_fk_account_user_id FOREIGN KEY (user_id) REFERENCES public.account_user(id) DEFERRABLE INITIALLY DEFERRED;


--
-- TOC entry 3389 (class 2606 OID 125698)
-- Name: token_blacklist_blacklistedtoken token_blacklist_blacklistedtoken_token_id_3cc7fe56_fk; Type: FK CONSTRAINT; Schema: public; Owner: giantcld
--

ALTER TABLE ONLY public.token_blacklist_blacklistedtoken
    ADD CONSTRAINT token_blacklist_blacklistedtoken_token_id_3cc7fe56_fk FOREIGN KEY (token_id) REFERENCES public.token_blacklist_outstandingtoken(id) DEFERRABLE INITIALLY DEFERRED;


--
-- TOC entry 3390 (class 2606 OID 125664)
-- Name: token_blacklist_outstandingtoken token_blacklist_outs_user_id_83bc629a_fk_account_u; Type: FK CONSTRAINT; Schema: public; Owner: giantcld
--

ALTER TABLE ONLY public.token_blacklist_outstandingtoken
    ADD CONSTRAINT token_blacklist_outs_user_id_83bc629a_fk_account_u FOREIGN KEY (user_id) REFERENCES public.account_user(id) DEFERRABLE INITIALLY DEFERRED;


--
-- TOC entry 3584 (class 0 OID 0)
-- Dependencies: 5
-- Name: SCHEMA public; Type: ACL; Schema: -; Owner: postgres
--

REVOKE USAGE ON SCHEMA public FROM PUBLIC;
GRANT ALL ON SCHEMA public TO PUBLIC;


-- Completed on 2025-02-08 11:35:07 CST

--
-- PostgreSQL database dump complete
--

