--
-- PostgreSQL database dump
--

-- Dumped from database version 16.6 (Ubuntu 16.6-1.pgdg20.04+1)
-- Dumped by pg_dump version 17.1

-- Started on 2025-01-23 14:43:03

SET statement_timeout = 0;
SET lock_timeout = 0;
SET idle_in_transaction_session_timeout = 0;
SET transaction_timeout = 0;
SET client_encoding = 'UTF8';
SET standard_conforming_strings = on;
SELECT pg_catalog.set_config('search_path', '', false);
SET check_function_bodies = false;
SET xmloption = content;
SET client_min_messages = warning;
SET row_security = off;

--
-- TOC entry 5 (class 2615 OID 2200)
-- Name: public; Type: SCHEMA; Schema: -; Owner: postgres
--

-- *not* creating schema, since initdb creates it


ALTER SCHEMA public OWNER TO postgres;

SET default_tablespace = '';

SET default_table_access_method = heap;

--
-- TOC entry 226 (class 1259 OID 125391)
-- Name: account_user; Type: TABLE; Schema: public; Owner: giantcld
--

CREATE TABLE public.account_user (
    id bigint NOT NULL,
    password character varying(128) NOT NULL,
    last_login timestamp with time zone,
    is_superuser boolean NOT NULL,
    first_name character varying(150) NOT NULL,
    last_name character varying(150) NOT NULL,
    is_staff boolean NOT NULL,
    is_active boolean NOT NULL,
    date_joined timestamp with time zone NOT NULL,
    email character varying(254) NOT NULL,
    username character varying(255)
);


ALTER TABLE public.account_user OWNER TO giantcld;

--
-- TOC entry 228 (class 1259 OID 125401)
-- Name: account_user_groups; Type: TABLE; Schema: public; Owner: giantcld
--

CREATE TABLE public.account_user_groups (
    id bigint NOT NULL,
    user_id bigint NOT NULL,
    group_id integer NOT NULL
);


ALTER TABLE public.account_user_groups OWNER TO giantcld;

--
-- TOC entry 227 (class 1259 OID 125400)
-- Name: account_user_groups_id_seq; Type: SEQUENCE; Schema: public; Owner: giantcld
--

ALTER TABLE public.account_user_groups ALTER COLUMN id ADD GENERATED BY DEFAULT AS IDENTITY (
    SEQUENCE NAME public.account_user_groups_id_seq
    START WITH 1
    INCREMENT BY 1
    NO MINVALUE
    NO MAXVALUE
    CACHE 1
);


--
-- TOC entry 225 (class 1259 OID 125390)
-- Name: account_user_id_seq; Type: SEQUENCE; Schema: public; Owner: giantcld
--

ALTER TABLE public.account_user ALTER COLUMN id ADD GENERATED BY DEFAULT AS IDENTITY (
    SEQUENCE NAME public.account_user_id_seq
    START WITH 1
    INCREMENT BY 1
    NO MINVALUE
    NO MAXVALUE
    CACHE 1
);


--
-- TOC entry 230 (class 1259 OID 125407)
-- Name: account_user_user_permissions; Type: TABLE; Schema: public; Owner: giantcld
--

CREATE TABLE public.account_user_user_permissions (
    id bigint NOT NULL,
    user_id bigint NOT NULL,
    permission_id integer NOT NULL
);


ALTER TABLE public.account_user_user_permissions OWNER TO giantcld;

--
-- TOC entry 229 (class 1259 OID 125406)
-- Name: account_user_user_permissions_id_seq; Type: SEQUENCE; Schema: public; Owner: giantcld
--

ALTER TABLE public.account_user_user_permissions ALTER COLUMN id ADD GENERATED BY DEFAULT AS IDENTITY (
    SEQUENCE NAME public.account_user_user_permissions_id_seq
    START WITH 1
    INCREMENT BY 1
    NO MINVALUE
    NO MAXVALUE
    CACHE 1
);


--
-- TOC entry 234 (class 1259 OID 125463)
-- Name: admin_interface_theme; Type: TABLE; Schema: public; Owner: giantcld
--

CREATE TABLE public.admin_interface_theme (
    id integer NOT NULL,
    name character varying(50) NOT NULL,
    active boolean NOT NULL,
    title character varying(50) NOT NULL,
    title_visible boolean NOT NULL,
    logo character varying(100) NOT NULL,
    logo_visible boolean NOT NULL,
    css_header_background_color character varying(10) NOT NULL,
    title_color character varying(10) NOT NULL,
    css_header_text_color character varying(10) NOT NULL,
    css_header_link_color character varying(10) NOT NULL,
    css_header_link_hover_color character varying(10) NOT NULL,
    css_module_background_color character varying(10) NOT NULL,
    css_module_text_color character varying(10) NOT NULL,
    css_module_link_color character varying(10) NOT NULL,
    css_module_link_hover_color character varying(10) NOT NULL,
    css_module_rounded_corners boolean NOT NULL,
    css_generic_link_color character varying(10) NOT NULL,
    css_generic_link_hover_color character varying(10) NOT NULL,
    css_save_button_background_color character varying(10) NOT NULL,
    css_save_button_background_hover_color character varying(10) NOT NULL,
    css_save_button_text_color character varying(10) NOT NULL,
    css_delete_button_background_color character varying(10) NOT NULL,
    css_delete_button_background_hover_color character varying(10) NOT NULL,
    css_delete_button_text_color character varying(10) NOT NULL,
    list_filter_dropdown boolean NOT NULL,
    related_modal_active boolean NOT NULL,
    related_modal_background_color character varying(10) NOT NULL,
    related_modal_rounded_corners boolean NOT NULL,
    logo_color character varying(10) NOT NULL,
    recent_actions_visible boolean NOT NULL,
    favicon character varying(100) NOT NULL,
    related_modal_background_opacity character varying(5) NOT NULL,
    env_name character varying(50) NOT NULL,
    env_visible_in_header boolean NOT NULL,
    env_color character varying(10) NOT NULL,
    env_visible_in_favicon boolean NOT NULL,
    related_modal_close_button_visible boolean NOT NULL,
    language_chooser_active boolean NOT NULL,
    language_chooser_display character varying(10) NOT NULL,
    list_filter_sticky boolean NOT NULL,
    form_pagination_sticky boolean NOT NULL,
    form_submit_sticky boolean NOT NULL,
    css_module_background_selected_color character varying(10) NOT NULL,
    css_module_link_selected_color character varying(10) NOT NULL,
    logo_max_height smallint NOT NULL,
    logo_max_width smallint NOT NULL,
    foldable_apps boolean NOT NULL,
    language_chooser_control character varying(20) NOT NULL,
    list_filter_highlight boolean NOT NULL,
    list_filter_removal_links boolean NOT NULL,
    show_fieldsets_as_tabs boolean NOT NULL,
    show_inlines_as_tabs boolean NOT NULL,
    css_generic_link_active_color character varying(10) NOT NULL,
    collapsible_stacked_inlines boolean NOT NULL,
    collapsible_stacked_inlines_collapsed boolean NOT NULL,
    collapsible_tabular_inlines boolean NOT NULL,
    collapsible_tabular_inlines_collapsed boolean NOT NULL,
    CONSTRAINT admin_interface_theme_logo_max_height_check CHECK ((logo_max_height >= 0)),
    CONSTRAINT admin_interface_theme_logo_max_width_check CHECK ((logo_max_width >= 0))
);


ALTER TABLE public.admin_interface_theme OWNER TO giantcld;

--
-- TOC entry 233 (class 1259 OID 125462)
-- Name: admin_interface_theme_id_seq; Type: SEQUENCE; Schema: public; Owner: giantcld
--

ALTER TABLE public.admin_interface_theme ALTER COLUMN id ADD GENERATED BY DEFAULT AS IDENTITY (
    SEQUENCE NAME public.admin_interface_theme_id_seq
    START WITH 1
    INCREMENT BY 1
    NO MINVALUE
    NO MAXVALUE
    CACHE 1
);


--
-- TOC entry 222 (class 1259 OID 125351)
-- Name: auth_group; Type: TABLE; Schema: public; Owner: giantcld
--

CREATE TABLE public.auth_group (
    id integer NOT NULL,
    name character varying(150) NOT NULL
);


ALTER TABLE public.auth_group OWNER TO giantcld;

--
-- TOC entry 221 (class 1259 OID 125350)
-- Name: auth_group_id_seq; Type: SEQUENCE; Schema: public; Owner: giantcld
--

ALTER TABLE public.auth_group ALTER COLUMN id ADD GENERATED BY DEFAULT AS IDENTITY (
    SEQUENCE NAME public.auth_group_id_seq
    START WITH 1
    INCREMENT BY 1
    NO MINVALUE
    NO MAXVALUE
    CACHE 1
);


--
-- TOC entry 224 (class 1259 OID 125359)
-- Name: auth_group_permissions; Type: TABLE; Schema: public; Owner: giantcld
--

CREATE TABLE public.auth_group_permissions (
    id bigint NOT NULL,
    group_id integer NOT NULL,
    permission_id integer NOT NULL
);


ALTER TABLE public.auth_group_permissions OWNER TO giantcld;

--
-- TOC entry 223 (class 1259 OID 125358)
-- Name: auth_group_permissions_id_seq; Type: SEQUENCE; Schema: public; Owner: giantcld
--

ALTER TABLE public.auth_group_permissions ALTER COLUMN id ADD GENERATED BY DEFAULT AS IDENTITY (
    SEQUENCE NAME public.auth_group_permissions_id_seq
    START WITH 1
    INCREMENT BY 1
    NO MINVALUE
    NO MAXVALUE
    CACHE 1
);


--
-- TOC entry 220 (class 1259 OID 125345)
-- Name: auth_permission; Type: TABLE; Schema: public; Owner: giantcld
--

CREATE TABLE public.auth_permission (
    id integer NOT NULL,
    name character varying(255) NOT NULL,
    content_type_id integer NOT NULL,
    codename character varying(100) NOT NULL
);


ALTER TABLE public.auth_permission OWNER TO giantcld;

--
-- TOC entry 219 (class 1259 OID 125344)
-- Name: auth_permission_id_seq; Type: SEQUENCE; Schema: public; Owner: giantcld
--

ALTER TABLE public.auth_permission ALTER COLUMN id ADD GENERATED BY DEFAULT AS IDENTITY (
    SEQUENCE NAME public.auth_permission_id_seq
    START WITH 1
    INCREMENT BY 1
    NO MINVALUE
    NO MAXVALUE
    CACHE 1
);


--
-- TOC entry 236 (class 1259 OID 125509)
-- Name: core_locale; Type: TABLE; Schema: public; Owner: giantcld
--

CREATE TABLE public.core_locale (
    id bigint NOT NULL,
    lang character varying(10) NOT NULL,
    name character varying(100) NOT NULL,
    is_active boolean NOT NULL
);


ALTER TABLE public.core_locale OWNER TO giantcld;

--
-- TOC entry 235 (class 1259 OID 125508)
-- Name: core_locale_id_seq; Type: SEQUENCE; Schema: public; Owner: giantcld
--

ALTER TABLE public.core_locale ALTER COLUMN id ADD GENERATED BY DEFAULT AS IDENTITY (
    SEQUENCE NAME public.core_locale_id_seq
    START WITH 1
    INCREMENT BY 1
    NO MINVALUE
    NO MAXVALUE
    CACHE 1
);


--
-- TOC entry 238 (class 1259 OID 125517)
-- Name: core_navigation; Type: TABLE; Schema: public; Owner: giantcld
--

CREATE TABLE public.core_navigation (
    id bigint NOT NULL,
    title_locale character varying(30) NOT NULL,
    subtitle_locale character varying(255),
    type character varying(20) NOT NULL,
    icon character varying(120),
    link character varying(255),
    is_active boolean NOT NULL,
    "order" integer NOT NULL,
    lft integer NOT NULL,
    rght integer NOT NULL,
    tree_id integer NOT NULL,
    level integer NOT NULL,
    parent_id bigint,
    CONSTRAINT core_navigation_level_check CHECK ((level >= 0)),
    CONSTRAINT core_navigation_lft_check CHECK ((lft >= 0)),
    CONSTRAINT core_navigation_rght_check CHECK ((rght >= 0)),
    CONSTRAINT core_navigation_tree_id_check CHECK ((tree_id >= 0))
);


ALTER TABLE public.core_navigation OWNER TO giantcld;

--
-- TOC entry 237 (class 1259 OID 125516)
-- Name: core_navigation_id_seq; Type: SEQUENCE; Schema: public; Owner: giantcld
--

ALTER TABLE public.core_navigation ALTER COLUMN id ADD GENERATED BY DEFAULT AS IDENTITY (
    SEQUENCE NAME public.core_navigation_id_seq
    START WITH 1
    INCREMENT BY 1
    NO MINVALUE
    NO MAXVALUE
    CACHE 1
);


--
-- TOC entry 240 (class 1259 OID 125529)
-- Name: core_navigation_permissions; Type: TABLE; Schema: public; Owner: giantcld
--

CREATE TABLE public.core_navigation_permissions (
    id bigint NOT NULL,
    navigation_id bigint NOT NULL,
    permission_id integer NOT NULL
);


ALTER TABLE public.core_navigation_permissions OWNER TO giantcld;

--
-- TOC entry 239 (class 1259 OID 125528)
-- Name: core_navigation_permissions_id_seq; Type: SEQUENCE; Schema: public; Owner: giantcld
--

ALTER TABLE public.core_navigation_permissions ALTER COLUMN id ADD GENERATED BY DEFAULT AS IDENTITY (
    SEQUENCE NAME public.core_navigation_permissions_id_seq
    START WITH 1
    INCREMENT BY 1
    NO MINVALUE
    NO MAXVALUE
    CACHE 1
);


--
-- TOC entry 242 (class 1259 OID 125535)
-- Name: core_translation; Type: TABLE; Schema: public; Owner: giantcld
--

CREATE TABLE public.core_translation (
    id bigint NOT NULL,
    key character varying(255) NOT NULL,
    value text NOT NULL,
    locale_id bigint NOT NULL
);


ALTER TABLE public.core_translation OWNER TO giantcld;

--
-- TOC entry 241 (class 1259 OID 125534)
-- Name: core_translation_id_seq; Type: SEQUENCE; Schema: public; Owner: giantcld
--

ALTER TABLE public.core_translation ALTER COLUMN id ADD GENERATED BY DEFAULT AS IDENTITY (
    SEQUENCE NAME public.core_translation_id_seq
    START WITH 1
    INCREMENT BY 1
    NO MINVALUE
    NO MAXVALUE
    CACHE 1
);


--
-- TOC entry 232 (class 1259 OID 125442)
-- Name: django_admin_log; Type: TABLE; Schema: public; Owner: giantcld
--

CREATE TABLE public.django_admin_log (
    id integer NOT NULL,
    action_time timestamp with time zone NOT NULL,
    object_id text,
    object_repr character varying(200) NOT NULL,
    action_flag smallint NOT NULL,
    change_message text NOT NULL,
    content_type_id integer,
    user_id bigint NOT NULL,
    CONSTRAINT django_admin_log_action_flag_check CHECK ((action_flag >= 0))
);


ALTER TABLE public.django_admin_log OWNER TO giantcld;

--
-- TOC entry 231 (class 1259 OID 125441)
-- Name: django_admin_log_id_seq; Type: SEQUENCE; Schema: public; Owner: giantcld
--

ALTER TABLE public.django_admin_log ALTER COLUMN id ADD GENERATED BY DEFAULT AS IDENTITY (
    SEQUENCE NAME public.django_admin_log_id_seq
    START WITH 1
    INCREMENT BY 1
    NO MINVALUE
    NO MAXVALUE
    CACHE 1
);


--
-- TOC entry 246 (class 1259 OID 125594)
-- Name: django_celery_results_chordcounter; Type: TABLE; Schema: public; Owner: giantcld
--

CREATE TABLE public.django_celery_results_chordcounter (
    id integer NOT NULL,
    group_id character varying(255) NOT NULL,
    sub_tasks text NOT NULL,
    count integer NOT NULL,
    CONSTRAINT django_celery_results_chordcounter_count_check CHECK ((count >= 0))
);


ALTER TABLE public.django_celery_results_chordcounter OWNER TO giantcld;

--
-- TOC entry 245 (class 1259 OID 125593)
-- Name: django_celery_results_chordcounter_id_seq; Type: SEQUENCE; Schema: public; Owner: giantcld
--

ALTER TABLE public.django_celery_results_chordcounter ALTER COLUMN id ADD GENERATED BY DEFAULT AS IDENTITY (
    SEQUENCE NAME public.django_celery_results_chordcounter_id_seq
    START WITH 1
    INCREMENT BY 1
    NO MINVALUE
    NO MAXVALUE
    CACHE 1
);


--
-- TOC entry 248 (class 1259 OID 125606)
-- Name: django_celery_results_groupresult; Type: TABLE; Schema: public; Owner: giantcld
--

CREATE TABLE public.django_celery_results_groupresult (
    id integer NOT NULL,
    group_id character varying(255) NOT NULL,
    date_created timestamp with time zone NOT NULL,
    date_done timestamp with time zone NOT NULL,
    content_type character varying(128) NOT NULL,
    content_encoding character varying(64) NOT NULL,
    result text
);


ALTER TABLE public.django_celery_results_groupresult OWNER TO giantcld;

--
-- TOC entry 247 (class 1259 OID 125605)
-- Name: django_celery_results_groupresult_id_seq; Type: SEQUENCE; Schema: public; Owner: giantcld
--

ALTER TABLE public.django_celery_results_groupresult ALTER COLUMN id ADD GENERATED BY DEFAULT AS IDENTITY (
    SEQUENCE NAME public.django_celery_results_groupresult_id_seq
    START WITH 1
    INCREMENT BY 1
    NO MINVALUE
    NO MAXVALUE
    CACHE 1
);


--
-- TOC entry 244 (class 1259 OID 125573)
-- Name: django_celery_results_taskresult; Type: TABLE; Schema: public; Owner: giantcld
--

CREATE TABLE public.django_celery_results_taskresult (
    id integer NOT NULL,
    task_id character varying(255) NOT NULL,
    status character varying(50) NOT NULL,
    content_type character varying(128) NOT NULL,
    content_encoding character varying(64) NOT NULL,
    result text,
    date_done timestamp with time zone NOT NULL,
    traceback text,
    meta text,
    task_args text,
    task_kwargs text,
    task_name character varying(255),
    worker character varying(100),
    date_created timestamp with time zone NOT NULL,
    periodic_task_name character varying(255)
);


ALTER TABLE public.django_celery_results_taskresult OWNER TO giantcld;

--
-- TOC entry 243 (class 1259 OID 125572)
-- Name: django_celery_results_taskresult_id_seq; Type: SEQUENCE; Schema: public; Owner: giantcld
--

ALTER TABLE public.django_celery_results_taskresult ALTER COLUMN id ADD GENERATED BY DEFAULT AS IDENTITY (
    SEQUENCE NAME public.django_celery_results_taskresult_id_seq
    START WITH 1
    INCREMENT BY 1
    NO MINVALUE
    NO MAXVALUE
    CACHE 1
);


--
-- TOC entry 218 (class 1259 OID 125337)
-- Name: django_content_type; Type: TABLE; Schema: public; Owner: giantcld
--

CREATE TABLE public.django_content_type (
    id integer NOT NULL,
    app_label character varying(100) NOT NULL,
    model character varying(100) NOT NULL
);


ALTER TABLE public.django_content_type OWNER TO giantcld;

--
-- TOC entry 217 (class 1259 OID 125336)
-- Name: django_content_type_id_seq; Type: SEQUENCE; Schema: public; Owner: giantcld
--

ALTER TABLE public.django_content_type ALTER COLUMN id ADD GENERATED BY DEFAULT AS IDENTITY (
    SEQUENCE NAME public.django_content_type_id_seq
    START WITH 1
    INCREMENT BY 1
    NO MINVALUE
    NO MAXVALUE
    CACHE 1
);


--
-- TOC entry 216 (class 1259 OID 125329)
-- Name: django_migrations; Type: TABLE; Schema: public; Owner: giantcld
--

CREATE TABLE public.django_migrations (
    id bigint NOT NULL,
    app character varying(255) NOT NULL,
    name character varying(255) NOT NULL,
    applied timestamp with time zone NOT NULL
);


ALTER TABLE public.django_migrations OWNER TO giantcld;

--
-- TOC entry 215 (class 1259 OID 125328)
-- Name: django_migrations_id_seq; Type: SEQUENCE; Schema: public; Owner: giantcld
--

ALTER TABLE public.django_migrations ALTER COLUMN id ADD GENERATED BY DEFAULT AS IDENTITY (
    SEQUENCE NAME public.django_migrations_id_seq
    START WITH 1
    INCREMENT BY 1
    NO MINVALUE
    NO MAXVALUE
    CACHE 1
);


--
-- TOC entry 249 (class 1259 OID 125623)
-- Name: django_session; Type: TABLE; Schema: public; Owner: giantcld
--

CREATE TABLE public.django_session (
    session_key character varying(40) NOT NULL,
    session_data text NOT NULL,
    expire_date timestamp with time zone NOT NULL
);


ALTER TABLE public.django_session OWNER TO giantcld;

--
-- TOC entry 251 (class 1259 OID 125633)
-- Name: token_blacklist_blacklistedtoken; Type: TABLE; Schema: public; Owner: giantcld
--

CREATE TABLE public.token_blacklist_blacklistedtoken (
    id bigint NOT NULL,
    blacklisted_at timestamp with time zone NOT NULL,
    token_id bigint NOT NULL
);


ALTER TABLE public.token_blacklist_blacklistedtoken OWNER TO giantcld;

--
-- TOC entry 250 (class 1259 OID 125632)
-- Name: token_blacklist_blacklistedtoken_id_seq; Type: SEQUENCE; Schema: public; Owner: giantcld
--

ALTER TABLE public.token_blacklist_blacklistedtoken ALTER COLUMN id ADD GENERATED BY DEFAULT AS IDENTITY (
    SEQUENCE NAME public.token_blacklist_blacklistedtoken_id_seq
    START WITH 1
    INCREMENT BY 1
    NO MINVALUE
    NO MAXVALUE
    CACHE 1
);


--
-- TOC entry 253 (class 1259 OID 125639)
-- Name: token_blacklist_outstandingtoken; Type: TABLE; Schema: public; Owner: giantcld
--

CREATE TABLE public.token_blacklist_outstandingtoken (
    id bigint NOT NULL,
    token text NOT NULL,
    created_at timestamp with time zone,
    expires_at timestamp with time zone NOT NULL,
    user_id bigint,
    jti character varying(255) NOT NULL
);


ALTER TABLE public.token_blacklist_outstandingtoken OWNER TO giantcld;

--
-- TOC entry 252 (class 1259 OID 125638)
-- Name: token_blacklist_outstandingtoken_id_seq; Type: SEQUENCE; Schema: public; Owner: giantcld
--

ALTER TABLE public.token_blacklist_outstandingtoken ALTER COLUMN id ADD GENERATED BY DEFAULT AS IDENTITY (
    SEQUENCE NAME public.token_blacklist_outstandingtoken_id_seq
    START WITH 1
    INCREMENT BY 1
    NO MINVALUE
    NO MAXVALUE
    CACHE 1
);


--
-- TOC entry 3524 (class 0 OID 125391)
-- Dependencies: 226
-- Data for Name: account_user; Type: TABLE DATA; Schema: public; Owner: giantcld
--

COPY public.account_user (id, password, last_login, is_superuser, first_name, last_name, is_staff, is_active, date_joined, email, username) FROM stdin;
1	pbkdf2_sha256$870000$0pzzgCweNoWeyc9NbKVJ0Y$LSck00/g0SaqTv+Tu0CyLpxTfMmtjKJYgm19ayGbsXQ=	2025-01-23 13:57:09.674268+08	t			t	t	2025-01-21 14:29:08.298465+08	admin@example.com	\N
\.


--
-- TOC entry 3526 (class 0 OID 125401)
-- Dependencies: 228
-- Data for Name: account_user_groups; Type: TABLE DATA; Schema: public; Owner: giantcld
--

COPY public.account_user_groups (id, user_id, group_id) FROM stdin;
\.


--
-- TOC entry 3528 (class 0 OID 125407)
-- Dependencies: 230
-- Data for Name: account_user_user_permissions; Type: TABLE DATA; Schema: public; Owner: giantcld
--

COPY public.account_user_user_permissions (id, user_id, permission_id) FROM stdin;
\.


--
-- TOC entry 3532 (class 0 OID 125463)
-- Dependencies: 234
-- Data for Name: admin_interface_theme; Type: TABLE DATA; Schema: public; Owner: giantcld
--

COPY public.admin_interface_theme (id, name, active, title, title_visible, logo, logo_visible, css_header_background_color, title_color, css_header_text_color, css_header_link_color, css_header_link_hover_color, css_module_background_color, css_module_text_color, css_module_link_color, css_module_link_hover_color, css_module_rounded_corners, css_generic_link_color, css_generic_link_hover_color, css_save_button_background_color, css_save_button_background_hover_color, css_save_button_text_color, css_delete_button_background_color, css_delete_button_background_hover_color, css_delete_button_text_color, list_filter_dropdown, related_modal_active, related_modal_background_color, related_modal_rounded_corners, logo_color, recent_actions_visible, favicon, related_modal_background_opacity, env_name, env_visible_in_header, env_color, env_visible_in_favicon, related_modal_close_button_visible, language_chooser_active, language_chooser_display, list_filter_sticky, form_pagination_sticky, form_submit_sticky, css_module_background_selected_color, css_module_link_selected_color, logo_max_height, logo_max_width, foldable_apps, language_chooser_control, list_filter_highlight, list_filter_removal_links, show_fieldsets_as_tabs, show_inlines_as_tabs, css_generic_link_active_color, collapsible_stacked_inlines, collapsible_stacked_inlines_collapsed, collapsible_tabular_inlines, collapsible_tabular_inlines_collapsed) FROM stdin;
3	BIM	t		f		t	#112E51	#FFFFFF	#FFFFFF	#FFFFFF	#E1F3F8	#112E51	#FFFFFF	#FFFFFF	#E1F3F8	t	#112E51	#0071BC	#112E51	#205493	#FFFFFF	#CD2026	#981B1E	#FFFFFF	f	t	#000000	t	#FFFFFF	t		0.8	BIM模型管理服務系統	t	#E74C3C	t	t	t	code	t	f	f	#FFFFCC	#FFFFFF	100	400	t	default-select	t	f	f	f	#29B864	f	t	f	t
\.


--
-- TOC entry 3520 (class 0 OID 125351)
-- Dependencies: 222
-- Data for Name: auth_group; Type: TABLE DATA; Schema: public; Owner: giantcld
--

COPY public.auth_group (id, name) FROM stdin;
\.


--
-- TOC entry 3522 (class 0 OID 125359)
-- Dependencies: 224
-- Data for Name: auth_group_permissions; Type: TABLE DATA; Schema: public; Owner: giantcld
--

COPY public.auth_group_permissions (id, group_id, permission_id) FROM stdin;
\.


--
-- TOC entry 3518 (class 0 OID 125345)
-- Dependencies: 220
-- Data for Name: auth_permission; Type: TABLE DATA; Schema: public; Owner: giantcld
--

COPY public.auth_permission (id, name, content_type_id, codename) FROM stdin;
1	Can add Theme	1	add_theme
2	Can change Theme	1	change_theme
3	Can delete Theme	1	delete_theme
4	Can view Theme	1	view_theme
5	Can add log entry	2	add_logentry
6	Can change log entry	2	change_logentry
7	Can delete log entry	2	delete_logentry
8	Can view log entry	2	view_logentry
9	Can add permission	3	add_permission
10	Can change permission	3	change_permission
11	Can delete permission	3	delete_permission
12	Can view permission	3	view_permission
13	Can add group	4	add_group
14	Can change group	4	change_group
15	Can delete group	4	delete_group
16	Can view group	4	view_group
17	Can add content type	5	add_contenttype
18	Can change content type	5	change_contenttype
19	Can delete content type	5	delete_contenttype
20	Can view content type	5	view_contenttype
21	Can add session	6	add_session
22	Can change session	6	change_session
23	Can delete session	6	delete_session
24	Can view session	6	view_session
25	Can add blacklisted token	7	add_blacklistedtoken
26	Can change blacklisted token	7	change_blacklistedtoken
27	Can delete blacklisted token	7	delete_blacklistedtoken
28	Can view blacklisted token	7	view_blacklistedtoken
29	Can add outstanding token	8	add_outstandingtoken
30	Can change outstanding token	8	change_outstandingtoken
31	Can delete outstanding token	8	delete_outstandingtoken
32	Can view outstanding token	8	view_outstandingtoken
33	Can add task result	9	add_taskresult
34	Can change task result	9	change_taskresult
35	Can delete task result	9	delete_taskresult
36	Can view task result	9	view_taskresult
37	Can add chord counter	10	add_chordcounter
38	Can change chord counter	10	change_chordcounter
39	Can delete chord counter	10	delete_chordcounter
40	Can view chord counter	10	view_chordcounter
41	Can add group result	11	add_groupresult
42	Can change group result	11	change_groupresult
43	Can delete group result	11	delete_groupresult
44	Can view group result	11	view_groupresult
45	Can add user	12	add_user
46	Can change user	12	change_user
47	Can delete user	12	delete_user
48	Can view user	12	view_user
49	Can add locale	13	add_locale
50	Can change locale	13	change_locale
51	Can delete locale	13	delete_locale
52	Can view locale	13	view_locale
53	Can add translation	15	add_translation
54	Can change translation	15	change_translation
55	Can delete translation	15	delete_translation
56	Can view translation	15	view_translation
\.


--
-- TOC entry 3534 (class 0 OID 125509)
-- Dependencies: 236
-- Data for Name: core_locale; Type: TABLE DATA; Schema: public; Owner: giantcld
--

COPY public.core_locale (id, lang, name, is_active) FROM stdin;
1	en	English	t
2	zh	繁體中文	t
3	ja	日本語	f
\.


--
-- TOC entry 3536 (class 0 OID 125517)
-- Dependencies: 238
-- Data for Name: core_navigation; Type: TABLE DATA; Schema: public; Owner: giantcld
--

COPY public.core_navigation (id, title_locale, subtitle_locale, type, icon, link, is_active, "order", lft, rght, tree_id, level, parent_id) FROM stdin;
5	bim-information-listing	\N	basic	heroicons_outline:magnifying-glass	/process-functions	t	1	1	2	1	0	\N
6	bim-model-viewer	\N	basic	heroicons_outline:photo	bim-model-viewer	t	2	1	2	2	0	\N
7	bim-data-import	\N	basic	heroicons_outline:inbox-arrow-down	/bim-data-import	t	3	1	2	3	0	\N
8	user-management	\N	basic	heroicons_outline:users	/user-management	t	4	1	2	4	0	\N
9	system-administration	\N	basic	heroicons_outline:cog-6-tooth	/system-administration	t	5	1	2	5	0	\N
\.


--
-- TOC entry 3538 (class 0 OID 125529)
-- Dependencies: 240
-- Data for Name: core_navigation_permissions; Type: TABLE DATA; Schema: public; Owner: giantcld
--

COPY public.core_navigation_permissions (id, navigation_id, permission_id) FROM stdin;
\.


--
-- TOC entry 3540 (class 0 OID 125535)
-- Dependencies: 242
-- Data for Name: core_translation; Type: TABLE DATA; Schema: public; Owner: giantcld
--

COPY public.core_translation (id, key, value, locale_id) FROM stdin;
1	app-title	BIM 模型管理服務系統	2
2	bim-information-listing	圖資檢索	2
3	bim-information-listing-desc	圖資檢索功能說明	2
4	bim-model-viewer	模型檢視	2
5	bim-data-import	模型匯入	2
6	user	使用者	2
7	user-management	使用者管理	2
8	system-administration	系統管理	2
9	advanced-search	COBie Data 進階查詢	2
10	search-keyword	查詢關鍵字...	2
11	user-account	帳戶管理	2
12	log-query	紀錄查詢	2
13	role	權限	2
14	role-list	權限設定	2
15	aps-account	APS帳號及憑證	2
16	backup-restore	資料庫備份及還原	2
17	system-administrator	系統管理員	2
18	security-manager	安控管理人員	2
19	bim-manager	圖模管理人員	2
20	bim-operator	圖資作業人員	2
21	inquiry-user	一般查詢使用者	2
22	client-id	Client ID	2
23	client-secret	Client Secret	2
24	bucket-key	Bucket Key	2
25	upload-object	上傳圖資	2
26	translate-job	圖資轉換	2
27	extract-metadata	擷取數據	2
28	module	模組	2
29	model-import-operations	模型匯入作業	2
30	model-import-operations-desc	使用 APS 服務將模型轉換 WebGL 格式	2
31	bim-file-management	BIM 檔案管理	2
32	bim-file-management-desc	可管理並下載 BIM 檔案	2
33	digital-files	數位化檔案	2
34	digital-files-desc	可管理數位化檔案並下載	2
35	bim-information-search	圖資檢索查詢	2
36	bim-information-search-desc	可查詢模型檢索列表資料	2
37	bim-data-export	圖資資料匯出	2
38	bim-data-export-desc	可匯出圖資查詢結果列表	2
39	3d-model-viewer	3D模型檢視器	2
40	3d-model-viewer-desc	可使用 3D WebGL 模型檢視器	2
41	user-management-desc	可新增、刪除、修改使用者帳戶	2
42	permission-group-management	權限群組管理	2
43	permission-group-management-desc	可新增、刪除、修改使用者權限群組	2
44	user-log-query	查詢使用者歷程	2
45	user-log-query-desc	可查詢使用者歷程記錄並匯出記錄檔	2
46	aps-account-desc	可修改 APS 帳號及憑證資料	2
47	database-management	資料庫管理	2
48	database-management-desc	可進行資料庫備份及還原作業	2
49	system-log-query	系統日誌	2
50	system-log-query-desc	可查詢系統記錄並匯出記錄檔	2
51	file-directory	數位化文件資料夾	2
52	search-bim-name	查詢圖資名稱	2
53	loading	載入中	2
54	sign-in	登入	2
55	sign-out	登出	2
56	username	帳號	2
57	password	密碼	2
58	no	編號	2
59	name	名稱	2
60	email	電子信箱	2
61	is-required	是必需的	2
62	remember-me	保持登入	2
63	forgot-username	忘記帳號	2
64	forgot-password	忘記密碼	2
65	wrong-email-password	請確認帳號或密碼是否正確	2
66	worng-email-format	請輸入有效的電子郵件地址	2
67	register	註冊帳號	2
68	create	新增	2
69	save	儲存	2
70	edit	編輯	2
71	confirm	確認	2
72	close	關閉	2
73	auth-user	授權帳戶	2
74	auth-permission	權限	2
75	auth-group	權限群組	2
76	cancel	取消	2
77	email-already-exists	電子郵件已存在	2
78	app-title	BIM Model Management System	1
79	bim-information-listing	BIM Information Listing	1
80	bim-information-listing-desc	BIM Information Listing function description	1
81	bim-model-viewer	BIM Model Viewer	1
82	bim-data-import	BIM Data Import	1
83	user	User	1
84	user-management	User Management	1
85	system-administration	System Administration	1
86	advanced-search	COBie Data Advanced Search	1
87	search-keyword	Search keyword...	1
88	user-account	Account Management	1
89	log-query	Log Query	1
90	role	Role	1
91	role-list	Permission Settings	1
92	aps-account	APS Account & Credentials	1
93	backup-restore	Database Backup & Restore	1
94	system-administrator	Administrator	1
95	security-manager	Security Manager	1
96	bim-manager	BIM Manager	1
97	bim-operator	BIM Operator	1
98	inquiry-user	Inquiry User	1
99	client-id	Client ID	1
100	client-secret	Client Secret	1
101	bucket-key	Bucket Key	1
102	upload-object	Upload Object	1
103	translate-job	Translate Job	1
104	extract-metadata	Extract Metadata	1
105	module	 Module	1
106	model-import-operations	Model Import Operations	1
107	model-import-operations-desc	Use APS service to convert models to WebGL format	1
108	bim-file-management	BIM File Management	1
109	bim-file-management-desc	Can manage and download BIM files	1
110	digital-files	Digital Files	1
111	digital-files-desc	Can manage and download digital files	1
112	bim-information-search	BIM Information Search	1
113	bim-information-search-desc	Can search model information list data	1
114	bim-data-export	BIM Data Export	1
115	bim-data-export-desc	Can export BIM information search result list	1
116	3d-model-viewer	3D Model Viewer	1
117	3d-model-viewer-desc	Can use 3D WebGL model viewer	1
118	user-management-desc	Can add, delete, and modify user accounts	1
119	permission-group-management	Permission Group Management	1
120	permission-group-management-desc	Can add, delete, and modify user permission groups	1
121	user-log-query	User Log Query	1
122	user-log-query-desc	Can query user log records and export log files	1
123	aps-account-desc	Can modify APS account and credential data	1
124	database-management	Database Management	1
125	database-management-desc	Can perform database backup and restore operations	1
126	system-log-query	System Log Query	1
127	system-log-query-desc	Can query system logs and export log files	1
128	file-directory	Digital files directory	1
129	search-bim-name	Search BIM Name	1
130	loading	Loading	1
131	sign-in	Sign in	1
132	sign-out	Sign out	1
133	username	Account	1
134	password	Password	1
135	no	No	1
136	name	Name	1
137	email	Email	1
138	is-required	is required	1
139	remember-me	Remember me	1
140	forgot-username	Forgot Username	1
141	forgot-password	Forgot Password	1
142	wrong-email-password	Wrong username or password	1
143	worng-email-format	Please enter a valid email address	1
144	register	Register Account	1
145	create	Create	1
146	save	Save	1
147	edit	Edit	1
148	confirm	Confirm	1
149	close	Close	1
150	auth-user	Authorized User	1
151	auth-permission	Authorized Permission	1
152	auth-group	Authorized Group	1
153	cancel	Cancel	1
154	email-already-exists	Email already exists	1
155	app-title	BIMモデル管理サービスシステム	3
157	bim-information-listing	図面データ検索	3
158	bim-information-listing-desc	図面データ検索機能の説明	3
159	bim-model-viewer	モデルビューア	3
160	bim-data-import	モデルインポート	3
161	user	ユーザー	3
162	user-management	ユーザー管理	3
163	system-administration	システム管理	3
164	advanced-search	COBieデータの高度な検索	3
165	search-keyword	検索キーワード...	3
166	user-account	アカウント管理	3
167	log-query	ログ検索	3
168	role	権限	3
169	role-list	権限設定	3
170	aps-account	APSアカウントと認証情報	3
171	backup-restore	データベースのバックアップと復元	3
172	system-administrator	システム管理者	3
173	security-manager	セキュリティ管理者	3
174	bim-manager	BIMマネージャー	3
175	bim-operator	BIMオペレーター	3
176	inquiry-user	一般検索ユーザー	3
177	client-id	クライアントID	3
178	client-secret	クライアントシークレット	3
179	bucket-key	バケットキー	3
180	upload-object	図面データのアップロード	3
181	translate-job	図面データの変換	3
182	extract-metadata	データ抽出	3
183	module	モジュール	3
184	model-import-operations	モデルインポート作業	3
185	model-import-operations-desc	APSサービスを使用してモデルをWebGL形式に変換	3
186	bim-file-management	BIMファイル管理	3
187	bim-file-management-desc	BIMファイルの管理とダウンロードが可能	3
188	digital-files	デジタルファイル	3
189	digital-files-desc	デジタルファイルの管理とダウンロードが可能	3
190	bim-information-search	図面データ検索	3
191	bim-information-search-desc	モデル検索リストデータを検索可能	3
192	bim-data-export	図面データエクスポート	3
193	bim-data-export-desc	図面データ検索結果リストをエクスポート可能	3
194	3d-model-viewer	3Dモデルビューア	3
195	3d-model-viewer-desc	3D WebGLモデルビューアを使用可能	3
196	user-management-desc	ユーザーアカウントの追加、削除、編集が可能	3
197	permission-group-management	権限グループ管理	3
198	permission-group-management-desc	ユーザーの権限グループを追加、削除、編集可能	3
199	user-log-query	ユーザーログ検索	3
200	user-log-query-desc	ユーザーログの検索およびログファイルのエクスポートが可能	3
201	aps-account-desc	APSアカウントと認証情報の編集が可能	3
202	database-management	データベース管理	3
203	database-management-desc	データベースのバックアップおよび復元作業が可能	3
204	system-log-query	システムログ	3
205	system-log-query-desc	システムログの検索およびログファイルのエクスポートが可能	3
206	file-directory	デジタルドキュメントフォルダ	3
207	search-bim-name	図面データ名を検索	3
208	loading	ロード中	3
209	sign-in	ログイン	3
210	sign-out	ログアウト	3
211	username	ユーザー名	3
212	password	パスワード	3
213	no	番号	3
214	name	名称	3
215	email	メールアドレス	3
216	is-required	必須項目です	3
217	remember-me	ログイン状態を保持	3
218	forgot-username	ユーザー名を忘れた	3
219	forgot-password	パスワードを忘れた	3
220	wrong-email-password	ユーザー名またはパスワードが正しくありません	3
221	worng-email-format	有効なメールアドレスを入力してください	3
222	register	アカウント登録	3
223	create	新規作成	3
224	save	保存	3
225	edit	編集	3
226	confirm	確認	3
227	close	閉じる	3
228	auth-user	認証ユーザー	3
229	auth-permission	権限	3
230	auth-group	権限グループ	3
231	cancel	キャンセル	3
232	email-already-exists	メールアドレスは既に存在しています	3
233	file-label	File Label/Name	1
234	upload-time	Upload Time	1
235	uploader	Uploader	1
236	download-cobie-csv	Download COBie CSV	1
237	download-bim-source	Download BIM Source File	1
238	previous-backup-version	Previous Backup Version	1
239	restore-previous-version	Restore Previous Version	1
240	file-label	標別/檔案名稱	2
241	upload-time	上傳時間	2
242	uploader	上傳者	2
243	download-cobie-csv	下載COBie CSV	2
244	download-bim-source	下載BIM原始檔	2
245	previous-backup-version	前次備份版本	2
246	restore-previous-version	還原前次版本	2
\.


--
-- TOC entry 3530 (class 0 OID 125442)
-- Dependencies: 232
-- Data for Name: django_admin_log; Type: TABLE DATA; Schema: public; Owner: giantcld
--

COPY public.django_admin_log (id, action_time, object_id, object_repr, action_flag, change_message, content_type_id, user_id) FROM stdin;
1	2025-01-21 14:30:21.05725+08	1	Django	3		1	1
2	2025-01-21 14:31:07.528237+08	2	Django	3		1	1
3	2025-01-21 14:32:24.108966+08	3	BIM	2	[{"changed": {"fields": ["Name", "Background color", "Link color", "Background color", "Background hover color"]}}]	1	1
4	2025-01-21 14:34:42.413874+08	3	BIM	2	[{"changed": {"fields": ["Name", "Title", "Background color"]}}]	1	1
5	2025-01-21 14:35:55.050328+08	1	en - English	1	[{"added": {}}]	13	1
6	2025-01-21 14:36:04.128995+08	2	zh - Chinese	1	[{"added": {}}]	13	1
7	2025-01-21 14:36:32.298773+08	2	zh - 繁體中文	2	[{"changed": {"fields": ["Name"]}}]	13	1
8	2025-01-21 15:05:44.010472+08	5	bim-information-listing	1	[{"added": {}}]	14	1
9	2025-01-21 15:06:07.111733+08	6	bim-model-viewer	1	[{"added": {}}]	14	1
10	2025-01-21 15:06:36.09483+08	7	bim-data-import	1	[{"added": {}}]	14	1
11	2025-01-21 15:06:56.677995+08	8	user-management	1	[{"added": {}}]	14	1
12	2025-01-21 15:07:20.546197+08	9	system-administration	1	[{"added": {}}]	14	1
13	2025-01-21 16:12:41.395079+08	3	ja - 日語	2	[{"changed": {"fields": ["Lang", "Name"]}}]	13	1
14	2025-01-21 16:29:25.21265+08	3	ja - 日語	2	[{"changed": {"fields": ["Is active"]}}]	13	1
15	2025-01-21 23:05:30.139858+08	3	ja - 日語	2	[{"changed": {"fields": ["Is active"]}}]	13	1
16	2025-01-21 23:18:07.369115+08	155	ja - app-title	1	[{"added": {}}]	15	1
17	2025-01-21 23:22:50.19682+08	3	ja - 日本語	2	[{"changed": {"fields": ["Name"]}}]	13	1
18	2025-01-21 23:25:31.327233+08	3	ja - 日本語	2	[{"changed": {"fields": ["Is active"]}}]	13	1
19	2025-01-23 13:46:57.758867+08	233	en - file-label	1	[{"added": {}}]	15	1
20	2025-01-23 13:47:10.842343+08	234	en - upload-time	1	[{"added": {}}]	15	1
21	2025-01-23 13:47:25.57876+08	235	en - uploader	1	[{"added": {}}]	15	1
22	2025-01-23 13:47:40.185337+08	236	en - download-cobie-csv	1	[{"added": {}}]	15	1
23	2025-01-23 13:48:04.263657+08	237	en - download-bim-source	1	[{"added": {}}]	15	1
24	2025-01-23 13:48:31.25502+08	238	en - previous-backup-version	1	[{"added": {}}]	15	1
25	2025-01-23 13:48:42.656939+08	239	en - restore-previous-version	1	[{"added": {}}]	15	1
26	2025-01-23 13:48:55.016816+08	240	zh - file-label	1	[{"added": {}}]	15	1
27	2025-01-23 13:49:08.118842+08	241	zh - upload-time	1	[{"added": {}}]	15	1
28	2025-01-23 13:49:18.809116+08	242	zh - uploader	1	[{"added": {}}]	15	1
29	2025-01-23 13:49:31.239602+08	243	zh - download-cobie-csv	1	[{"added": {}}]	15	1
30	2025-01-23 13:49:43.780036+08	244	zh - download-bim-source	1	[{"added": {}}]	15	1
31	2025-01-23 13:49:58.427078+08	245	zh - previous-backup-version	1	[{"added": {}}]	15	1
32	2025-01-23 13:50:11.044709+08	246	zh - restore-previous-version	1	[{"added": {}}]	15	1
\.


--
-- TOC entry 3544 (class 0 OID 125594)
-- Dependencies: 246
-- Data for Name: django_celery_results_chordcounter; Type: TABLE DATA; Schema: public; Owner: giantcld
--

COPY public.django_celery_results_chordcounter (id, group_id, sub_tasks, count) FROM stdin;
\.


--
-- TOC entry 3546 (class 0 OID 125606)
-- Dependencies: 248
-- Data for Name: django_celery_results_groupresult; Type: TABLE DATA; Schema: public; Owner: giantcld
--

COPY public.django_celery_results_groupresult (id, group_id, date_created, date_done, content_type, content_encoding, result) FROM stdin;
\.


--
-- TOC entry 3542 (class 0 OID 125573)
-- Dependencies: 244
-- Data for Name: django_celery_results_taskresult; Type: TABLE DATA; Schema: public; Owner: giantcld
--

COPY public.django_celery_results_taskresult (id, task_id, status, content_type, content_encoding, result, date_done, traceback, meta, task_args, task_kwargs, task_name, worker, date_created, periodic_task_name) FROM stdin;
\.


--
-- TOC entry 3516 (class 0 OID 125337)
-- Dependencies: 218
-- Data for Name: django_content_type; Type: TABLE DATA; Schema: public; Owner: giantcld
--

COPY public.django_content_type (id, app_label, model) FROM stdin;
1	admin_interface	theme
2	admin	logentry
3	auth	permission
4	auth	group
5	contenttypes	contenttype
6	sessions	session
7	token_blacklist	blacklistedtoken
8	token_blacklist	outstandingtoken
9	django_celery_results	taskresult
10	django_celery_results	chordcounter
11	django_celery_results	groupresult
12	account	user
13	core	locale
14	core	navigation
15	core	translation
\.


--
-- TOC entry 3514 (class 0 OID 125329)
-- Dependencies: 216
-- Data for Name: django_migrations; Type: TABLE DATA; Schema: public; Owner: giantcld
--

COPY public.django_migrations (id, app, name, applied) FROM stdin;
1	contenttypes	0001_initial	2025-01-21 14:07:20.938476+08
2	contenttypes	0002_remove_content_type_name	2025-01-21 14:07:20.957151+08
3	auth	0001_initial	2025-01-21 14:07:21.07583+08
4	auth	0002_alter_permission_name_max_length	2025-01-21 14:07:21.085972+08
5	auth	0003_alter_user_email_max_length	2025-01-21 14:07:21.093969+08
6	auth	0004_alter_user_username_opts	2025-01-21 14:07:21.102476+08
7	auth	0005_alter_user_last_login_null	2025-01-21 14:07:21.113983+08
8	auth	0006_require_contenttypes_0002	2025-01-21 14:07:21.11898+08
9	auth	0007_alter_validators_add_error_messages	2025-01-21 14:07:21.13049+08
10	auth	0008_alter_user_username_max_length	2025-01-21 14:07:21.139488+08
11	auth	0009_alter_user_last_name_max_length	2025-01-21 14:07:21.147996+08
12	auth	0010_alter_group_name_max_length	2025-01-21 14:07:21.163119+08
13	auth	0011_update_proxy_permissions	2025-01-21 14:07:21.173118+08
14	auth	0012_alter_user_first_name_max_length	2025-01-21 14:07:21.184235+08
15	account	0001_initial	2025-01-21 14:07:21.316342+08
16	admin	0001_initial	2025-01-21 14:07:21.374812+08
17	admin	0002_logentry_remove_auto_add	2025-01-21 14:07:21.382108+08
18	admin	0003_logentry_add_action_flag_choices	2025-01-21 14:07:21.391622+08
19	admin_interface	0001_initial	2025-01-21 14:07:21.424964+08
20	admin_interface	0002_add_related_modal	2025-01-21 14:07:21.458365+08
21	admin_interface	0003_add_logo_color	2025-01-21 14:07:21.471522+08
22	admin_interface	0004_rename_title_color	2025-01-21 14:07:21.481635+08
23	admin_interface	0005_add_recent_actions_visible	2025-01-21 14:07:21.497181+08
24	admin_interface	0006_bytes_to_str	2025-01-21 14:07:21.542478+08
25	admin_interface	0007_add_favicon	2025-01-21 14:07:21.56522+08
26	admin_interface	0008_change_related_modal_background_opacity_type	2025-01-21 14:07:21.579222+08
27	admin_interface	0009_add_enviroment	2025-01-21 14:07:21.594732+08
28	admin_interface	0010_add_localization	2025-01-21 14:07:21.608746+08
29	admin_interface	0011_add_environment_options	2025-01-21 14:07:21.640722+08
30	admin_interface	0012_update_verbose_names	2025-01-21 14:07:21.651689+08
31	admin_interface	0013_add_related_modal_close_button	2025-01-21 14:07:21.683032+08
32	admin_interface	0014_name_unique	2025-01-21 14:07:21.707634+08
33	admin_interface	0015_add_language_chooser_active	2025-01-21 14:07:21.717755+08
34	admin_interface	0016_add_language_chooser_display	2025-01-21 14:07:21.728724+08
35	admin_interface	0017_change_list_filter_dropdown	2025-01-21 14:07:21.73623+08
36	admin_interface	0018_theme_list_filter_sticky	2025-01-21 14:07:21.768703+08
37	admin_interface	0019_add_form_sticky	2025-01-21 14:07:21.839626+08
38	admin_interface	0020_module_selected_colors	2025-01-21 14:07:21.882026+08
39	admin_interface	0021_file_extension_validator	2025-01-21 14:07:21.890024+08
40	admin_interface	0022_add_logo_max_width_and_height	2025-01-21 14:07:21.908537+08
41	admin_interface	0023_theme_foldable_apps	2025-01-21 14:07:21.920153+08
42	admin_interface	0024_remove_theme_css	2025-01-21 14:07:21.929151+08
43	admin_interface	0025_theme_language_chooser_control	2025-01-21 14:07:21.942226+08
44	admin_interface	0026_theme_list_filter_highlight	2025-01-21 14:07:21.962031+08
45	admin_interface	0027_theme_list_filter_removal_links	2025-01-21 14:07:21.979578+08
46	admin_interface	0028_theme_show_fieldsets_as_tabs_and_more	2025-01-21 14:07:22.00307+08
47	admin_interface	0029_theme_css_generic_link_active_color	2025-01-21 14:07:22.021097+08
48	admin_interface	0030_theme_collapsible_stacked_inlines_and_more	2025-01-21 14:07:22.052596+08
49	core	0001_initial	2025-01-21 14:07:22.232582+08
50	django_celery_results	0001_initial	2025-01-21 14:07:22.282311+08
51	django_celery_results	0002_add_task_name_args_kwargs	2025-01-21 14:07:22.298174+08
52	django_celery_results	0003_auto_20181106_1101	2025-01-21 14:07:22.305477+08
53	django_celery_results	0004_auto_20190516_0412	2025-01-21 14:07:22.362128+08
54	django_celery_results	0005_taskresult_worker	2025-01-21 14:07:22.38702+08
55	django_celery_results	0006_taskresult_date_created	2025-01-21 14:07:22.477251+08
56	django_celery_results	0007_remove_taskresult_hidden	2025-01-21 14:07:22.494203+08
57	django_celery_results	0008_chordcounter	2025-01-21 14:07:22.54804+08
58	django_celery_results	0009_groupresult	2025-01-21 14:07:22.792925+08
59	django_celery_results	0010_remove_duplicate_indices	2025-01-21 14:07:22.80793+08
60	django_celery_results	0011_taskresult_periodic_task_name	2025-01-21 14:07:22.825447+08
61	sessions	0001_initial	2025-01-21 14:07:22.87596+08
62	token_blacklist	0001_initial	2025-01-21 14:07:22.947055+08
63	token_blacklist	0002_outstandingtoken_jti_hex	2025-01-21 14:07:22.958229+08
64	token_blacklist	0003_auto_20171017_2007	2025-01-21 14:07:22.976645+08
65	token_blacklist	0004_auto_20171017_2013	2025-01-21 14:07:23.000803+08
66	token_blacklist	0005_remove_outstandingtoken_jti	2025-01-21 14:07:23.013318+08
67	token_blacklist	0006_auto_20171017_2113	2025-01-21 14:07:23.027848+08
68	token_blacklist	0007_auto_20171017_2214	2025-01-21 14:07:23.064972+08
69	token_blacklist	0008_migrate_to_bigautofield	2025-01-21 14:07:23.216183+08
70	token_blacklist	0010_fix_migrate_to_bigautofield	2025-01-21 14:07:23.231187+08
71	token_blacklist	0011_linearizes_history	2025-01-21 14:07:23.237187+08
72	token_blacklist	0012_alter_outstandingtoken_user	2025-01-21 14:07:23.251187+08
73	core	0002_rename_code_locale_lang_and_more	2025-01-21 14:41:50.824561+08
74	core	0003_locale_is_active	2025-01-21 16:28:51.9657+08
\.


--
-- TOC entry 3547 (class 0 OID 125623)
-- Dependencies: 249
-- Data for Name: django_session; Type: TABLE DATA; Schema: public; Owner: giantcld
--

COPY public.django_session (session_key, session_data, expire_date) FROM stdin;
ef0pu20mo6sjtvbdeua5zp69lbyl7udr	.eJxVjDsOwjAUBO_iGll24k9MSc8ZLO97DgkgW4qTCnF3iJQC2p2ZfYmYtnWKW8tLnFmchRan3w2JHrnsgO-p3KqkWtZlhtwVedAmr5Xz83K4fwdTatO3NjDsnLIENwZNYMsdetN7GoCgMXLn1aCNDyZob1XoRzhvyalkkUHi_QHiVTfU:1tapzo:3O8yBkTZ2w3NXudd4Lmh6RuS--FRBSBooz8lH4sFoz8	2025-02-06 13:43:16.332062+08
\.


--
-- TOC entry 3549 (class 0 OID 125633)
-- Dependencies: 251
-- Data for Name: token_blacklist_blacklistedtoken; Type: TABLE DATA; Schema: public; Owner: giantcld
--

COPY public.token_blacklist_blacklistedtoken (id, blacklisted_at, token_id) FROM stdin;
1	2025-01-21 14:54:19.672349+08	1
2	2025-01-21 15:09:55.325989+08	2
3	2025-01-21 15:10:43.845606+08	3
4	2025-01-21 15:11:03.123803+08	4
5	2025-01-21 15:28:07.497734+08	5
6	2025-01-21 15:28:15.72391+08	6
7	2025-01-21 15:28:18.165673+08	7
8	2025-01-21 15:28:25.714851+08	8
9	2025-01-21 15:28:36.704532+08	9
10	2025-01-21 15:28:45.310227+08	10
11	2025-01-21 15:28:50.030424+08	11
12	2025-01-21 15:31:24.229599+08	12
13	2025-01-21 15:32:53.344073+08	13
14	2025-01-21 15:33:29.133158+08	14
15	2025-01-21 15:33:51.423631+08	15
16	2025-01-21 15:55:10.548381+08	16
17	2025-01-21 15:55:35.971566+08	17
18	2025-01-21 15:57:15.945241+08	18
19	2025-01-21 15:57:30.199309+08	19
20	2025-01-21 15:58:45.122609+08	20
21	2025-01-21 15:58:50.881553+08	21
22	2025-01-21 15:59:08.830501+08	22
23	2025-01-21 16:00:00.97779+08	23
24	2025-01-21 16:01:29.038457+08	24
25	2025-01-21 16:01:48.150158+08	25
26	2025-01-21 16:02:32.945761+08	26
27	2025-01-21 16:03:03.415169+08	27
28	2025-01-21 16:03:17.956507+08	28
29	2025-01-21 16:12:45.455423+08	29
30	2025-01-21 16:12:59.272039+08	30
31	2025-01-21 16:30:29.25581+08	31
32	2025-01-21 16:30:48.24805+08	32
33	2025-01-21 16:31:02.338967+08	33
34	2025-01-21 16:53:19.534668+08	34
35	2025-01-21 16:53:53.474909+08	35
36	2025-01-21 16:54:05.536275+08	36
37	2025-01-21 16:55:01.091426+08	37
38	2025-01-21 16:55:15.379288+08	38
39	2025-01-21 17:03:27.443542+08	39
40	2025-01-21 17:04:29.526114+08	40
41	2025-01-21 17:04:38.133049+08	41
42	2025-01-21 17:06:44.012039+08	42
43	2025-01-21 17:06:54.586282+08	43
44	2025-01-21 17:09:39.269687+08	44
45	2025-01-21 17:09:50.347302+08	45
46	2025-01-21 17:10:02.871049+08	46
47	2025-01-21 17:10:15.611723+08	47
48	2025-01-21 17:10:52.471735+08	48
49	2025-01-21 17:11:28.92128+08	49
50	2025-01-21 17:11:35.313204+08	50
51	2025-01-21 17:14:01.802157+08	51
52	2025-01-21 17:15:19.336896+08	52
53	2025-01-21 17:17:31.380423+08	53
54	2025-01-21 17:20:47.32741+08	54
55	2025-01-21 17:22:47.835365+08	55
56	2025-01-21 17:24:45.314328+08	56
57	2025-01-21 17:25:10.70054+08	57
58	2025-01-21 17:25:23.365273+08	58
59	2025-01-21 17:25:31.935483+08	59
60	2025-01-21 17:26:22.899193+08	60
61	2025-01-21 22:03:39.763447+08	61
62	2025-01-21 22:07:29.940353+08	62
63	2025-01-21 22:50:02.352972+08	63
64	2025-01-21 22:50:21.954461+08	64
65	2025-01-21 22:51:49.906845+08	65
66	2025-01-21 22:52:53.399797+08	66
67	2025-01-21 22:53:28.892149+08	67
68	2025-01-21 22:54:10.616725+08	68
69	2025-01-21 22:54:26.586592+08	69
70	2025-01-21 22:54:49.282179+08	70
71	2025-01-21 22:56:22.531089+08	71
72	2025-01-21 22:57:10.070706+08	72
73	2025-01-21 22:57:23.733869+08	73
74	2025-01-21 22:57:34.271129+08	74
75	2025-01-21 22:57:53.403956+08	75
76	2025-01-21 22:58:03.705933+08	76
77	2025-01-21 23:00:02.114297+08	77
78	2025-01-21 23:00:21.213645+08	78
79	2025-01-21 23:02:02.646368+08	79
80	2025-01-21 23:02:14.647164+08	80
81	2025-01-21 23:03:07.573686+08	81
82	2025-01-21 23:03:32.719954+08	82
83	2025-01-21 23:03:53.350207+08	83
84	2025-01-21 23:05:35.638868+08	84
85	2025-01-21 23:10:12.585086+08	85
86	2025-01-21 23:10:25.468195+08	86
87	2025-01-21 23:10:35.91567+08	87
88	2025-01-21 23:12:55.521363+08	88
89	2025-01-21 23:13:47.487273+08	89
90	2025-01-21 23:14:01.369146+08	90
91	2025-01-21 23:14:15.193473+08	91
92	2025-01-21 23:18:14.229999+08	92
93	2025-01-21 23:23:06.500267+08	93
94	2025-01-21 23:23:28.088524+08	94
95	2025-01-21 23:32:07.208921+08	95
96	2025-01-23 13:41:04.915524+08	96
97	2025-01-23 13:41:18.495566+08	97
98	2025-01-23 13:41:26.080335+08	98
99	2025-01-23 13:52:27.862825+08	99
100	2025-01-23 13:52:59.668298+08	100
101	2025-01-23 14:11:36.296421+08	102
102	2025-01-23 14:13:22.464714+08	103
103	2025-01-23 14:13:29.164203+08	104
104	2025-01-23 14:13:30.752145+08	105
105	2025-01-23 14:36:36.433737+08	106
\.


--
-- TOC entry 3551 (class 0 OID 125639)
-- Dependencies: 253
-- Data for Name: token_blacklist_outstandingtoken; Type: TABLE DATA; Schema: public; Owner: giantcld
--

COPY public.token_blacklist_outstandingtoken (id, token, created_at, expires_at, user_id, jti) FROM stdin;
1	eyJhbGciOiJIUzI1NiIsInR5cCI6IkpXVCJ9.eyJ0b2tlbl90eXBlIjoicmVmcmVzaCIsImV4cCI6MTc0MDAyOTg0NCwiaWF0IjoxNzM3NDM3ODQ0LCJqdGkiOiJlNzFjMTk4MWQwMTM0ODRmODVhMjM2OGQyZTE1OWI3MiIsInVzZXJfaWQiOjF9.ujXCPLcgv4l2FZGNjegnpQGJY2j0LBUxvBvAmRZ8RSY	\N	2025-02-20 13:37:24+08	\N	e71c1981d013484f85a2368d2e159b72
2	eyJhbGciOiJIUzI1NiIsInR5cCI6IkpXVCJ9.eyJ0b2tlbl90eXBlIjoicmVmcmVzaCIsImV4cCI6MTc0MDAzNTI4OSwiaWF0IjoxNzM3NDQzMjg5LCJqdGkiOiIzMjdjM2MxN2UyZWE0MzBmYWRhN2ZlMzc0MDE4NTAwZiIsInVzZXJfaWQiOjF9.ucDE5qi69DCp6rxTyw9dvvIyFieFFA-kLxmynMFPse4	2025-01-21 15:08:09.022566+08	2025-02-20 15:08:09+08	1	327c3c17e2ea430fada7fe374018500f
3	eyJhbGciOiJIUzI1NiIsInR5cCI6IkpXVCJ9.eyJ0b2tlbl90eXBlIjoicmVmcmVzaCIsImV4cCI6MTc0MDAzNTM5NSwiaWF0IjoxNzM3NDQzMzk1LCJqdGkiOiJhOTkyMmNjMDJkZDQ0OTA0YTQ1Y2RlYTMwZGViYjkzZSIsInVzZXJfaWQiOjF9.y-kNxl4MehgmFYrs16fdUdyMwVENE-BHOsB0zCQmyvA	\N	2025-02-20 15:09:55+08	\N	a9922cc02dd44904a45cdea30debb93e
4	eyJhbGciOiJIUzI1NiIsInR5cCI6IkpXVCJ9.eyJ0b2tlbl90eXBlIjoicmVmcmVzaCIsImV4cCI6MTc0MDAzNTQ0MywiaWF0IjoxNzM3NDQzNDQzLCJqdGkiOiJjZjUzZjVkYjcyMDE0NjZlODUyOTM0OTgwOGZjYzRhZCIsInVzZXJfaWQiOjF9.vXyoiieKwj8OZNGs1v82CxaSEsKSIZ5mGcMoI6T2DJc	\N	2025-02-20 15:10:43+08	\N	cf53f5db7201466e8529349808fcc4ad
5	eyJhbGciOiJIUzI1NiIsInR5cCI6IkpXVCJ9.eyJ0b2tlbl90eXBlIjoicmVmcmVzaCIsImV4cCI6MTc0MDAzNTQ2MywiaWF0IjoxNzM3NDQzNDYzLCJqdGkiOiI0ODI0MTZhYTZlZWQ0ZTE2OWI3ODM3MmE0MGU2MDRjZCIsInVzZXJfaWQiOjF9.Dykoz87wV2NZYYSg8buEUqc9tWoV440co9i3miP0CBM	\N	2025-02-20 15:11:03+08	\N	482416aa6eed4e169b78372a40e604cd
6	eyJhbGciOiJIUzI1NiIsInR5cCI6IkpXVCJ9.eyJ0b2tlbl90eXBlIjoicmVmcmVzaCIsImV4cCI6MTc0MDAzNjQ4NywiaWF0IjoxNzM3NDQ0NDg3LCJqdGkiOiIzZTBlNWQ1NjUzYjk0YjU1YjhlNjIwMTMzOGVhZjA1ZSIsInVzZXJfaWQiOjF9.p0Fq1rKQx-uRSb_dvCjUPzJLtYbIC1zDeQ6mM7yOzMw	\N	2025-02-20 15:28:07+08	\N	3e0e5d5653b94b55b8e6201338eaf05e
7	eyJhbGciOiJIUzI1NiIsInR5cCI6IkpXVCJ9.eyJ0b2tlbl90eXBlIjoicmVmcmVzaCIsImV4cCI6MTc0MDAzNjQ5NSwiaWF0IjoxNzM3NDQ0NDk1LCJqdGkiOiIyZDczYzc2MjQwZTk0ZDEzYWVlMWQ4NGVjOGYzY2ViOCIsInVzZXJfaWQiOjF9.huT-DdmFWL5IcqBRrThHTWTXampz9hL8szczPxZPe4U	\N	2025-02-20 15:28:15+08	\N	2d73c76240e94d13aee1d84ec8f3ceb8
8	eyJhbGciOiJIUzI1NiIsInR5cCI6IkpXVCJ9.eyJ0b2tlbl90eXBlIjoicmVmcmVzaCIsImV4cCI6MTc0MDAzNjQ5OCwiaWF0IjoxNzM3NDQ0NDk4LCJqdGkiOiJkYzg3ZDRmODgzZDA0MTRlYThjNzU2MWM5YTFjM2ZhMCIsInVzZXJfaWQiOjF9.EX3XkqR9EDCy2y4lRH-W5P5ckJC8hAAQ_0643OeUgag	\N	2025-02-20 15:28:18+08	\N	dc87d4f883d0414ea8c7561c9a1c3fa0
9	eyJhbGciOiJIUzI1NiIsInR5cCI6IkpXVCJ9.eyJ0b2tlbl90eXBlIjoicmVmcmVzaCIsImV4cCI6MTc0MDAzNjUwNSwiaWF0IjoxNzM3NDQ0NTA1LCJqdGkiOiI3N2JhNTI4MDFmNGE0NTIyOTgxN2IxNTRiYWQzMGVjNyIsInVzZXJfaWQiOjF9.9GcaPhcD1SHACq6kmGaaQEVWe0141_IzhwLgwouv6z0	\N	2025-02-20 15:28:25+08	\N	77ba52801f4a45229817b154bad30ec7
10	eyJhbGciOiJIUzI1NiIsInR5cCI6IkpXVCJ9.eyJ0b2tlbl90eXBlIjoicmVmcmVzaCIsImV4cCI6MTc0MDAzNjUxNiwiaWF0IjoxNzM3NDQ0NTE2LCJqdGkiOiI0ZmZkOGNmMWYyN2Q0MGU4OGQxMzhlNGY5ZTRhZjYyMiIsInVzZXJfaWQiOjF9._VEytkMaC37MRpNfUwlMuFMPlxEDL6CNXJqO5-tItWY	\N	2025-02-20 15:28:36+08	\N	4ffd8cf1f27d40e88d138e4f9e4af622
11	eyJhbGciOiJIUzI1NiIsInR5cCI6IkpXVCJ9.eyJ0b2tlbl90eXBlIjoicmVmcmVzaCIsImV4cCI6MTc0MDAzNjUyNSwiaWF0IjoxNzM3NDQ0NTI1LCJqdGkiOiIwMWUwMGI0NTdjOTk0NTg5YWI4ZjM2M2IxYmRlY2E3MCIsInVzZXJfaWQiOjF9.MN9y4ht1734o7OY7K208fGFwZhttFskzALa0Bi9kL5Y	\N	2025-02-20 15:28:45+08	\N	01e00b457c994589ab8f363b1bdeca70
12	eyJhbGciOiJIUzI1NiIsInR5cCI6IkpXVCJ9.eyJ0b2tlbl90eXBlIjoicmVmcmVzaCIsImV4cCI6MTc0MDAzNjUyOSwiaWF0IjoxNzM3NDQ0NTI5LCJqdGkiOiJjYzM1YzI0OWJmOGY0ZThiOGM2Y2Y3NDkyMTgxN2JkNSIsInVzZXJfaWQiOjF9.VLjU_2jC4BIGDYWo9lm-nXXshkgjQ_X0vc1ZAx8AOhU	\N	2025-02-20 15:28:49+08	\N	cc35c249bf8f4e8b8c6cf74921817bd5
13	eyJhbGciOiJIUzI1NiIsInR5cCI6IkpXVCJ9.eyJ0b2tlbl90eXBlIjoicmVmcmVzaCIsImV4cCI6MTc0MDAzNjY4NCwiaWF0IjoxNzM3NDQ0Njg0LCJqdGkiOiJjOGRkMzRhYzQ2NWY0M2ZjOGZlY2ZhNTA5MWRiMjVlOCIsInVzZXJfaWQiOjF9.xL9dzHpafZkZ_V3a20oexvCB3uOzDOpI2Ou5TyAyRW4	\N	2025-02-20 15:31:24+08	\N	c8dd34ac465f43fc8fecfa5091db25e8
14	eyJhbGciOiJIUzI1NiIsInR5cCI6IkpXVCJ9.eyJ0b2tlbl90eXBlIjoicmVmcmVzaCIsImV4cCI6MTc0MDAzNjc3MywiaWF0IjoxNzM3NDQ0NzczLCJqdGkiOiIxMWFjMTg2MjY3Njk0ZWUyODRlNjdhODdmMjAxOTNhMCIsInVzZXJfaWQiOjF9.yrR7x4uVT69ddysQ1dZo6r3Ih_ne9ZLCS-Q6w_Czffo	\N	2025-02-20 15:32:53+08	\N	11ac186267694ee284e67a87f20193a0
15	eyJhbGciOiJIUzI1NiIsInR5cCI6IkpXVCJ9.eyJ0b2tlbl90eXBlIjoicmVmcmVzaCIsImV4cCI6MTc0MDAzNjgwOSwiaWF0IjoxNzM3NDQ0ODA5LCJqdGkiOiIxNzg4Zjc3YjhiNjQ0Nzk0YWIzNDE0YTZkYTU1ZWFiYSIsInVzZXJfaWQiOjF9.bGSOBEq2uvukqMRY_eJDG0BZixc9PmxWeCEk5YkDlmU	\N	2025-02-20 15:33:29+08	\N	1788f77b8b644794ab3414a6da55eaba
16	eyJhbGciOiJIUzI1NiIsInR5cCI6IkpXVCJ9.eyJ0b2tlbl90eXBlIjoicmVmcmVzaCIsImV4cCI6MTc0MDAzNjgzMSwiaWF0IjoxNzM3NDQ0ODMxLCJqdGkiOiIxNmFlZjlhZTQxNWI0ODU3ODNmNDZhMDJhZWU5Zjg4NiIsInVzZXJfaWQiOjF9.aQxFVHeqLPj0zlqUl4xfQIefzspUS7FGOj5fwhJ6WhE	\N	2025-02-20 15:33:51+08	\N	16aef9ae415b485783f46a02aee9f886
17	eyJhbGciOiJIUzI1NiIsInR5cCI6IkpXVCJ9.eyJ0b2tlbl90eXBlIjoicmVmcmVzaCIsImV4cCI6MTc0MDAzODEwOSwiaWF0IjoxNzM3NDQ2MTA5LCJqdGkiOiI2ZTlkZjAwNDVhMTU0YmJkYjEyOGFlMDI1M2YzYWYwZiIsInVzZXJfaWQiOjF9.hLdbNiIcch6mu8iZDzvpl3EkroYdlrD7Hp4l0DVfwf8	\N	2025-02-20 15:55:09+08	\N	6e9df0045a154bbdb128ae0253f3af0f
18	eyJhbGciOiJIUzI1NiIsInR5cCI6IkpXVCJ9.eyJ0b2tlbl90eXBlIjoicmVmcmVzaCIsImV4cCI6MTc0MDAzODEzNSwiaWF0IjoxNzM3NDQ2MTM1LCJqdGkiOiI5OWVlMjI2NDExNmI0OWM3YTIxZjM2MmM0NDZhMGRmYSIsInVzZXJfaWQiOjF9.JBetMI2ZD2y1QvLMzG5QbkALYiJWcLh1uJW0PNUOQNU	\N	2025-02-20 15:55:35+08	\N	99ee2264116b49c7a21f362c446a0dfa
19	eyJhbGciOiJIUzI1NiIsInR5cCI6IkpXVCJ9.eyJ0b2tlbl90eXBlIjoicmVmcmVzaCIsImV4cCI6MTc0MDAzODIzNSwiaWF0IjoxNzM3NDQ2MjM1LCJqdGkiOiIyNTcxY2YwZjZkODQ0NWY2ODcxMWZiYWMxMGVhMWVkZiIsInVzZXJfaWQiOjF9.Z8fliMTx2HZIpxkf3G9XPes7qjDQFSrQkZZCvhqvmXQ	\N	2025-02-20 15:57:15+08	\N	2571cf0f6d8445f68711fbac10ea1edf
20	eyJhbGciOiJIUzI1NiIsInR5cCI6IkpXVCJ9.eyJ0b2tlbl90eXBlIjoicmVmcmVzaCIsImV4cCI6MTc0MDAzODI1MCwiaWF0IjoxNzM3NDQ2MjUwLCJqdGkiOiIyZmIxMzU4YjMwYzY0NjNhYmQ3YzliYjhiZDk2MGQ0YyIsInVzZXJfaWQiOjF9.rH6O52Wmj15TYvGBgd8NHQC7GCaRkRGWNrLxDFW6HFc	\N	2025-02-20 15:57:30+08	\N	2fb1358b30c6463abd7c9bb8bd960d4c
21	eyJhbGciOiJIUzI1NiIsInR5cCI6IkpXVCJ9.eyJ0b2tlbl90eXBlIjoicmVmcmVzaCIsImV4cCI6MTc0MDAzODMyNSwiaWF0IjoxNzM3NDQ2MzI1LCJqdGkiOiJmMDk1YzhiMTAzNjI0MDk3OWQzOTBmZDUzMzM1MjRiOCIsInVzZXJfaWQiOjF9.NvvNRWawRk7eRXBPKzaFQA45v7rNmTVLwCFKxqgS2TU	\N	2025-02-20 15:58:45+08	\N	f095c8b1036240979d390fd5333524b8
22	eyJhbGciOiJIUzI1NiIsInR5cCI6IkpXVCJ9.eyJ0b2tlbl90eXBlIjoicmVmcmVzaCIsImV4cCI6MTc0MDAzODMzMCwiaWF0IjoxNzM3NDQ2MzMwLCJqdGkiOiI0Mjk0NjcyODgwNWM0ZWRjYTMxYWJjMTJjOWMxODgwNSIsInVzZXJfaWQiOjF9.Fk-eXTMsc3V6b_By8r9MxxNBsodXZDVIf3XjFwb4vjE	\N	2025-02-20 15:58:50+08	\N	42946728805c4edca31abc12c9c18805
23	eyJhbGciOiJIUzI1NiIsInR5cCI6IkpXVCJ9.eyJ0b2tlbl90eXBlIjoicmVmcmVzaCIsImV4cCI6MTc0MDAzODM0OCwiaWF0IjoxNzM3NDQ2MzQ4LCJqdGkiOiJmZmMxZGM0ZWJmMGU0NTEyOWJjODFhODFkNmVjODk5NCIsInVzZXJfaWQiOjF9.OJiLyDE06OU-kNauDXPF7mtM5qbYsw5ACN2TIpdeUlk	\N	2025-02-20 15:59:08+08	\N	ffc1dc4ebf0e45129bc81a81d6ec8994
24	eyJhbGciOiJIUzI1NiIsInR5cCI6IkpXVCJ9.eyJ0b2tlbl90eXBlIjoicmVmcmVzaCIsImV4cCI6MTc0MDAzODQwMCwiaWF0IjoxNzM3NDQ2NDAwLCJqdGkiOiI3ZjhkZWU1NzJiMWY0OGQ0YjIzNTRmNzIzZjFhMGE5MyIsInVzZXJfaWQiOjF9.mEl81d-9BluF4PXzSL6u3V6VbjWjuZG0KbORqUHYnf8	\N	2025-02-20 16:00:00+08	\N	7f8dee572b1f48d4b2354f723f1a0a93
25	eyJhbGciOiJIUzI1NiIsInR5cCI6IkpXVCJ9.eyJ0b2tlbl90eXBlIjoicmVmcmVzaCIsImV4cCI6MTc0MDAzODQ4OCwiaWF0IjoxNzM3NDQ2NDg4LCJqdGkiOiI2M2VjMDAyMDU5ZDg0MjI2OTVmZTQzYjliYzVmOTAxNiIsInVzZXJfaWQiOjF9.cwrd3tlHa7i1Dwl1yufHin_ELFUZrYE8QQD3fRTfVeA	\N	2025-02-20 16:01:28+08	\N	63ec002059d8422695fe43b9bc5f9016
26	eyJhbGciOiJIUzI1NiIsInR5cCI6IkpXVCJ9.eyJ0b2tlbl90eXBlIjoicmVmcmVzaCIsImV4cCI6MTc0MDAzODUwOCwiaWF0IjoxNzM3NDQ2NTA4LCJqdGkiOiI0MDhlMzJjZDFjNzk0ZGQ4ODAzZTcwNjIxYjYxMTNhZSIsInVzZXJfaWQiOjF9.HrpKVJu3gVc8OIcwbbXypTOxy0C1ziADpwQOkTcC3K0	\N	2025-02-20 16:01:48+08	\N	408e32cd1c794dd8803e70621b6113ae
27	eyJhbGciOiJIUzI1NiIsInR5cCI6IkpXVCJ9.eyJ0b2tlbl90eXBlIjoicmVmcmVzaCIsImV4cCI6MTc0MDAzODU1MiwiaWF0IjoxNzM3NDQ2NTUyLCJqdGkiOiIzN2MwZjZiNmExZDE0MTEwOTAwMjI0OWEzYTBlOTAxYyIsInVzZXJfaWQiOjF9.k_tcRbiBtTuBAm5gqCwgFNK57X6UWplhIAUAy_J_VGc	\N	2025-02-20 16:02:32+08	\N	37c0f6b6a1d141109002249a3a0e901c
28	eyJhbGciOiJIUzI1NiIsInR5cCI6IkpXVCJ9.eyJ0b2tlbl90eXBlIjoicmVmcmVzaCIsImV4cCI6MTc0MDAzODU4MywiaWF0IjoxNzM3NDQ2NTgzLCJqdGkiOiJhNGQ2OGFjNjkxMWM0NjExOGNmZDI0NTA0OTAyNGJlMCIsInVzZXJfaWQiOjF9.DvN3Fo1oGbt0DLrjdEId4GS-cg1fn1t4bYaJ30CpMjU	\N	2025-02-20 16:03:03+08	\N	a4d68ac6911c46118cfd245049024be0
29	eyJhbGciOiJIUzI1NiIsInR5cCI6IkpXVCJ9.eyJ0b2tlbl90eXBlIjoicmVmcmVzaCIsImV4cCI6MTc0MDAzODU5NywiaWF0IjoxNzM3NDQ2NTk3LCJqdGkiOiJiYmQ0NDhhYTViN2M0YTgyOGE4OGUxZTZjNjRlMjg0YyIsInVzZXJfaWQiOjF9.NqUfaiaULpdNNpn-9FRvzeq6rtm53pdvyK0YXUhqH3k	\N	2025-02-20 16:03:17+08	\N	bbd448aa5b7c4a828a88e1e6c64e284c
30	eyJhbGciOiJIUzI1NiIsInR5cCI6IkpXVCJ9.eyJ0b2tlbl90eXBlIjoicmVmcmVzaCIsImV4cCI6MTc0MDAzOTE2NSwiaWF0IjoxNzM3NDQ3MTY1LCJqdGkiOiI3ZTg3MTRmNjg3OTI0ZjAyOTQ3Yzg0ZTJhMmIyYTAxNCIsInVzZXJfaWQiOjF9.zRH9JH31BfSzZEWAGdCjeAVbzp2Wgs7ZrB4Xq6q0XL8	\N	2025-02-20 16:12:45+08	\N	7e8714f687924f02947c84e2a2b2a014
31	eyJhbGciOiJIUzI1NiIsInR5cCI6IkpXVCJ9.eyJ0b2tlbl90eXBlIjoicmVmcmVzaCIsImV4cCI6MTc0MDAzOTE3OSwiaWF0IjoxNzM3NDQ3MTc5LCJqdGkiOiJiMjY3ZDIxYjcwNDA0ZTJkYWNhMmYxNWEyMmFhMWRmZSIsInVzZXJfaWQiOjF9.u5w8UxAKkWCEWpN4Y4uGzNo8dqKzV3xlZfRhQpfBdIU	\N	2025-02-20 16:12:59+08	\N	b267d21b70404e2daca2f15a22aa1dfe
32	eyJhbGciOiJIUzI1NiIsInR5cCI6IkpXVCJ9.eyJ0b2tlbl90eXBlIjoicmVmcmVzaCIsImV4cCI6MTc0MDA0MDIyOSwiaWF0IjoxNzM3NDQ4MjI5LCJqdGkiOiI0MmEzYzczZjBmZTY0ZmEzODc0MzhlYWQ0NDc2ODcxNiIsInVzZXJfaWQiOjF9.eF_UIEPaVZ9geArKpGKUmkg4Tc06VCFdwvhEjTMsFDw	\N	2025-02-20 16:30:29+08	\N	42a3c73f0fe64fa387438ead44768716
33	eyJhbGciOiJIUzI1NiIsInR5cCI6IkpXVCJ9.eyJ0b2tlbl90eXBlIjoicmVmcmVzaCIsImV4cCI6MTc0MDA0MDI0OCwiaWF0IjoxNzM3NDQ4MjQ4LCJqdGkiOiIwMTE2YjYzMTY2MWM0ZGM3YTFmMTFjNGYwYTZhNDM1ZiIsInVzZXJfaWQiOjF9.ckA_atCC9ByrR1rOr7vFerWXUKVJdGE9yp8_RWuY9mE	\N	2025-02-20 16:30:48+08	\N	0116b631661c4dc7a1f11c4f0a6a435f
34	eyJhbGciOiJIUzI1NiIsInR5cCI6IkpXVCJ9.eyJ0b2tlbl90eXBlIjoicmVmcmVzaCIsImV4cCI6MTc0MDA0MDI2MiwiaWF0IjoxNzM3NDQ4MjYyLCJqdGkiOiI4MWIwMjhkMThlYTI0ZjAyOTlmZTNiNDM1MDZjMmVlZSIsInVzZXJfaWQiOjF9.8-cKgMvPjhPt9WhQuCSAkrhKFHJ16PyvOIvn4lHjkhE	\N	2025-02-20 16:31:02+08	\N	81b028d18ea24f0299fe3b43506c2eee
35	eyJhbGciOiJIUzI1NiIsInR5cCI6IkpXVCJ9.eyJ0b2tlbl90eXBlIjoicmVmcmVzaCIsImV4cCI6MTc0MDA0MTU5OSwiaWF0IjoxNzM3NDQ5NTk5LCJqdGkiOiIzNDJhNjk1MWFjZTg0YWJmYTE1OGE3ZTViMjQ2MGY3OSIsInVzZXJfaWQiOjF9.Uud5Y3BYbil5B0UbpQuruSHcb4BUgc9aUJYD8P9huvM	\N	2025-02-20 16:53:19+08	\N	342a6951ace84abfa158a7e5b2460f79
36	eyJhbGciOiJIUzI1NiIsInR5cCI6IkpXVCJ9.eyJ0b2tlbl90eXBlIjoicmVmcmVzaCIsImV4cCI6MTc0MDA0MTYzMywiaWF0IjoxNzM3NDQ5NjMzLCJqdGkiOiI4YTk5ZjQ1ZDhmMmU0N2ZiOGJkOWJkMTJlZTc3YTA3MiIsInVzZXJfaWQiOjF9.Y_Jv1fY4CghMNS_vXuEGmPuXsWUJN1WWSVerbmaXeQo	\N	2025-02-20 16:53:53+08	\N	8a99f45d8f2e47fb8bd9bd12ee77a072
37	eyJhbGciOiJIUzI1NiIsInR5cCI6IkpXVCJ9.eyJ0b2tlbl90eXBlIjoicmVmcmVzaCIsImV4cCI6MTc0MDA0MTY0NSwiaWF0IjoxNzM3NDQ5NjQ1LCJqdGkiOiI4N2JkZmQyZmJmMjQ0ZGMxOWQ3NmQ2M2ViNWNmM2ZkOCIsInVzZXJfaWQiOjF9.ZrPTYvrUMxGNdsVdCBJfZJTZm56ORDQAsdRmfl_8aTQ	\N	2025-02-20 16:54:05+08	\N	87bdfd2fbf244dc19d76d63eb5cf3fd8
38	eyJhbGciOiJIUzI1NiIsInR5cCI6IkpXVCJ9.eyJ0b2tlbl90eXBlIjoicmVmcmVzaCIsImV4cCI6MTc0MDA0MTcwMSwiaWF0IjoxNzM3NDQ5NzAxLCJqdGkiOiIwNzM0ZWY4YzJiYzU0OTQ0YjcyNTEyZGNlMDI4NTYzOCIsInVzZXJfaWQiOjF9.z33BC62IimVd_RLy-6BSsZF5R6J66Gb76Ak-d0_bV3A	\N	2025-02-20 16:55:01+08	\N	0734ef8c2bc54944b72512dce0285638
39	eyJhbGciOiJIUzI1NiIsInR5cCI6IkpXVCJ9.eyJ0b2tlbl90eXBlIjoicmVmcmVzaCIsImV4cCI6MTc0MDA0MTcxNSwiaWF0IjoxNzM3NDQ5NzE1LCJqdGkiOiIyMDNiNGYxMTY4YTA0MWE4YjM4MGUxOGE0Mzg1ZDk0NiIsInVzZXJfaWQiOjF9.kcmRtp_HlapcTqHKzyGN8JyYQs2POyAhoECyg5KD_Uk	\N	2025-02-20 16:55:15+08	\N	203b4f1168a041a8b380e18a4385d946
40	eyJhbGciOiJIUzI1NiIsInR5cCI6IkpXVCJ9.eyJ0b2tlbl90eXBlIjoicmVmcmVzaCIsImV4cCI6MTc0MDA0MjIwNywiaWF0IjoxNzM3NDUwMjA3LCJqdGkiOiJlZDRjNzI2ZDE5NmQ0MjE4OWQ3MTUwZWNmMTMwZDNhNyIsInVzZXJfaWQiOjF9.clyGwK_-C4m3BLfqi0g1Zbih55eKc86OmjX-BOxXiiw	\N	2025-02-20 17:03:27+08	\N	ed4c726d196d42189d7150ecf130d3a7
41	eyJhbGciOiJIUzI1NiIsInR5cCI6IkpXVCJ9.eyJ0b2tlbl90eXBlIjoicmVmcmVzaCIsImV4cCI6MTc0MDA0MjI2OSwiaWF0IjoxNzM3NDUwMjY5LCJqdGkiOiIwYThiZGFiMTkzMTY0ZTUwYTljNzMyNTU1ODFjYzQyOCIsInVzZXJfaWQiOjF9.RCC4yW8NamSsAU0h_X0jpMhmSSGUMSCyTsaUp_vPHyU	\N	2025-02-20 17:04:29+08	\N	0a8bdab193164e50a9c73255581cc428
42	eyJhbGciOiJIUzI1NiIsInR5cCI6IkpXVCJ9.eyJ0b2tlbl90eXBlIjoicmVmcmVzaCIsImV4cCI6MTc0MDA0MjI3OCwiaWF0IjoxNzM3NDUwMjc4LCJqdGkiOiI4ZWJmNmQ4MWJjODY0ZTY4YThjYTBjOWU3MDI2OGQzNCIsInVzZXJfaWQiOjF9.PNy6_C0LWRt-qlgBzFMeK163i7Gc_ql_t7a5J0IWENk	\N	2025-02-20 17:04:38+08	\N	8ebf6d81bc864e68a8ca0c9e70268d34
43	eyJhbGciOiJIUzI1NiIsInR5cCI6IkpXVCJ9.eyJ0b2tlbl90eXBlIjoicmVmcmVzaCIsImV4cCI6MTc0MDA0MjQwMywiaWF0IjoxNzM3NDUwNDAzLCJqdGkiOiI2OTFiNzAyYzkzODE0ZDFhODYyMjYyNzhjYTBhOWIxOCIsInVzZXJfaWQiOjF9.j_Sj7GIlOc75gYOxGdjTs2h5LtDXKLdch5-MgN383A8	\N	2025-02-20 17:06:43+08	\N	691b702c93814d1a86226278ca0a9b18
44	eyJhbGciOiJIUzI1NiIsInR5cCI6IkpXVCJ9.eyJ0b2tlbl90eXBlIjoicmVmcmVzaCIsImV4cCI6MTc0MDA0MjQxNCwiaWF0IjoxNzM3NDUwNDE0LCJqdGkiOiI0ZDhmNDdmYmQyMDY0NWQzODM4MTQ1MGVjZjhhN2Y1OCIsInVzZXJfaWQiOjF9.JLpXhyh13_BF2YZU18CTiYh0matTkCLenFZ5lS5EzY4	\N	2025-02-20 17:06:54+08	\N	4d8f47fbd20645d38381450ecf8a7f58
45	eyJhbGciOiJIUzI1NiIsInR5cCI6IkpXVCJ9.eyJ0b2tlbl90eXBlIjoicmVmcmVzaCIsImV4cCI6MTc0MDA0MjU3OSwiaWF0IjoxNzM3NDUwNTc5LCJqdGkiOiI4NDkxZTViNzhiNjg0MDY2YTBlYWFmNWI5N2Q5Yzg3MyIsInVzZXJfaWQiOjF9.yAeeVjsBxnXRNoJek2F3cM9_eNrBrIg0JYT8ic-Cm6Q	\N	2025-02-20 17:09:39+08	\N	8491e5b78b684066a0eaaf5b97d9c873
46	eyJhbGciOiJIUzI1NiIsInR5cCI6IkpXVCJ9.eyJ0b2tlbl90eXBlIjoicmVmcmVzaCIsImV4cCI6MTc0MDA0MjU5MCwiaWF0IjoxNzM3NDUwNTkwLCJqdGkiOiI5YjNmM2I5NmJkZWU0OGM4OTgzNzYyYmJiYjAwMDU3ZiIsInVzZXJfaWQiOjF9.SLFlGDPDogOvWLAOuaab1sZkjkzI-GikCSc5M0VGqds	\N	2025-02-20 17:09:50+08	\N	9b3f3b96bdee48c8983762bbbb00057f
47	eyJhbGciOiJIUzI1NiIsInR5cCI6IkpXVCJ9.eyJ0b2tlbl90eXBlIjoicmVmcmVzaCIsImV4cCI6MTc0MDA0MjYwMiwiaWF0IjoxNzM3NDUwNjAyLCJqdGkiOiI3Y2Y3Njk0NmIyMTg0OTFjODFkN2UzY2UzMGRiZDY2ZSIsInVzZXJfaWQiOjF9.fcCIISNDFmrHSZkXuDWx3uGIIe6E6xiKmYETonTMDfY	\N	2025-02-20 17:10:02+08	\N	7cf76946b218491c81d7e3ce30dbd66e
48	eyJhbGciOiJIUzI1NiIsInR5cCI6IkpXVCJ9.eyJ0b2tlbl90eXBlIjoicmVmcmVzaCIsImV4cCI6MTc0MDA0MjYxNSwiaWF0IjoxNzM3NDUwNjE1LCJqdGkiOiJkMDUwZjQ2OGMyMmU0ODM0ODhmYmIwNGU5NTkxMjkzNCIsInVzZXJfaWQiOjF9.moGVBGEVTjJwVD53Ws1CvMWKZd-Vf_P49JynIHu-mhs	\N	2025-02-20 17:10:15+08	\N	d050f468c22e483488fbb04e95912934
49	eyJhbGciOiJIUzI1NiIsInR5cCI6IkpXVCJ9.eyJ0b2tlbl90eXBlIjoicmVmcmVzaCIsImV4cCI6MTc0MDA0MjY1MiwiaWF0IjoxNzM3NDUwNjUyLCJqdGkiOiIwNzQzMjE0MDEwZDY0Zjc3YjhkZjRhOWQ3ZmU0Y2E4NCIsInVzZXJfaWQiOjF9.pA9zGjckFqDckOmoxFSwWEAQk9uS_eK08__wVN5j8IA	\N	2025-02-20 17:10:52+08	\N	0743214010d64f77b8df4a9d7fe4ca84
50	eyJhbGciOiJIUzI1NiIsInR5cCI6IkpXVCJ9.eyJ0b2tlbl90eXBlIjoicmVmcmVzaCIsImV4cCI6MTc0MDA0MjY4OCwiaWF0IjoxNzM3NDUwNjg4LCJqdGkiOiJjNTdhYWE3OTMxY2I0NDM5ODNmZDczM2FlMDQzODkzNCIsInVzZXJfaWQiOjF9.tvU42_euOfwDdYXGoNu4rjD8351bUuRuFftQNGg4vVw	\N	2025-02-20 17:11:28+08	\N	c57aaa7931cb443983fd733ae0438934
51	eyJhbGciOiJIUzI1NiIsInR5cCI6IkpXVCJ9.eyJ0b2tlbl90eXBlIjoicmVmcmVzaCIsImV4cCI6MTc0MDA0MjY5NSwiaWF0IjoxNzM3NDUwNjk1LCJqdGkiOiIzNzZmOTdmOWVjN2M0ODg3YThjN2ZmM2ViNzgyNjlhNyIsInVzZXJfaWQiOjF9.-BbRLirLW6FQXpUnyfcDZs5GpXGtffbC4XW8I2x8X1c	\N	2025-02-20 17:11:35+08	\N	376f97f9ec7c4887a8c7ff3eb78269a7
52	eyJhbGciOiJIUzI1NiIsInR5cCI6IkpXVCJ9.eyJ0b2tlbl90eXBlIjoicmVmcmVzaCIsImV4cCI6MTc0MDA0Mjg0MSwiaWF0IjoxNzM3NDUwODQxLCJqdGkiOiIzZTIyNTQ5ZTlkZTQ0NDhiYTMwOTc2NTE4MTQ0MDZkOSIsInVzZXJfaWQiOjF9.MdrZWXCjaRB365mtVVJvbx-TNYmjSfXT4aImB0nRanE	\N	2025-02-20 17:14:01+08	\N	3e22549e9de4448ba3097651814406d9
53	eyJhbGciOiJIUzI1NiIsInR5cCI6IkpXVCJ9.eyJ0b2tlbl90eXBlIjoicmVmcmVzaCIsImV4cCI6MTc0MDA0MjkxOSwiaWF0IjoxNzM3NDUwOTE5LCJqdGkiOiIzMmM2ZTRhMWE2YjI0YmFiYWY2ZDdlZDExYzI5MDliNSIsInVzZXJfaWQiOjF9.O38OVfsz5BDtMbFVHP9lmL_yeHzuf69C5ELLeJsxZrU	\N	2025-02-20 17:15:19+08	\N	32c6e4a1a6b24babaf6d7ed11c2909b5
54	eyJhbGciOiJIUzI1NiIsInR5cCI6IkpXVCJ9.eyJ0b2tlbl90eXBlIjoicmVmcmVzaCIsImV4cCI6MTc0MDA0MzA1MSwiaWF0IjoxNzM3NDUxMDUxLCJqdGkiOiJjYjY4NWRhOTRhMjA0ZDFmYWYyOTE2MjQwZGM1ZGUyNCIsInVzZXJfaWQiOjF9.mF3567-NdDkuy8MnODHMNptNiZJ-lT-g8GA8lj8Pico	\N	2025-02-20 17:17:31+08	\N	cb685da94a204d1faf2916240dc5de24
55	eyJhbGciOiJIUzI1NiIsInR5cCI6IkpXVCJ9.eyJ0b2tlbl90eXBlIjoicmVmcmVzaCIsImV4cCI6MTc0MDA0MzI0NywiaWF0IjoxNzM3NDUxMjQ3LCJqdGkiOiI1M2JhZmZlOWZkMDg0YTY5OTUzMTU2ZWFmMmRiYjljNCIsInVzZXJfaWQiOjF9.ZCbIm5oOgCS0rMhjUP0WS5iDkxTkvTAtfVW3OBPBeAs	\N	2025-02-20 17:20:47+08	\N	53baffe9fd084a69953156eaf2dbb9c4
56	eyJhbGciOiJIUzI1NiIsInR5cCI6IkpXVCJ9.eyJ0b2tlbl90eXBlIjoicmVmcmVzaCIsImV4cCI6MTc0MDA0MzM2NywiaWF0IjoxNzM3NDUxMzY3LCJqdGkiOiI0Yzc1NmFiMTAwZDQ0OGY2YjMxNDdmZWU3MjY1Njc2NCIsInVzZXJfaWQiOjF9.FRRhsmMEYzYWdmgHG7tDcwcfWvcd_juqkNJYgf2s6w0	\N	2025-02-20 17:22:47+08	\N	4c756ab100d448f6b3147fee72656764
57	eyJhbGciOiJIUzI1NiIsInR5cCI6IkpXVCJ9.eyJ0b2tlbl90eXBlIjoicmVmcmVzaCIsImV4cCI6MTc0MDA0MzQ4NSwiaWF0IjoxNzM3NDUxNDg1LCJqdGkiOiJiYWE5ZjdjYTAxYTc0NGViODU1N2MxZDY0NTRiNmUzYiIsInVzZXJfaWQiOjF9.RKcHPVloIT__GaqR85hD1Ts8NJaKOUsknqrl-qrkeYQ	\N	2025-02-20 17:24:45+08	\N	baa9f7ca01a744eb8557c1d6454b6e3b
58	eyJhbGciOiJIUzI1NiIsInR5cCI6IkpXVCJ9.eyJ0b2tlbl90eXBlIjoicmVmcmVzaCIsImV4cCI6MTc0MDA0MzUxMCwiaWF0IjoxNzM3NDUxNTEwLCJqdGkiOiI0Yzg5N2E0MTc4MjE0YmVkYjczODJmOTlmOGM2YzM5NSIsInVzZXJfaWQiOjF9.oo5LitQo3KUmO3BbUiEkhyTLYBomrliCQi93mH22cXs	\N	2025-02-20 17:25:10+08	\N	4c897a4178214bedb7382f99f8c6c395
59	eyJhbGciOiJIUzI1NiIsInR5cCI6IkpXVCJ9.eyJ0b2tlbl90eXBlIjoicmVmcmVzaCIsImV4cCI6MTc0MDA0MzUyMywiaWF0IjoxNzM3NDUxNTIzLCJqdGkiOiI0ODQzYmM0ZDBmNDk0NzM1Yjg2ZGI1ZGNmYjk2OWZkMCIsInVzZXJfaWQiOjF9.1XWbsaq9CiaLrGOylbDpOMuo5RcaVU9S2g5UdNbgZu0	\N	2025-02-20 17:25:23+08	\N	4843bc4d0f494735b86db5dcfb969fd0
60	eyJhbGciOiJIUzI1NiIsInR5cCI6IkpXVCJ9.eyJ0b2tlbl90eXBlIjoicmVmcmVzaCIsImV4cCI6MTc0MDA0MzUzMSwiaWF0IjoxNzM3NDUxNTMxLCJqdGkiOiI0MDc4OGIyMWYxMTY0MmVmODU1MTJkYWUzMDZjODExZSIsInVzZXJfaWQiOjF9.1U0WNjVNrtXTo6ufdEHk-FIWtHmqMFd8gXOk6NIEcOA	\N	2025-02-20 17:25:31+08	\N	40788b21f11642ef85512dae306c811e
61	eyJhbGciOiJIUzI1NiIsInR5cCI6IkpXVCJ9.eyJ0b2tlbl90eXBlIjoicmVmcmVzaCIsImV4cCI6MTc0MDA0MzU4MiwiaWF0IjoxNzM3NDUxNTgyLCJqdGkiOiIxOGZhYTE2MWY0NWE0NTRkOWNjMjk4NWIyZjg5ZGY4OCIsInVzZXJfaWQiOjF9.xNlVIlkUG7Y7hKcxhBoUGNoEokmpY7WWla7np2iBLMI	\N	2025-02-20 17:26:22+08	\N	18faa161f45a454d9cc2985b2f89df88
62	eyJhbGciOiJIUzI1NiIsInR5cCI6IkpXVCJ9.eyJ0b2tlbl90eXBlIjoicmVmcmVzaCIsImV4cCI6MTc0MDA2MDIxOSwiaWF0IjoxNzM3NDY4MjE5LCJqdGkiOiJjZjYyZTg3NDdlNTM0NTU0YjU3MzdjMTEyYjk3ZmM0YyIsInVzZXJfaWQiOjF9.OCs9xzJQEwYu4JaGYuu_IjaRbf5AYZnBfnXGKFEgRX8	\N	2025-02-20 22:03:39+08	\N	cf62e8747e534554b5737c112b97fc4c
63	eyJhbGciOiJIUzI1NiIsInR5cCI6IkpXVCJ9.eyJ0b2tlbl90eXBlIjoicmVmcmVzaCIsImV4cCI6MTc0MDA2MDQ0OSwiaWF0IjoxNzM3NDY4NDQ5LCJqdGkiOiI3NGY2OGQyMWVmOGM0MTNlODYyZWVjMWIzYjg2NmJkZCIsInVzZXJfaWQiOjF9.qucO9IfIJS8X4AGTi-QNtZdDPk5hryfSwRhwhdWo-P8	\N	2025-02-20 22:07:29+08	\N	74f68d21ef8c413e862eec1b3b866bdd
64	eyJhbGciOiJIUzI1NiIsInR5cCI6IkpXVCJ9.eyJ0b2tlbl90eXBlIjoicmVmcmVzaCIsImV4cCI6MTc0MDA2MzAwMiwiaWF0IjoxNzM3NDcxMDAyLCJqdGkiOiJhYTFmMjk4NWM1OGY0OTgzODQwMzg4YWMyNmJmZGIyNyIsInVzZXJfaWQiOjF9.VLo8pOX2o73llN2mZICoORrnfTqqoVWM2pzR-USVFxk	\N	2025-02-20 22:50:02+08	\N	aa1f2985c58f4983840388ac26bfdb27
65	eyJhbGciOiJIUzI1NiIsInR5cCI6IkpXVCJ9.eyJ0b2tlbl90eXBlIjoicmVmcmVzaCIsImV4cCI6MTc0MDA2MzAyMSwiaWF0IjoxNzM3NDcxMDIxLCJqdGkiOiJhMmIzYjkwYWVmNDU0MDQ1OTY5OGNhNzk1Y2IxNThlYiIsInVzZXJfaWQiOjF9.xPVLR2u1L-oIroHFWrlsFnPpdkp0FbAuSZiKdHxBWgA	\N	2025-02-20 22:50:21+08	\N	a2b3b90aef4540459698ca795cb158eb
66	eyJhbGciOiJIUzI1NiIsInR5cCI6IkpXVCJ9.eyJ0b2tlbl90eXBlIjoicmVmcmVzaCIsImV4cCI6MTc0MDA2MzEwOSwiaWF0IjoxNzM3NDcxMTA5LCJqdGkiOiIyYzg4NWViODkyODk0ODQyOTA2Y2Y5N2ExMTMxNGE1MiIsInVzZXJfaWQiOjF9.RoAY-fP0DPbYtzzpCztyvElhVZyfI4Kdi-Z7SiIxYi0	\N	2025-02-20 22:51:49+08	\N	2c885eb892894842906cf97a11314a52
67	eyJhbGciOiJIUzI1NiIsInR5cCI6IkpXVCJ9.eyJ0b2tlbl90eXBlIjoicmVmcmVzaCIsImV4cCI6MTc0MDA2MzE3MywiaWF0IjoxNzM3NDcxMTczLCJqdGkiOiJhZmExMjRiYTVmZTg0NWRkYjY5NWE2Yjc0MTllOTk1NSIsInVzZXJfaWQiOjF9.Gp1lD2RnH671k98t1qHw0wr_QhaxdHkkbYVN3oI0rfc	\N	2025-02-20 22:52:53+08	\N	afa124ba5fe845ddb695a6b7419e9955
68	eyJhbGciOiJIUzI1NiIsInR5cCI6IkpXVCJ9.eyJ0b2tlbl90eXBlIjoicmVmcmVzaCIsImV4cCI6MTc0MDA2MzIwOCwiaWF0IjoxNzM3NDcxMjA4LCJqdGkiOiI1NzRlYjFmYTI0ZmQ0NWJhYjU0MDkxMmNmNGRjOGY1NCIsInVzZXJfaWQiOjF9.ZR2eoPo0xrIHyDgQYvrqZhKlGghHF5-eLLCxAhggcYo	\N	2025-02-20 22:53:28+08	\N	574eb1fa24fd45bab540912cf4dc8f54
69	eyJhbGciOiJIUzI1NiIsInR5cCI6IkpXVCJ9.eyJ0b2tlbl90eXBlIjoicmVmcmVzaCIsImV4cCI6MTc0MDA2MzI1MCwiaWF0IjoxNzM3NDcxMjUwLCJqdGkiOiJjMzI3NjllYzUwZTE0M2UzOTU0ODExNjU2N2ZlMTRmNyIsInVzZXJfaWQiOjF9.5wDmGMcWqsF9ENNOK8IsGEdMUtrn5vsGcTTo6EXnA6g	\N	2025-02-20 22:54:10+08	\N	c32769ec50e143e39548116567fe14f7
70	eyJhbGciOiJIUzI1NiIsInR5cCI6IkpXVCJ9.eyJ0b2tlbl90eXBlIjoicmVmcmVzaCIsImV4cCI6MTc0MDA2MzI2NiwiaWF0IjoxNzM3NDcxMjY2LCJqdGkiOiI4NDk2NGI3ODA4Y2I0YWE0OTdmZGU2YWFhMjUyYWI3OSIsInVzZXJfaWQiOjF9.-UZzRKTqN8DeaI3mGpZIqyKEi1KGRW99ppZu82qps1g	\N	2025-02-20 22:54:26+08	\N	84964b7808cb4aa497fde6aaa252ab79
71	eyJhbGciOiJIUzI1NiIsInR5cCI6IkpXVCJ9.eyJ0b2tlbl90eXBlIjoicmVmcmVzaCIsImV4cCI6MTc0MDA2MzI4OSwiaWF0IjoxNzM3NDcxMjg5LCJqdGkiOiJmZmQzNzdjOWFjMmI0ODEwYTA3M2NkYmQ3MjE3OWYxOCIsInVzZXJfaWQiOjF9.0cnXYkB9b5TZGQecLcfit3V5UnU1paxp_ypiG5aeQ7A	\N	2025-02-20 22:54:49+08	\N	ffd377c9ac2b4810a073cdbd72179f18
72	eyJhbGciOiJIUzI1NiIsInR5cCI6IkpXVCJ9.eyJ0b2tlbl90eXBlIjoicmVmcmVzaCIsImV4cCI6MTc0MDA2MzM4MiwiaWF0IjoxNzM3NDcxMzgyLCJqdGkiOiIwOWFmZTBhYjZmZDA0NzFiYjc3ZDAyODM4NWFiZjY5NSIsInVzZXJfaWQiOjF9.s_hCYXhxsphjBpwjPy7vjhoLVVUON71Aaz0jeqGjf1A	\N	2025-02-20 22:56:22+08	\N	09afe0ab6fd0471bb77d028385abf695
73	eyJhbGciOiJIUzI1NiIsInR5cCI6IkpXVCJ9.eyJ0b2tlbl90eXBlIjoicmVmcmVzaCIsImV4cCI6MTc0MDA2MzQzMCwiaWF0IjoxNzM3NDcxNDMwLCJqdGkiOiJkZjY2NTllZWZlMmI0ZDM1YjFiYWRkYmNiODJkNzliOSIsInVzZXJfaWQiOjF9.085NMySOmW87_7MQVTCu0ktPuZ5CsaiJrRwN46W0oXs	\N	2025-02-20 22:57:10+08	\N	df6659eefe2b4d35b1baddbcb82d79b9
74	eyJhbGciOiJIUzI1NiIsInR5cCI6IkpXVCJ9.eyJ0b2tlbl90eXBlIjoicmVmcmVzaCIsImV4cCI6MTc0MDA2MzQ0MywiaWF0IjoxNzM3NDcxNDQzLCJqdGkiOiI5ZTgxOTk3MTA0ZjM0YTcyODNlZmVjZjU4Mjk5NDViNCIsInVzZXJfaWQiOjF9.QfskRIFXGjrBGke4APgKFgB_t28MKR0nKRH5BwESABE	\N	2025-02-20 22:57:23+08	\N	9e81997104f34a7283efecf5829945b4
75	eyJhbGciOiJIUzI1NiIsInR5cCI6IkpXVCJ9.eyJ0b2tlbl90eXBlIjoicmVmcmVzaCIsImV4cCI6MTc0MDA2MzQ1NCwiaWF0IjoxNzM3NDcxNDU0LCJqdGkiOiI2Y2Y0NmJjOWI3OTE0NGIyOTM5NTU5NDM2NDAxNzUzZSIsInVzZXJfaWQiOjF9.q4UcoWtXa04o3vLvRTdVn4IIrCMfTcqCVjlBli3zXWQ	\N	2025-02-20 22:57:34+08	\N	6cf46bc9b79144b2939559436401753e
76	eyJhbGciOiJIUzI1NiIsInR5cCI6IkpXVCJ9.eyJ0b2tlbl90eXBlIjoicmVmcmVzaCIsImV4cCI6MTc0MDA2MzQ3MywiaWF0IjoxNzM3NDcxNDczLCJqdGkiOiI2NGIxOGZhNzMzOTM0ODE0YTY3N2JlNmE2YTRkNjBkMyIsInVzZXJfaWQiOjF9.z7dBk7UU_4MYnDKYgKuCZiVjLO4r2mABfRBvSxg9zNo	\N	2025-02-20 22:57:53+08	\N	64b18fa733934814a677be6a6a4d60d3
77	eyJhbGciOiJIUzI1NiIsInR5cCI6IkpXVCJ9.eyJ0b2tlbl90eXBlIjoicmVmcmVzaCIsImV4cCI6MTc0MDA2MzQ4MywiaWF0IjoxNzM3NDcxNDgzLCJqdGkiOiIxODRkYzZiMTkyZTU0MTc4YjIyMmNiYjJiZjE5NzljNCIsInVzZXJfaWQiOjF9.HFrgEgbVVqokhgx0X20if-2xVgRPp9w4LsMQbEQqN1g	\N	2025-02-20 22:58:03+08	\N	184dc6b192e54178b222cbb2bf1979c4
78	eyJhbGciOiJIUzI1NiIsInR5cCI6IkpXVCJ9.eyJ0b2tlbl90eXBlIjoicmVmcmVzaCIsImV4cCI6MTc0MDA2MzYwMiwiaWF0IjoxNzM3NDcxNjAyLCJqdGkiOiI2YTkxNDBlYjI1YjU0OWViYWFhMDg1OTVjOTM0MTFlNiIsInVzZXJfaWQiOjF9.kYol-hh2sosH_wP1US5efH7K0OtmwS9VkYyKgYRB02o	\N	2025-02-20 23:00:02+08	\N	6a9140eb25b549ebaaa08595c93411e6
79	eyJhbGciOiJIUzI1NiIsInR5cCI6IkpXVCJ9.eyJ0b2tlbl90eXBlIjoicmVmcmVzaCIsImV4cCI6MTc0MDA2MzYyMSwiaWF0IjoxNzM3NDcxNjIxLCJqdGkiOiI1NDFhMTk3NGZkZDY0MDA4YjJhNDVmMGNkOGNiY2QwYiIsInVzZXJfaWQiOjF9.Av41PXJrY-gQwghTPzoq46Eh-Xp0Gk70NDDWzm0Vmyo	\N	2025-02-20 23:00:21+08	\N	541a1974fdd64008b2a45f0cd8cbcd0b
80	eyJhbGciOiJIUzI1NiIsInR5cCI6IkpXVCJ9.eyJ0b2tlbl90eXBlIjoicmVmcmVzaCIsImV4cCI6MTc0MDA2MzcyMiwiaWF0IjoxNzM3NDcxNzIyLCJqdGkiOiI4MzJhMjkyMzZmYTY0YjA2OTczZDYyMGY4N2IwYzA4ZCIsInVzZXJfaWQiOjF9.2u2LoNnXgQHvyus4x8FfQFhDnGMnyEb3rPM05sD6rfA	\N	2025-02-20 23:02:02+08	\N	832a29236fa64b06973d620f87b0c08d
81	eyJhbGciOiJIUzI1NiIsInR5cCI6IkpXVCJ9.eyJ0b2tlbl90eXBlIjoicmVmcmVzaCIsImV4cCI6MTc0MDA2MzczNCwiaWF0IjoxNzM3NDcxNzM0LCJqdGkiOiIyZTRmYWFmOWZhNmU0NmEwOGUyYmQxNWYzMTVmZjhlNCIsInVzZXJfaWQiOjF9.mQVvLFlQXNxMnfoxPawtf2plY557RgBp6f1snHZl6vM	\N	2025-02-20 23:02:14+08	\N	2e4faaf9fa6e46a08e2bd15f315ff8e4
82	eyJhbGciOiJIUzI1NiIsInR5cCI6IkpXVCJ9.eyJ0b2tlbl90eXBlIjoicmVmcmVzaCIsImV4cCI6MTc0MDA2Mzc4NywiaWF0IjoxNzM3NDcxNzg3LCJqdGkiOiJlMmZiNTk1ODA1MGM0MzQ2YTZiOTZmYmU3ZTE2ZWE2OCIsInVzZXJfaWQiOjF9.jnBxITcUpN8PGQlfXDHbH6nFq0q7R3Sd7AWjxIxesAY	\N	2025-02-20 23:03:07+08	\N	e2fb5958050c4346a6b96fbe7e16ea68
83	eyJhbGciOiJIUzI1NiIsInR5cCI6IkpXVCJ9.eyJ0b2tlbl90eXBlIjoicmVmcmVzaCIsImV4cCI6MTc0MDA2MzgxMiwiaWF0IjoxNzM3NDcxODEyLCJqdGkiOiIzMjg4YTdjMzAwNWE0NTU1YjI4ZWFlMTI1MjMwZDFmYSIsInVzZXJfaWQiOjF9.c9jXLa1G99zC-ExDSGTqbLTV3S9AtKhY3gdSvwLveec	\N	2025-02-20 23:03:32+08	\N	3288a7c3005a4555b28eae125230d1fa
84	eyJhbGciOiJIUzI1NiIsInR5cCI6IkpXVCJ9.eyJ0b2tlbl90eXBlIjoicmVmcmVzaCIsImV4cCI6MTc0MDA2MzgzMywiaWF0IjoxNzM3NDcxODMzLCJqdGkiOiJjZjQ4Nzk2ODIzYTE0NjhkOTc4OWVlMDZlNWI1YTlkNSIsInVzZXJfaWQiOjF9.ZBfKCzcDE98AHKe_ABEZrAk6WVM9AIYe2uv5f9d8HTI	\N	2025-02-20 23:03:53+08	\N	cf48796823a1468d9789ee06e5b5a9d5
85	eyJhbGciOiJIUzI1NiIsInR5cCI6IkpXVCJ9.eyJ0b2tlbl90eXBlIjoicmVmcmVzaCIsImV4cCI6MTc0MDA2MzkzNSwiaWF0IjoxNzM3NDcxOTM1LCJqdGkiOiI5ODllZTdiY2NjNjI0ZTlkYWVlZmZjMWU2MDNlYjQ5YiIsInVzZXJfaWQiOjF9.gZfDsGOAgsazk4pvbqzrJBSHp6IDwTynFTBv91z4zn4	\N	2025-02-20 23:05:35+08	\N	989ee7bccc624e9daeeffc1e603eb49b
86	eyJhbGciOiJIUzI1NiIsInR5cCI6IkpXVCJ9.eyJ0b2tlbl90eXBlIjoicmVmcmVzaCIsImV4cCI6MTc0MDA2NDIxMiwiaWF0IjoxNzM3NDcyMjEyLCJqdGkiOiJjMzQyNzZlMGU0OWU0OTg2OWViMDRkYWM4YzRkYzY0YiIsInVzZXJfaWQiOjF9.Q0BHaDu39Z2vK7d6TeJYKzx3HmE_h1-QEr_RMBg8OTU	\N	2025-02-20 23:10:12+08	\N	c34276e0e49e49869eb04dac8c4dc64b
87	eyJhbGciOiJIUzI1NiIsInR5cCI6IkpXVCJ9.eyJ0b2tlbl90eXBlIjoicmVmcmVzaCIsImV4cCI6MTc0MDA2NDIyNSwiaWF0IjoxNzM3NDcyMjI1LCJqdGkiOiIzMzY1NjBlNmY1NDQ0ZDI2OTc4YjM3YzRhNDNjY2Q5YyIsInVzZXJfaWQiOjF9.sXcz3kwNfhJAXJoegifLz2nNnT0yLLsRdOvib7FIiwo	\N	2025-02-20 23:10:25+08	\N	336560e6f5444d26978b37c4a43ccd9c
88	eyJhbGciOiJIUzI1NiIsInR5cCI6IkpXVCJ9.eyJ0b2tlbl90eXBlIjoicmVmcmVzaCIsImV4cCI6MTc0MDA2NDIzNSwiaWF0IjoxNzM3NDcyMjM1LCJqdGkiOiIyNDMxYjNiNDFiY2U0M2VmYTYwYmE1NzM0NWQzYzYyYyIsInVzZXJfaWQiOjF9.rPU0RulK3A2gs1Pcqe0X3-_2ChABgf0wYv2ubHDYv2o	\N	2025-02-20 23:10:35+08	\N	2431b3b41bce43efa60ba57345d3c62c
89	eyJhbGciOiJIUzI1NiIsInR5cCI6IkpXVCJ9.eyJ0b2tlbl90eXBlIjoicmVmcmVzaCIsImV4cCI6MTc0MDA2NDM3NSwiaWF0IjoxNzM3NDcyMzc1LCJqdGkiOiI4OWI4YjAyYzJlOGE0OTE3Yjk0MDUwNzRjY2ZiMmUzZCIsInVzZXJfaWQiOjF9.Kjx4gdtTSovlNXsWRz0shbd9XdAv04tGwE6pFbz3JxI	\N	2025-02-20 23:12:55+08	\N	89b8b02c2e8a4917b9405074ccfb2e3d
90	eyJhbGciOiJIUzI1NiIsInR5cCI6IkpXVCJ9.eyJ0b2tlbl90eXBlIjoicmVmcmVzaCIsImV4cCI6MTc0MDA2NDQyNywiaWF0IjoxNzM3NDcyNDI3LCJqdGkiOiJiMmE3NGRhNWY2N2Y0YjE2ODhjZDBiNDIyNWM4ZGY4ZCIsInVzZXJfaWQiOjF9.F8rjjoI1Kw54fbaNp2BygquG8i-8iLloYnPYS8y9kds	\N	2025-02-20 23:13:47+08	\N	b2a74da5f67f4b1688cd0b4225c8df8d
91	eyJhbGciOiJIUzI1NiIsInR5cCI6IkpXVCJ9.eyJ0b2tlbl90eXBlIjoicmVmcmVzaCIsImV4cCI6MTc0MDA2NDQ0MSwiaWF0IjoxNzM3NDcyNDQxLCJqdGkiOiI1NTY3YmFlNjI5NGY0MTBiYTg1OTI5NWNiYzYxYmQ1MCIsInVzZXJfaWQiOjF9.yMnV7rkdgpkRgDPRipz5DU1bJu11d789Fyt8JVOiZT0	\N	2025-02-20 23:14:01+08	\N	5567bae6294f410ba859295cbc61bd50
92	eyJhbGciOiJIUzI1NiIsInR5cCI6IkpXVCJ9.eyJ0b2tlbl90eXBlIjoicmVmcmVzaCIsImV4cCI6MTc0MDA2NDQ1NSwiaWF0IjoxNzM3NDcyNDU1LCJqdGkiOiI5YWUxYmRjMGJlNWE0NzkyYmM4OTJjZDU2Mzk4NmJhNiIsInVzZXJfaWQiOjF9.-1rPrE5SVRJhuFkOxWo1ANRYcq_UgIxP8-tDfI-8m90	\N	2025-02-20 23:14:15+08	\N	9ae1bdc0be5a4792bc892cd563986ba6
93	eyJhbGciOiJIUzI1NiIsInR5cCI6IkpXVCJ9.eyJ0b2tlbl90eXBlIjoicmVmcmVzaCIsImV4cCI6MTc0MDA2NDY5NCwiaWF0IjoxNzM3NDcyNjk0LCJqdGkiOiI1MDgzNTZlNDM4MzU0Mzc5ODA3YTg0OTNjOWQ5MTM0NSIsInVzZXJfaWQiOjF9.5dsSCMZ1eWx90kyJHc8e0-1BdMkOWYWr9yKvIBOtKNU	\N	2025-02-20 23:18:14+08	\N	508356e438354379807a8493c9d91345
94	eyJhbGciOiJIUzI1NiIsInR5cCI6IkpXVCJ9.eyJ0b2tlbl90eXBlIjoicmVmcmVzaCIsImV4cCI6MTc0MDA2NDk4NiwiaWF0IjoxNzM3NDcyOTg2LCJqdGkiOiJkZTA1OTY0MGFiNzU0MDc5YTBlZmQxMDExOTdlMDUzOCIsInVzZXJfaWQiOjF9.JS1cAv-D9cD-sFzP2t2tS4pmr1_eA2Iwj-POGF2ZV8c	\N	2025-02-20 23:23:06+08	\N	de059640ab754079a0efd101197e0538
95	eyJhbGciOiJIUzI1NiIsInR5cCI6IkpXVCJ9.eyJ0b2tlbl90eXBlIjoicmVmcmVzaCIsImV4cCI6MTc0MDA2NTQ3MywiaWF0IjoxNzM3NDczNDczLCJqdGkiOiI0MTkyNTFhMjdmMjQ0ZGExOWM1ZDUyNmQxOGZlMzUyMCIsInVzZXJfaWQiOjF9.diQLeJqqWzl7zD5R-NCmNTUo_A4S-xXoNFZSuDjQkmE	\N	2025-02-20 23:31:13+08	\N	419251a27f244da19c5d526d18fe3520
96	eyJhbGciOiJIUzI1NiIsInR5cCI6IkpXVCJ9.eyJ0b2tlbl90eXBlIjoicmVmcmVzaCIsImV4cCI6MTc0MDA2NTUzNiwiaWF0IjoxNzM3NDczNTM2LCJqdGkiOiIyMTNjYTViYTAyMjE0NmNmYTM5ODU5NWMxZWRjZDI5OSIsInVzZXJfaWQiOjF9.HBE1vKPYlmFPNwC3aI34e0BvJ8JzcFbN3vajrM2-EIM	\N	2025-02-20 23:32:16+08	\N	213ca5ba022146cfa398595c1edcd299
97	eyJhbGciOiJIUzI1NiIsInR5cCI6IkpXVCJ9.eyJ0b2tlbl90eXBlIjoicmVmcmVzaCIsImV4cCI6MTc0MDIwMjg2NCwiaWF0IjoxNzM3NjEwODY0LCJqdGkiOiJmMzgzMDQzOTRjNzQ0NjQzYTZiNTU4YzUxNDdlMGM4YSIsInVzZXJfaWQiOjF9.GkY7XI_O2tktVVYl_VtnJz2gOSIVW11XiFEurC4mjK0	\N	2025-02-22 13:41:04+08	\N	f38304394c744643a6b558c5147e0c8a
98	eyJhbGciOiJIUzI1NiIsInR5cCI6IkpXVCJ9.eyJ0b2tlbl90eXBlIjoicmVmcmVzaCIsImV4cCI6MTc0MDIwMjg3OCwiaWF0IjoxNzM3NjEwODc4LCJqdGkiOiI5YTYwNGMwY2JiMzY0N2JlYmFiNTlhZmZkZTFjODc4ZSIsInVzZXJfaWQiOjF9.9FOxkOr6yrN-2KRV3SffXIVSanAG07eDX6POSy2WPDY	\N	2025-02-22 13:41:18+08	\N	9a604c0cbb3647bebab59affde1c878e
99	eyJhbGciOiJIUzI1NiIsInR5cCI6IkpXVCJ9.eyJ0b2tlbl90eXBlIjoicmVmcmVzaCIsImV4cCI6MTc0MDIwMjg4NiwiaWF0IjoxNzM3NjEwODg2LCJqdGkiOiJhOTBjOWYwMDNhYTI0YTcwOWRkNzkxZTU2YmQ1N2ZjZCIsInVzZXJfaWQiOjF9.4eREdrTUdhMO7GFt_ORyfH007UsgSWkGKSAb5V6PqRo	\N	2025-02-22 13:41:26+08	\N	a90c9f003aa24a709dd791e56bd57fcd
100	eyJhbGciOiJIUzI1NiIsInR5cCI6IkpXVCJ9.eyJ0b2tlbl90eXBlIjoicmVmcmVzaCIsImV4cCI6MTc0MDIwMzU0NywiaWF0IjoxNzM3NjExNTQ3LCJqdGkiOiIxNDU3MTZmMmZjMTc0YWQ5OTJlMDUyMDAyMzA3OWQ3ZCIsInVzZXJfaWQiOjF9.SSihely0fe4ou9fFOJQqMzgcJ8-MEJbWmT33AU9ApLA	\N	2025-02-22 13:52:27+08	\N	145716f2fc174ad992e0520023079d7d
101	eyJhbGciOiJIUzI1NiIsInR5cCI6IkpXVCJ9.eyJ0b2tlbl90eXBlIjoicmVmcmVzaCIsImV4cCI6MTc0MDIwMzgyOSwiaWF0IjoxNzM3NjExODI5LCJqdGkiOiI4OGUyM2U2NTgzNTI0NTk2YWMzNTc4ZjBlNDViNTY3NyIsInVzZXJfaWQiOjF9.VhjiseGv3nWjzaViuP5ySTyTZlXfxo5XKQW3rEgMYtA	2025-01-23 13:57:09.663905+08	2025-02-22 13:57:09+08	1	88e23e6583524596ac3578f0e45b5677
102	eyJhbGciOiJIUzI1NiIsInR5cCI6IkpXVCJ9.eyJ0b2tlbl90eXBlIjoicmVmcmVzaCIsImV4cCI6MTc0MDIwMzU3OSwiaWF0IjoxNzM3NjExNTc5LCJqdGkiOiJmZjBhMWJkZjQ5YzA0NDdkOGU1ZDMxMGE2M2VlZTY5YyIsInVzZXJfaWQiOjF9.LFlENqZd7hqwekuAduaDdu6LaDNmSjs-H3gugSoT398	\N	2025-02-22 13:52:59+08	\N	ff0a1bdf49c0447d8e5d310a63eee69c
103	eyJhbGciOiJIUzI1NiIsInR5cCI6IkpXVCJ9.eyJ0b2tlbl90eXBlIjoicmVmcmVzaCIsImV4cCI6MTc0MDIwNDY5NiwiaWF0IjoxNzM3NjEyNjk2LCJqdGkiOiJjMjBhZDc4ZTk5YTc0ZWE5OTVkYjMwZWUzMDEwNGJiNiIsInVzZXJfaWQiOjF9.nX2lqulM1_UWqzEUrd23S8nRVF-9FVlDxDE7bCM6oxg	\N	2025-02-22 14:11:36+08	\N	c20ad78e99a74ea995db30ee30104bb6
104	eyJhbGciOiJIUzI1NiIsInR5cCI6IkpXVCJ9.eyJ0b2tlbl90eXBlIjoicmVmcmVzaCIsImV4cCI6MTc0MDIwNDgwMiwiaWF0IjoxNzM3NjEyODAyLCJqdGkiOiIwMzAwNzA3ZDY5Y2Q0YTc2YTlmYzJhYTBiYzQwOWYxZSIsInVzZXJfaWQiOjF9.7louqFYZchrIoGTeL4BUKSzsgtHISdbHJirwtmsQM-w	\N	2025-02-22 14:13:22+08	\N	0300707d69cd4a76a9fc2aa0bc409f1e
105	eyJhbGciOiJIUzI1NiIsInR5cCI6IkpXVCJ9.eyJ0b2tlbl90eXBlIjoicmVmcmVzaCIsImV4cCI6MTc0MDIwNDgwOSwiaWF0IjoxNzM3NjEyODA5LCJqdGkiOiJiZDg2OTlhNDM3OTM0ODM5OTkxMWUwNDI0YzRlZDNhYyIsInVzZXJfaWQiOjF9.WWzPIP2yAjN2RepMtN7mGds61rPVCGerj51oyqC2rF0	\N	2025-02-22 14:13:29+08	\N	bd8699a4379348399911e0424c4ed3ac
106	eyJhbGciOiJIUzI1NiIsInR5cCI6IkpXVCJ9.eyJ0b2tlbl90eXBlIjoicmVmcmVzaCIsImV4cCI6MTc0MDIwNDgxMCwiaWF0IjoxNzM3NjEyODEwLCJqdGkiOiI4N2I4MGQwMzMxMjE0ZTc3OGI0YjI3MTlkMWE0MTc1YiIsInVzZXJfaWQiOjF9.nDyuMmWmVPPUfdBQ3DZ8OA5OgfOUucaT55AcsH7_hfA	\N	2025-02-22 14:13:30+08	\N	87b80d0331214e778b4b2719d1a4175b
\.


--
-- TOC entry 3558 (class 0 OID 0)
-- Dependencies: 227
-- Name: account_user_groups_id_seq; Type: SEQUENCE SET; Schema: public; Owner: giantcld
--

SELECT pg_catalog.setval('public.account_user_groups_id_seq', 1, false);


--
-- TOC entry 3559 (class 0 OID 0)
-- Dependencies: 225
-- Name: account_user_id_seq; Type: SEQUENCE SET; Schema: public; Owner: giantcld
--

SELECT pg_catalog.setval('public.account_user_id_seq', 1, true);


--
-- TOC entry 3560 (class 0 OID 0)
-- Dependencies: 229
-- Name: account_user_user_permissions_id_seq; Type: SEQUENCE SET; Schema: public; Owner: giantcld
--

SELECT pg_catalog.setval('public.account_user_user_permissions_id_seq', 1, false);


--
-- TOC entry 3561 (class 0 OID 0)
-- Dependencies: 233
-- Name: admin_interface_theme_id_seq; Type: SEQUENCE SET; Schema: public; Owner: giantcld
--

SELECT pg_catalog.setval('public.admin_interface_theme_id_seq', 3, true);


--
-- TOC entry 3562 (class 0 OID 0)
-- Dependencies: 221
-- Name: auth_group_id_seq; Type: SEQUENCE SET; Schema: public; Owner: giantcld
--

SELECT pg_catalog.setval('public.auth_group_id_seq', 1, false);


--
-- TOC entry 3563 (class 0 OID 0)
-- Dependencies: 223
-- Name: auth_group_permissions_id_seq; Type: SEQUENCE SET; Schema: public; Owner: giantcld
--

SELECT pg_catalog.setval('public.auth_group_permissions_id_seq', 1, false);


--
-- TOC entry 3564 (class 0 OID 0)
-- Dependencies: 219
-- Name: auth_permission_id_seq; Type: SEQUENCE SET; Schema: public; Owner: giantcld
--

SELECT pg_catalog.setval('public.auth_permission_id_seq', 56, true);


--
-- TOC entry 3565 (class 0 OID 0)
-- Dependencies: 235
-- Name: core_locale_id_seq; Type: SEQUENCE SET; Schema: public; Owner: giantcld
--

SELECT pg_catalog.setval('public.core_locale_id_seq', 4, true);


--
-- TOC entry 3566 (class 0 OID 0)
-- Dependencies: 237
-- Name: core_navigation_id_seq; Type: SEQUENCE SET; Schema: public; Owner: giantcld
--

SELECT pg_catalog.setval('public.core_navigation_id_seq', 9, true);


--
-- TOC entry 3567 (class 0 OID 0)
-- Dependencies: 239
-- Name: core_navigation_permissions_id_seq; Type: SEQUENCE SET; Schema: public; Owner: giantcld
--

SELECT pg_catalog.setval('public.core_navigation_permissions_id_seq', 1, false);


--
-- TOC entry 3568 (class 0 OID 0)
-- Dependencies: 241
-- Name: core_translation_id_seq; Type: SEQUENCE SET; Schema: public; Owner: giantcld
--

SELECT pg_catalog.setval('public.core_translation_id_seq', 246, true);


--
-- TOC entry 3569 (class 0 OID 0)
-- Dependencies: 231
-- Name: django_admin_log_id_seq; Type: SEQUENCE SET; Schema: public; Owner: giantcld
--

SELECT pg_catalog.setval('public.django_admin_log_id_seq', 32, true);


--
-- TOC entry 3570 (class 0 OID 0)
-- Dependencies: 245
-- Name: django_celery_results_chordcounter_id_seq; Type: SEQUENCE SET; Schema: public; Owner: giantcld
--

SELECT pg_catalog.setval('public.django_celery_results_chordcounter_id_seq', 1, false);


--
-- TOC entry 3571 (class 0 OID 0)
-- Dependencies: 247
-- Name: django_celery_results_groupresult_id_seq; Type: SEQUENCE SET; Schema: public; Owner: giantcld
--

SELECT pg_catalog.setval('public.django_celery_results_groupresult_id_seq', 1, false);


--
-- TOC entry 3572 (class 0 OID 0)
-- Dependencies: 243
-- Name: django_celery_results_taskresult_id_seq; Type: SEQUENCE SET; Schema: public; Owner: giantcld
--

SELECT pg_catalog.setval('public.django_celery_results_taskresult_id_seq', 1, false);


--
-- TOC entry 3573 (class 0 OID 0)
-- Dependencies: 217
-- Name: django_content_type_id_seq; Type: SEQUENCE SET; Schema: public; Owner: giantcld
--

SELECT pg_catalog.setval('public.django_content_type_id_seq', 15, true);


--
-- TOC entry 3574 (class 0 OID 0)
-- Dependencies: 215
-- Name: django_migrations_id_seq; Type: SEQUENCE SET; Schema: public; Owner: giantcld
--

SELECT pg_catalog.setval('public.django_migrations_id_seq', 74, true);


--
-- TOC entry 3575 (class 0 OID 0)
-- Dependencies: 250
-- Name: token_blacklist_blacklistedtoken_id_seq; Type: SEQUENCE SET; Schema: public; Owner: giantcld
--

SELECT pg_catalog.setval('public.token_blacklist_blacklistedtoken_id_seq', 105, true);


--
-- TOC entry 3576 (class 0 OID 0)
-- Dependencies: 252
-- Name: token_blacklist_outstandingtoken_id_seq; Type: SEQUENCE SET; Schema: public; Owner: giantcld
--

SELECT pg_catalog.setval('public.token_blacklist_outstandingtoken_id_seq', 106, true);


--
-- TOC entry 3275 (class 2606 OID 125399)
-- Name: account_user account_user_email_key; Type: CONSTRAINT; Schema: public; Owner: giantcld
--

ALTER TABLE ONLY public.account_user
    ADD CONSTRAINT account_user_email_key UNIQUE (email);


--
-- TOC entry 3280 (class 2606 OID 125405)
-- Name: account_user_groups account_user_groups_pkey; Type: CONSTRAINT; Schema: public; Owner: giantcld
--

ALTER TABLE ONLY public.account_user_groups
    ADD CONSTRAINT account_user_groups_pkey PRIMARY KEY (id);


--
-- TOC entry 3283 (class 2606 OID 125414)
-- Name: account_user_groups account_user_groups_user_id_group_id_4d09af3e_uniq; Type: CONSTRAINT; Schema: public; Owner: giantcld
--

ALTER TABLE ONLY public.account_user_groups
    ADD CONSTRAINT account_user_groups_user_id_group_id_4d09af3e_uniq UNIQUE (user_id, group_id);


--
-- TOC entry 3277 (class 2606 OID 125397)
-- Name: account_user account_user_pkey; Type: CONSTRAINT; Schema: public; Owner: giantcld
--

ALTER TABLE ONLY public.account_user
    ADD CONSTRAINT account_user_pkey PRIMARY KEY (id);


--
-- TOC entry 3285 (class 2606 OID 125428)
-- Name: account_user_user_permissions account_user_user_permis_user_id_permission_id_48bdd28b_uniq; Type: CONSTRAINT; Schema: public; Owner: giantcld
--

ALTER TABLE ONLY public.account_user_user_permissions
    ADD CONSTRAINT account_user_user_permis_user_id_permission_id_48bdd28b_uniq UNIQUE (user_id, permission_id);


--
-- TOC entry 3288 (class 2606 OID 125411)
-- Name: account_user_user_permissions account_user_user_permissions_pkey; Type: CONSTRAINT; Schema: public; Owner: giantcld
--

ALTER TABLE ONLY public.account_user_user_permissions
    ADD CONSTRAINT account_user_user_permissions_pkey PRIMARY KEY (id);


--
-- TOC entry 3296 (class 2606 OID 125484)
-- Name: admin_interface_theme admin_interface_theme_name_30bda70f_uniq; Type: CONSTRAINT; Schema: public; Owner: giantcld
--

ALTER TABLE ONLY public.admin_interface_theme
    ADD CONSTRAINT admin_interface_theme_name_30bda70f_uniq UNIQUE (name);


--
-- TOC entry 3298 (class 2606 OID 125469)
-- Name: admin_interface_theme admin_interface_theme_pkey; Type: CONSTRAINT; Schema: public; Owner: giantcld
--

ALTER TABLE ONLY public.admin_interface_theme
    ADD CONSTRAINT admin_interface_theme_pkey PRIMARY KEY (id);


--
-- TOC entry 3264 (class 2606 OID 125388)
-- Name: auth_group auth_group_name_key; Type: CONSTRAINT; Schema: public; Owner: giantcld
--

ALTER TABLE ONLY public.auth_group
    ADD CONSTRAINT auth_group_name_key UNIQUE (name);


--
-- TOC entry 3269 (class 2606 OID 125374)
-- Name: auth_group_permissions auth_group_permissions_group_id_permission_id_0cd325b0_uniq; Type: CONSTRAINT; Schema: public; Owner: giantcld
--

ALTER TABLE ONLY public.auth_group_permissions
    ADD CONSTRAINT auth_group_permissions_group_id_permission_id_0cd325b0_uniq UNIQUE (group_id, permission_id);


--
-- TOC entry 3272 (class 2606 OID 125363)
-- Name: auth_group_permissions auth_group_permissions_pkey; Type: CONSTRAINT; Schema: public; Owner: giantcld
--

ALTER TABLE ONLY public.auth_group_permissions
    ADD CONSTRAINT auth_group_permissions_pkey PRIMARY KEY (id);


--
-- TOC entry 3266 (class 2606 OID 125355)
-- Name: auth_group auth_group_pkey; Type: CONSTRAINT; Schema: public; Owner: giantcld
--

ALTER TABLE ONLY public.auth_group
    ADD CONSTRAINT auth_group_pkey PRIMARY KEY (id);


--
-- TOC entry 3259 (class 2606 OID 125365)
-- Name: auth_permission auth_permission_content_type_id_codename_01ab375a_uniq; Type: CONSTRAINT; Schema: public; Owner: giantcld
--

ALTER TABLE ONLY public.auth_permission
    ADD CONSTRAINT auth_permission_content_type_id_codename_01ab375a_uniq UNIQUE (content_type_id, codename);


--
-- TOC entry 3261 (class 2606 OID 125349)
-- Name: auth_permission auth_permission_pkey; Type: CONSTRAINT; Schema: public; Owner: giantcld
--

ALTER TABLE ONLY public.auth_permission
    ADD CONSTRAINT auth_permission_pkey PRIMARY KEY (id);


--
-- TOC entry 3301 (class 2606 OID 125515)
-- Name: core_locale core_locale_code_key; Type: CONSTRAINT; Schema: public; Owner: giantcld
--

ALTER TABLE ONLY public.core_locale
    ADD CONSTRAINT core_locale_code_key UNIQUE (lang);


--
-- TOC entry 3303 (class 2606 OID 125513)
-- Name: core_locale core_locale_pkey; Type: CONSTRAINT; Schema: public; Owner: giantcld
--

ALTER TABLE ONLY public.core_locale
    ADD CONSTRAINT core_locale_pkey PRIMARY KEY (id);


--
-- TOC entry 3309 (class 2606 OID 125551)
-- Name: core_navigation_permissions core_navigation_permissi_navigation_id_permission_4d4bd10a_uniq; Type: CONSTRAINT; Schema: public; Owner: giantcld
--

ALTER TABLE ONLY public.core_navigation_permissions
    ADD CONSTRAINT core_navigation_permissi_navigation_id_permission_4d4bd10a_uniq UNIQUE (navigation_id, permission_id);


--
-- TOC entry 3313 (class 2606 OID 125533)
-- Name: core_navigation_permissions core_navigation_permissions_pkey; Type: CONSTRAINT; Schema: public; Owner: giantcld
--

ALTER TABLE ONLY public.core_navigation_permissions
    ADD CONSTRAINT core_navigation_permissions_pkey PRIMARY KEY (id);


--
-- TOC entry 3306 (class 2606 OID 125527)
-- Name: core_navigation core_navigation_pkey; Type: CONSTRAINT; Schema: public; Owner: giantcld
--

ALTER TABLE ONLY public.core_navigation
    ADD CONSTRAINT core_navigation_pkey PRIMARY KEY (id);


--
-- TOC entry 3315 (class 2606 OID 125565)
-- Name: core_translation core_translation_key_lang_id_82369307_uniq; Type: CONSTRAINT; Schema: public; Owner: giantcld
--

ALTER TABLE ONLY public.core_translation
    ADD CONSTRAINT core_translation_key_lang_id_82369307_uniq UNIQUE (key, locale_id);


--
-- TOC entry 3318 (class 2606 OID 125541)
-- Name: core_translation core_translation_pkey; Type: CONSTRAINT; Schema: public; Owner: giantcld
--

ALTER TABLE ONLY public.core_translation
    ADD CONSTRAINT core_translation_pkey PRIMARY KEY (id);


--
-- TOC entry 3292 (class 2606 OID 125449)
-- Name: django_admin_log django_admin_log_pkey; Type: CONSTRAINT; Schema: public; Owner: giantcld
--

ALTER TABLE ONLY public.django_admin_log
    ADD CONSTRAINT django_admin_log_pkey PRIMARY KEY (id);


--
-- TOC entry 3331 (class 2606 OID 125603)
-- Name: django_celery_results_chordcounter django_celery_results_chordcounter_group_id_key; Type: CONSTRAINT; Schema: public; Owner: giantcld
--

ALTER TABLE ONLY public.django_celery_results_chordcounter
    ADD CONSTRAINT django_celery_results_chordcounter_group_id_key UNIQUE (group_id);


--
-- TOC entry 3333 (class 2606 OID 125601)
-- Name: django_celery_results_chordcounter django_celery_results_chordcounter_pkey; Type: CONSTRAINT; Schema: public; Owner: giantcld
--

ALTER TABLE ONLY public.django_celery_results_chordcounter
    ADD CONSTRAINT django_celery_results_chordcounter_pkey PRIMARY KEY (id);


--
-- TOC entry 3338 (class 2606 OID 125614)
-- Name: django_celery_results_groupresult django_celery_results_groupresult_group_id_key; Type: CONSTRAINT; Schema: public; Owner: giantcld
--

ALTER TABLE ONLY public.django_celery_results_groupresult
    ADD CONSTRAINT django_celery_results_groupresult_group_id_key UNIQUE (group_id);


--
-- TOC entry 3340 (class 2606 OID 125612)
-- Name: django_celery_results_groupresult django_celery_results_groupresult_pkey; Type: CONSTRAINT; Schema: public; Owner: giantcld
--

ALTER TABLE ONLY public.django_celery_results_groupresult
    ADD CONSTRAINT django_celery_results_groupresult_pkey PRIMARY KEY (id);


--
-- TOC entry 3325 (class 2606 OID 125579)
-- Name: django_celery_results_taskresult django_celery_results_taskresult_pkey; Type: CONSTRAINT; Schema: public; Owner: giantcld
--

ALTER TABLE ONLY public.django_celery_results_taskresult
    ADD CONSTRAINT django_celery_results_taskresult_pkey PRIMARY KEY (id);


--
-- TOC entry 3328 (class 2606 OID 125581)
-- Name: django_celery_results_taskresult django_celery_results_taskresult_task_id_key; Type: CONSTRAINT; Schema: public; Owner: giantcld
--

ALTER TABLE ONLY public.django_celery_results_taskresult
    ADD CONSTRAINT django_celery_results_taskresult_task_id_key UNIQUE (task_id);


--
-- TOC entry 3254 (class 2606 OID 125343)
-- Name: django_content_type django_content_type_app_label_model_76bd3d3b_uniq; Type: CONSTRAINT; Schema: public; Owner: giantcld
--

ALTER TABLE ONLY public.django_content_type
    ADD CONSTRAINT django_content_type_app_label_model_76bd3d3b_uniq UNIQUE (app_label, model);


--
-- TOC entry 3256 (class 2606 OID 125341)
-- Name: django_content_type django_content_type_pkey; Type: CONSTRAINT; Schema: public; Owner: giantcld
--

ALTER TABLE ONLY public.django_content_type
    ADD CONSTRAINT django_content_type_pkey PRIMARY KEY (id);


--
-- TOC entry 3252 (class 2606 OID 125335)
-- Name: django_migrations django_migrations_pkey; Type: CONSTRAINT; Schema: public; Owner: giantcld
--

ALTER TABLE ONLY public.django_migrations
    ADD CONSTRAINT django_migrations_pkey PRIMARY KEY (id);


--
-- TOC entry 3343 (class 2606 OID 125629)
-- Name: django_session django_session_pkey; Type: CONSTRAINT; Schema: public; Owner: giantcld
--

ALTER TABLE ONLY public.django_session
    ADD CONSTRAINT django_session_pkey PRIMARY KEY (session_key);


--
-- TOC entry 3346 (class 2606 OID 125671)
-- Name: token_blacklist_blacklistedtoken token_blacklist_blacklistedtoken_pkey; Type: CONSTRAINT; Schema: public; Owner: giantcld
--

ALTER TABLE ONLY public.token_blacklist_blacklistedtoken
    ADD CONSTRAINT token_blacklist_blacklistedtoken_pkey PRIMARY KEY (id);


--
-- TOC entry 3348 (class 2606 OID 125692)
-- Name: token_blacklist_blacklistedtoken token_blacklist_blacklistedtoken_token_id_key; Type: CONSTRAINT; Schema: public; Owner: giantcld
--

ALTER TABLE ONLY public.token_blacklist_blacklistedtoken
    ADD CONSTRAINT token_blacklist_blacklistedtoken_token_id_key UNIQUE (token_id);


--
-- TOC entry 3351 (class 2606 OID 125662)
-- Name: token_blacklist_outstandingtoken token_blacklist_outstandingtoken_jti_hex_d9bdf6f7_uniq; Type: CONSTRAINT; Schema: public; Owner: giantcld
--

ALTER TABLE ONLY public.token_blacklist_outstandingtoken
    ADD CONSTRAINT token_blacklist_outstandingtoken_jti_hex_d9bdf6f7_uniq UNIQUE (jti);


--
-- TOC entry 3353 (class 2606 OID 125680)
-- Name: token_blacklist_outstandingtoken token_blacklist_outstandingtoken_pkey; Type: CONSTRAINT; Schema: public; Owner: giantcld
--

ALTER TABLE ONLY public.token_blacklist_outstandingtoken
    ADD CONSTRAINT token_blacklist_outstandingtoken_pkey PRIMARY KEY (id);


--
-- TOC entry 3273 (class 1259 OID 125412)
-- Name: account_user_email_0bd7c421_like; Type: INDEX; Schema: public; Owner: giantcld
--

CREATE INDEX account_user_email_0bd7c421_like ON public.account_user USING btree (email varchar_pattern_ops);


--
-- TOC entry 3278 (class 1259 OID 125426)
-- Name: account_user_groups_group_id_6c71f749; Type: INDEX; Schema: public; Owner: giantcld
--

CREATE INDEX account_user_groups_group_id_6c71f749 ON public.account_user_groups USING btree (group_id);


--
-- TOC entry 3281 (class 1259 OID 125425)
-- Name: account_user_groups_user_id_14345e7b; Type: INDEX; Schema: public; Owner: giantcld
--

CREATE INDEX account_user_groups_user_id_14345e7b ON public.account_user_groups USING btree (user_id);


--
-- TOC entry 3286 (class 1259 OID 125440)
-- Name: account_user_user_permissions_permission_id_66c44191; Type: INDEX; Schema: public; Owner: giantcld
--

CREATE INDEX account_user_user_permissions_permission_id_66c44191 ON public.account_user_user_permissions USING btree (permission_id);


--
-- TOC entry 3289 (class 1259 OID 125439)
-- Name: account_user_user_permissions_user_id_cc42d270; Type: INDEX; Schema: public; Owner: giantcld
--

CREATE INDEX account_user_user_permissions_user_id_cc42d270 ON public.account_user_user_permissions USING btree (user_id);


--
-- TOC entry 3294 (class 1259 OID 125485)
-- Name: admin_interface_theme_name_30bda70f_like; Type: INDEX; Schema: public; Owner: giantcld
--

CREATE INDEX admin_interface_theme_name_30bda70f_like ON public.admin_interface_theme USING btree (name varchar_pattern_ops);


--
-- TOC entry 3262 (class 1259 OID 125389)
-- Name: auth_group_name_a6ea08ec_like; Type: INDEX; Schema: public; Owner: giantcld
--

CREATE INDEX auth_group_name_a6ea08ec_like ON public.auth_group USING btree (name varchar_pattern_ops);


--
-- TOC entry 3267 (class 1259 OID 125385)
-- Name: auth_group_permissions_group_id_b120cbf9; Type: INDEX; Schema: public; Owner: giantcld
--

CREATE INDEX auth_group_permissions_group_id_b120cbf9 ON public.auth_group_permissions USING btree (group_id);


--
-- TOC entry 3270 (class 1259 OID 125386)
-- Name: auth_group_permissions_permission_id_84c5c92e; Type: INDEX; Schema: public; Owner: giantcld
--

CREATE INDEX auth_group_permissions_permission_id_84c5c92e ON public.auth_group_permissions USING btree (permission_id);


--
-- TOC entry 3257 (class 1259 OID 125371)
-- Name: auth_permission_content_type_id_2f476e4b; Type: INDEX; Schema: public; Owner: giantcld
--

CREATE INDEX auth_permission_content_type_id_2f476e4b ON public.auth_permission USING btree (content_type_id);


--
-- TOC entry 3299 (class 1259 OID 125542)
-- Name: core_locale_code_5c5f2347_like; Type: INDEX; Schema: public; Owner: giantcld
--

CREATE INDEX core_locale_code_5c5f2347_like ON public.core_locale USING btree (lang varchar_pattern_ops);


--
-- TOC entry 3304 (class 1259 OID 125549)
-- Name: core_navigation_parent_id_0a0ee36b; Type: INDEX; Schema: public; Owner: giantcld
--

CREATE INDEX core_navigation_parent_id_0a0ee36b ON public.core_navigation USING btree (parent_id);


--
-- TOC entry 3310 (class 1259 OID 125562)
-- Name: core_navigation_permissions_navigation_id_5025399d; Type: INDEX; Schema: public; Owner: giantcld
--

CREATE INDEX core_navigation_permissions_navigation_id_5025399d ON public.core_navigation_permissions USING btree (navigation_id);


--
-- TOC entry 3311 (class 1259 OID 125563)
-- Name: core_navigation_permissions_permission_id_dfacc148; Type: INDEX; Schema: public; Owner: giantcld
--

CREATE INDEX core_navigation_permissions_permission_id_dfacc148 ON public.core_navigation_permissions USING btree (permission_id);


--
-- TOC entry 3307 (class 1259 OID 125548)
-- Name: core_navigation_tree_id_9651f31f; Type: INDEX; Schema: public; Owner: giantcld
--

CREATE INDEX core_navigation_tree_id_9651f31f ON public.core_navigation USING btree (tree_id);


--
-- TOC entry 3316 (class 1259 OID 125571)
-- Name: core_translation_lang_id_576323e6; Type: INDEX; Schema: public; Owner: giantcld
--

CREATE INDEX core_translation_lang_id_576323e6 ON public.core_translation USING btree (locale_id);


--
-- TOC entry 3290 (class 1259 OID 125460)
-- Name: django_admin_log_content_type_id_c4bce8eb; Type: INDEX; Schema: public; Owner: giantcld
--

CREATE INDEX django_admin_log_content_type_id_c4bce8eb ON public.django_admin_log USING btree (content_type_id);


--
-- TOC entry 3293 (class 1259 OID 125461)
-- Name: django_admin_log_user_id_c564eba6; Type: INDEX; Schema: public; Owner: giantcld
--

CREATE INDEX django_admin_log_user_id_c564eba6 ON public.django_admin_log USING btree (user_id);


--
-- TOC entry 3334 (class 1259 OID 125620)
-- Name: django_cele_date_cr_bd6c1d_idx; Type: INDEX; Schema: public; Owner: giantcld
--

CREATE INDEX django_cele_date_cr_bd6c1d_idx ON public.django_celery_results_groupresult USING btree (date_created);


--
-- TOC entry 3319 (class 1259 OID 125618)
-- Name: django_cele_date_cr_f04a50_idx; Type: INDEX; Schema: public; Owner: giantcld
--

CREATE INDEX django_cele_date_cr_f04a50_idx ON public.django_celery_results_taskresult USING btree (date_created);


--
-- TOC entry 3335 (class 1259 OID 125621)
-- Name: django_cele_date_do_caae0e_idx; Type: INDEX; Schema: public; Owner: giantcld
--

CREATE INDEX django_cele_date_do_caae0e_idx ON public.django_celery_results_groupresult USING btree (date_done);


--
-- TOC entry 3320 (class 1259 OID 125619)
-- Name: django_cele_date_do_f59aad_idx; Type: INDEX; Schema: public; Owner: giantcld
--

CREATE INDEX django_cele_date_do_f59aad_idx ON public.django_celery_results_taskresult USING btree (date_done);


--
-- TOC entry 3321 (class 1259 OID 125616)
-- Name: django_cele_status_9b6201_idx; Type: INDEX; Schema: public; Owner: giantcld
--

CREATE INDEX django_cele_status_9b6201_idx ON public.django_celery_results_taskresult USING btree (status);


--
-- TOC entry 3322 (class 1259 OID 125615)
-- Name: django_cele_task_na_08aec9_idx; Type: INDEX; Schema: public; Owner: giantcld
--

CREATE INDEX django_cele_task_na_08aec9_idx ON public.django_celery_results_taskresult USING btree (task_name);


--
-- TOC entry 3323 (class 1259 OID 125617)
-- Name: django_cele_worker_d54dd8_idx; Type: INDEX; Schema: public; Owner: giantcld
--

CREATE INDEX django_cele_worker_d54dd8_idx ON public.django_celery_results_taskresult USING btree (worker);


--
-- TOC entry 3329 (class 1259 OID 125604)
-- Name: django_celery_results_chordcounter_group_id_1f70858c_like; Type: INDEX; Schema: public; Owner: giantcld
--

CREATE INDEX django_celery_results_chordcounter_group_id_1f70858c_like ON public.django_celery_results_chordcounter USING btree (group_id varchar_pattern_ops);


--
-- TOC entry 3336 (class 1259 OID 125622)
-- Name: django_celery_results_groupresult_group_id_a085f1a9_like; Type: INDEX; Schema: public; Owner: giantcld
--

CREATE INDEX django_celery_results_groupresult_group_id_a085f1a9_like ON public.django_celery_results_groupresult USING btree (group_id varchar_pattern_ops);


--
-- TOC entry 3326 (class 1259 OID 125582)
-- Name: django_celery_results_taskresult_task_id_de0d95bf_like; Type: INDEX; Schema: public; Owner: giantcld
--

CREATE INDEX django_celery_results_taskresult_task_id_de0d95bf_like ON public.django_celery_results_taskresult USING btree (task_id varchar_pattern_ops);


--
-- TOC entry 3341 (class 1259 OID 125631)
-- Name: django_session_expire_date_a5c62663; Type: INDEX; Schema: public; Owner: giantcld
--

CREATE INDEX django_session_expire_date_a5c62663 ON public.django_session USING btree (expire_date);


--
-- TOC entry 3344 (class 1259 OID 125630)
-- Name: django_session_session_key_c0390e0f_like; Type: INDEX; Schema: public; Owner: giantcld
--

CREATE INDEX django_session_session_key_c0390e0f_like ON public.django_session USING btree (session_key varchar_pattern_ops);


--
-- TOC entry 3349 (class 1259 OID 125663)
-- Name: token_blacklist_outstandingtoken_jti_hex_d9bdf6f7_like; Type: INDEX; Schema: public; Owner: giantcld
--

CREATE INDEX token_blacklist_outstandingtoken_jti_hex_d9bdf6f7_like ON public.token_blacklist_outstandingtoken USING btree (jti varchar_pattern_ops);


--
-- TOC entry 3354 (class 1259 OID 125660)
-- Name: token_blacklist_outstandingtoken_user_id_83bc629a; Type: INDEX; Schema: public; Owner: giantcld
--

CREATE INDEX token_blacklist_outstandingtoken_user_id_83bc629a ON public.token_blacklist_outstandingtoken USING btree (user_id);


--
-- TOC entry 3358 (class 2606 OID 125420)
-- Name: account_user_groups account_user_groups_group_id_6c71f749_fk_auth_group_id; Type: FK CONSTRAINT; Schema: public; Owner: giantcld
--

ALTER TABLE ONLY public.account_user_groups
    ADD CONSTRAINT account_user_groups_group_id_6c71f749_fk_auth_group_id FOREIGN KEY (group_id) REFERENCES public.auth_group(id) DEFERRABLE INITIALLY DEFERRED;


--
-- TOC entry 3359 (class 2606 OID 125415)
-- Name: account_user_groups account_user_groups_user_id_14345e7b_fk_account_user_id; Type: FK CONSTRAINT; Schema: public; Owner: giantcld
--

ALTER TABLE ONLY public.account_user_groups
    ADD CONSTRAINT account_user_groups_user_id_14345e7b_fk_account_user_id FOREIGN KEY (user_id) REFERENCES public.account_user(id) DEFERRABLE INITIALLY DEFERRED;


--
-- TOC entry 3360 (class 2606 OID 125434)
-- Name: account_user_user_permissions account_user_user_pe_permission_id_66c44191_fk_auth_perm; Type: FK CONSTRAINT; Schema: public; Owner: giantcld
--

ALTER TABLE ONLY public.account_user_user_permissions
    ADD CONSTRAINT account_user_user_pe_permission_id_66c44191_fk_auth_perm FOREIGN KEY (permission_id) REFERENCES public.auth_permission(id) DEFERRABLE INITIALLY DEFERRED;


--
-- TOC entry 3361 (class 2606 OID 125429)
-- Name: account_user_user_permissions account_user_user_pe_user_id_cc42d270_fk_account_u; Type: FK CONSTRAINT; Schema: public; Owner: giantcld
--

ALTER TABLE ONLY public.account_user_user_permissions
    ADD CONSTRAINT account_user_user_pe_user_id_cc42d270_fk_account_u FOREIGN KEY (user_id) REFERENCES public.account_user(id) DEFERRABLE INITIALLY DEFERRED;


--
-- TOC entry 3356 (class 2606 OID 125380)
-- Name: auth_group_permissions auth_group_permissio_permission_id_84c5c92e_fk_auth_perm; Type: FK CONSTRAINT; Schema: public; Owner: giantcld
--

ALTER TABLE ONLY public.auth_group_permissions
    ADD CONSTRAINT auth_group_permissio_permission_id_84c5c92e_fk_auth_perm FOREIGN KEY (permission_id) REFERENCES public.auth_permission(id) DEFERRABLE INITIALLY DEFERRED;


--
-- TOC entry 3357 (class 2606 OID 125375)
-- Name: auth_group_permissions auth_group_permissions_group_id_b120cbf9_fk_auth_group_id; Type: FK CONSTRAINT; Schema: public; Owner: giantcld
--

ALTER TABLE ONLY public.auth_group_permissions
    ADD CONSTRAINT auth_group_permissions_group_id_b120cbf9_fk_auth_group_id FOREIGN KEY (group_id) REFERENCES public.auth_group(id) DEFERRABLE INITIALLY DEFERRED;


--
-- TOC entry 3355 (class 2606 OID 125366)
-- Name: auth_permission auth_permission_content_type_id_2f476e4b_fk_django_co; Type: FK CONSTRAINT; Schema: public; Owner: giantcld
--

ALTER TABLE ONLY public.auth_permission
    ADD CONSTRAINT auth_permission_content_type_id_2f476e4b_fk_django_co FOREIGN KEY (content_type_id) REFERENCES public.django_content_type(id) DEFERRABLE INITIALLY DEFERRED;


--
-- TOC entry 3364 (class 2606 OID 125543)
-- Name: core_navigation core_navigation_parent_id_0a0ee36b_fk_core_navigation_id; Type: FK CONSTRAINT; Schema: public; Owner: giantcld
--

ALTER TABLE ONLY public.core_navigation
    ADD CONSTRAINT core_navigation_parent_id_0a0ee36b_fk_core_navigation_id FOREIGN KEY (parent_id) REFERENCES public.core_navigation(id) DEFERRABLE INITIALLY DEFERRED;


--
-- TOC entry 3365 (class 2606 OID 125552)
-- Name: core_navigation_permissions core_navigation_perm_navigation_id_5025399d_fk_core_navi; Type: FK CONSTRAINT; Schema: public; Owner: giantcld
--

ALTER TABLE ONLY public.core_navigation_permissions
    ADD CONSTRAINT core_navigation_perm_navigation_id_5025399d_fk_core_navi FOREIGN KEY (navigation_id) REFERENCES public.core_navigation(id) DEFERRABLE INITIALLY DEFERRED;


--
-- TOC entry 3366 (class 2606 OID 125557)
-- Name: core_navigation_permissions core_navigation_perm_permission_id_dfacc148_fk_auth_perm; Type: FK CONSTRAINT; Schema: public; Owner: giantcld
--

ALTER TABLE ONLY public.core_navigation_permissions
    ADD CONSTRAINT core_navigation_perm_permission_id_dfacc148_fk_auth_perm FOREIGN KEY (permission_id) REFERENCES public.auth_permission(id) DEFERRABLE INITIALLY DEFERRED;


--
-- TOC entry 3367 (class 2606 OID 125704)
-- Name: core_translation core_translation_locale_id_af238300_fk_core_locale_id; Type: FK CONSTRAINT; Schema: public; Owner: giantcld
--

ALTER TABLE ONLY public.core_translation
    ADD CONSTRAINT core_translation_locale_id_af238300_fk_core_locale_id FOREIGN KEY (locale_id) REFERENCES public.core_locale(id) DEFERRABLE INITIALLY DEFERRED;


--
-- TOC entry 3362 (class 2606 OID 125450)
-- Name: django_admin_log django_admin_log_content_type_id_c4bce8eb_fk_django_co; Type: FK CONSTRAINT; Schema: public; Owner: giantcld
--

ALTER TABLE ONLY public.django_admin_log
    ADD CONSTRAINT django_admin_log_content_type_id_c4bce8eb_fk_django_co FOREIGN KEY (content_type_id) REFERENCES public.django_content_type(id) DEFERRABLE INITIALLY DEFERRED;


--
-- TOC entry 3363 (class 2606 OID 125455)
-- Name: django_admin_log django_admin_log_user_id_c564eba6_fk_account_user_id; Type: FK CONSTRAINT; Schema: public; Owner: giantcld
--

ALTER TABLE ONLY public.django_admin_log
    ADD CONSTRAINT django_admin_log_user_id_c564eba6_fk_account_user_id FOREIGN KEY (user_id) REFERENCES public.account_user(id) DEFERRABLE INITIALLY DEFERRED;


--
-- TOC entry 3368 (class 2606 OID 125698)
-- Name: token_blacklist_blacklistedtoken token_blacklist_blacklistedtoken_token_id_3cc7fe56_fk; Type: FK CONSTRAINT; Schema: public; Owner: giantcld
--

ALTER TABLE ONLY public.token_blacklist_blacklistedtoken
    ADD CONSTRAINT token_blacklist_blacklistedtoken_token_id_3cc7fe56_fk FOREIGN KEY (token_id) REFERENCES public.token_blacklist_outstandingtoken(id) DEFERRABLE INITIALLY DEFERRED;


--
-- TOC entry 3369 (class 2606 OID 125664)
-- Name: token_blacklist_outstandingtoken token_blacklist_outs_user_id_83bc629a_fk_account_u; Type: FK CONSTRAINT; Schema: public; Owner: giantcld
--

ALTER TABLE ONLY public.token_blacklist_outstandingtoken
    ADD CONSTRAINT token_blacklist_outs_user_id_83bc629a_fk_account_u FOREIGN KEY (user_id) REFERENCES public.account_user(id) DEFERRABLE INITIALLY DEFERRED;


--
-- TOC entry 3557 (class 0 OID 0)
-- Dependencies: 5
-- Name: SCHEMA public; Type: ACL; Schema: -; Owner: postgres
--

REVOKE USAGE ON SCHEMA public FROM PUBLIC;
GRANT ALL ON SCHEMA public TO PUBLIC;


-- Completed on 2025-01-23 14:43:03

--
-- PostgreSQL database dump complete
--

