--
-- PostgreSQL database dump
--

-- Dumped from database version 16.6 (Ubuntu 16.6-1.pgdg20.04+1)
-- Dumped by pg_dump version 17.2

-- Started on 2025-02-14 03:03:40

SET statement_timeout = 0;
SET lock_timeout = 0;
SET idle_in_transaction_session_timeout = 0;
SET transaction_timeout = 0;
SET client_encoding = 'UTF8';
SET standard_conforming_strings = on;
SELECT pg_catalog.set_config('search_path', '', false);
SET check_function_bodies = false;
SET xmloption = content;
SET client_min_messages = warning;
SET row_security = off;

--
-- TOC entry 5 (class 2615 OID 2200)
-- Name: public; Type: SCHEMA; Schema: -; Owner: postgres
--

-- *not* creating schema, since initdb creates it


ALTER SCHEMA public OWNER TO postgres;

SET default_tablespace = '';

SET default_table_access_method = heap;

--
-- TOC entry 226 (class 1259 OID 126248)
-- Name: account_user; Type: TABLE; Schema: public; Owner: giantcld
--

CREATE TABLE public.account_user (
    id bigint NOT NULL,
    password character varying(128) NOT NULL,
    last_login timestamp with time zone,
    is_superuser boolean NOT NULL,
    first_name character varying(150) NOT NULL,
    last_name character varying(150) NOT NULL,
    is_staff boolean NOT NULL,
    is_active boolean NOT NULL,
    date_joined timestamp with time zone NOT NULL,
    email character varying(254) NOT NULL,
    username character varying(255)
);


ALTER TABLE public.account_user OWNER TO giantcld;

--
-- TOC entry 228 (class 1259 OID 126258)
-- Name: account_user_groups; Type: TABLE; Schema: public; Owner: giantcld
--

CREATE TABLE public.account_user_groups (
    id bigint NOT NULL,
    user_id bigint NOT NULL,
    group_id integer NOT NULL
);


ALTER TABLE public.account_user_groups OWNER TO giantcld;

--
-- TOC entry 227 (class 1259 OID 126257)
-- Name: account_user_groups_id_seq; Type: SEQUENCE; Schema: public; Owner: giantcld
--

ALTER TABLE public.account_user_groups ALTER COLUMN id ADD GENERATED BY DEFAULT AS IDENTITY (
    SEQUENCE NAME public.account_user_groups_id_seq
    START WITH 1
    INCREMENT BY 1
    NO MINVALUE
    NO MAXVALUE
    CACHE 1
);


--
-- TOC entry 225 (class 1259 OID 126247)
-- Name: account_user_id_seq; Type: SEQUENCE; Schema: public; Owner: giantcld
--

ALTER TABLE public.account_user ALTER COLUMN id ADD GENERATED BY DEFAULT AS IDENTITY (
    SEQUENCE NAME public.account_user_id_seq
    START WITH 1
    INCREMENT BY 1
    NO MINVALUE
    NO MAXVALUE
    CACHE 1
);


--
-- TOC entry 230 (class 1259 OID 126264)
-- Name: account_user_user_permissions; Type: TABLE; Schema: public; Owner: giantcld
--

CREATE TABLE public.account_user_user_permissions (
    id bigint NOT NULL,
    user_id bigint NOT NULL,
    permission_id integer NOT NULL
);


ALTER TABLE public.account_user_user_permissions OWNER TO giantcld;

--
-- TOC entry 229 (class 1259 OID 126263)
-- Name: account_user_user_permissions_id_seq; Type: SEQUENCE; Schema: public; Owner: giantcld
--

ALTER TABLE public.account_user_user_permissions ALTER COLUMN id ADD GENERATED BY DEFAULT AS IDENTITY (
    SEQUENCE NAME public.account_user_user_permissions_id_seq
    START WITH 1
    INCREMENT BY 1
    NO MINVALUE
    NO MAXVALUE
    CACHE 1
);


--
-- TOC entry 234 (class 1259 OID 126320)
-- Name: admin_interface_theme; Type: TABLE; Schema: public; Owner: giantcld
--

CREATE TABLE public.admin_interface_theme (
    id integer NOT NULL,
    name character varying(50) NOT NULL,
    active boolean NOT NULL,
    title character varying(50) NOT NULL,
    title_visible boolean NOT NULL,
    logo character varying(100) NOT NULL,
    logo_visible boolean NOT NULL,
    css_header_background_color character varying(10) NOT NULL,
    title_color character varying(10) NOT NULL,
    css_header_text_color character varying(10) NOT NULL,
    css_header_link_color character varying(10) NOT NULL,
    css_header_link_hover_color character varying(10) NOT NULL,
    css_module_background_color character varying(10) NOT NULL,
    css_module_text_color character varying(10) NOT NULL,
    css_module_link_color character varying(10) NOT NULL,
    css_module_link_hover_color character varying(10) NOT NULL,
    css_module_rounded_corners boolean NOT NULL,
    css_generic_link_color character varying(10) NOT NULL,
    css_generic_link_hover_color character varying(10) NOT NULL,
    css_save_button_background_color character varying(10) NOT NULL,
    css_save_button_background_hover_color character varying(10) NOT NULL,
    css_save_button_text_color character varying(10) NOT NULL,
    css_delete_button_background_color character varying(10) NOT NULL,
    css_delete_button_background_hover_color character varying(10) NOT NULL,
    css_delete_button_text_color character varying(10) NOT NULL,
    list_filter_dropdown boolean NOT NULL,
    related_modal_active boolean NOT NULL,
    related_modal_background_color character varying(10) NOT NULL,
    related_modal_rounded_corners boolean NOT NULL,
    logo_color character varying(10) NOT NULL,
    recent_actions_visible boolean NOT NULL,
    favicon character varying(100) NOT NULL,
    related_modal_background_opacity character varying(5) NOT NULL,
    env_name character varying(50) NOT NULL,
    env_visible_in_header boolean NOT NULL,
    env_color character varying(10) NOT NULL,
    env_visible_in_favicon boolean NOT NULL,
    related_modal_close_button_visible boolean NOT NULL,
    language_chooser_active boolean NOT NULL,
    language_chooser_display character varying(10) NOT NULL,
    list_filter_sticky boolean NOT NULL,
    form_pagination_sticky boolean NOT NULL,
    form_submit_sticky boolean NOT NULL,
    css_module_background_selected_color character varying(10) NOT NULL,
    css_module_link_selected_color character varying(10) NOT NULL,
    logo_max_height smallint NOT NULL,
    logo_max_width smallint NOT NULL,
    foldable_apps boolean NOT NULL,
    language_chooser_control character varying(20) NOT NULL,
    list_filter_highlight boolean NOT NULL,
    list_filter_removal_links boolean NOT NULL,
    show_fieldsets_as_tabs boolean NOT NULL,
    show_inlines_as_tabs boolean NOT NULL,
    css_generic_link_active_color character varying(10) NOT NULL,
    collapsible_stacked_inlines boolean NOT NULL,
    collapsible_stacked_inlines_collapsed boolean NOT NULL,
    collapsible_tabular_inlines boolean NOT NULL,
    collapsible_tabular_inlines_collapsed boolean NOT NULL,
    CONSTRAINT admin_interface_theme_logo_max_height_check CHECK ((logo_max_height >= 0)),
    CONSTRAINT admin_interface_theme_logo_max_width_check CHECK ((logo_max_width >= 0))
);


ALTER TABLE public.admin_interface_theme OWNER TO giantcld;

--
-- TOC entry 233 (class 1259 OID 126319)
-- Name: admin_interface_theme_id_seq; Type: SEQUENCE; Schema: public; Owner: giantcld
--

ALTER TABLE public.admin_interface_theme ALTER COLUMN id ADD GENERATED BY DEFAULT AS IDENTITY (
    SEQUENCE NAME public.admin_interface_theme_id_seq
    START WITH 1
    INCREMENT BY 1
    NO MINVALUE
    NO MAXVALUE
    CACHE 1
);


--
-- TOC entry 222 (class 1259 OID 126208)
-- Name: auth_group; Type: TABLE; Schema: public; Owner: giantcld
--

CREATE TABLE public.auth_group (
    id integer NOT NULL,
    name character varying(150) NOT NULL
);


ALTER TABLE public.auth_group OWNER TO giantcld;

--
-- TOC entry 221 (class 1259 OID 126207)
-- Name: auth_group_id_seq; Type: SEQUENCE; Schema: public; Owner: giantcld
--

ALTER TABLE public.auth_group ALTER COLUMN id ADD GENERATED BY DEFAULT AS IDENTITY (
    SEQUENCE NAME public.auth_group_id_seq
    START WITH 1
    INCREMENT BY 1
    NO MINVALUE
    NO MAXVALUE
    CACHE 1
);


--
-- TOC entry 224 (class 1259 OID 126216)
-- Name: auth_group_permissions; Type: TABLE; Schema: public; Owner: giantcld
--

CREATE TABLE public.auth_group_permissions (
    id bigint NOT NULL,
    group_id integer NOT NULL,
    permission_id integer NOT NULL
);


ALTER TABLE public.auth_group_permissions OWNER TO giantcld;

--
-- TOC entry 223 (class 1259 OID 126215)
-- Name: auth_group_permissions_id_seq; Type: SEQUENCE; Schema: public; Owner: giantcld
--

ALTER TABLE public.auth_group_permissions ALTER COLUMN id ADD GENERATED BY DEFAULT AS IDENTITY (
    SEQUENCE NAME public.auth_group_permissions_id_seq
    START WITH 1
    INCREMENT BY 1
    NO MINVALUE
    NO MAXVALUE
    CACHE 1
);


--
-- TOC entry 220 (class 1259 OID 126202)
-- Name: auth_permission; Type: TABLE; Schema: public; Owner: giantcld
--

CREATE TABLE public.auth_permission (
    id integer NOT NULL,
    name character varying(255) NOT NULL,
    content_type_id integer NOT NULL,
    codename character varying(100) NOT NULL
);


ALTER TABLE public.auth_permission OWNER TO giantcld;

--
-- TOC entry 219 (class 1259 OID 126201)
-- Name: auth_permission_id_seq; Type: SEQUENCE; Schema: public; Owner: giantcld
--

ALTER TABLE public.auth_permission ALTER COLUMN id ADD GENERATED BY DEFAULT AS IDENTITY (
    SEQUENCE NAME public.auth_permission_id_seq
    START WITH 1
    INCREMENT BY 1
    NO MINVALUE
    NO MAXVALUE
    CACHE 1
);


--
-- TOC entry 240 (class 1259 OID 126382)
-- Name: core_apscredentials; Type: TABLE; Schema: public; Owner: giantcld
--

CREATE TABLE public.core_apscredentials (
    id bigint NOT NULL,
    client_id character varying(255) NOT NULL,
    client_secret character varying(255) NOT NULL,
    created_at timestamp with time zone NOT NULL,
    updated_at timestamp with time zone NOT NULL,
    company_id bigint NOT NULL
);


ALTER TABLE public.core_apscredentials OWNER TO giantcld;

--
-- TOC entry 239 (class 1259 OID 126381)
-- Name: core_autodeskcredentials_id_seq; Type: SEQUENCE; Schema: public; Owner: giantcld
--

ALTER TABLE public.core_apscredentials ALTER COLUMN id ADD GENERATED BY DEFAULT AS IDENTITY (
    SEQUENCE NAME public.core_autodeskcredentials_id_seq
    START WITH 1
    INCREMENT BY 1
    NO MINVALUE
    NO MAXVALUE
    CACHE 1
);


--
-- TOC entry 236 (class 1259 OID 126366)
-- Name: core_company; Type: TABLE; Schema: public; Owner: giantcld
--

CREATE TABLE public.core_company (
    id bigint NOT NULL,
    name character varying(255) NOT NULL
);


ALTER TABLE public.core_company OWNER TO giantcld;

--
-- TOC entry 235 (class 1259 OID 126365)
-- Name: core_company_id_seq; Type: SEQUENCE; Schema: public; Owner: giantcld
--

ALTER TABLE public.core_company ALTER COLUMN id ADD GENERATED BY DEFAULT AS IDENTITY (
    SEQUENCE NAME public.core_company_id_seq
    START WITH 1
    INCREMENT BY 1
    NO MINVALUE
    NO MAXVALUE
    CACHE 1
);


--
-- TOC entry 238 (class 1259 OID 126374)
-- Name: core_locale; Type: TABLE; Schema: public; Owner: giantcld
--

CREATE TABLE public.core_locale (
    id bigint NOT NULL,
    lang character varying(10) NOT NULL,
    name character varying(100) NOT NULL,
    is_active boolean NOT NULL
);


ALTER TABLE public.core_locale OWNER TO giantcld;

--
-- TOC entry 237 (class 1259 OID 126373)
-- Name: core_locale_id_seq; Type: SEQUENCE; Schema: public; Owner: giantcld
--

ALTER TABLE public.core_locale ALTER COLUMN id ADD GENERATED BY DEFAULT AS IDENTITY (
    SEQUENCE NAME public.core_locale_id_seq
    START WITH 1
    INCREMENT BY 1
    NO MINVALUE
    NO MAXVALUE
    CACHE 1
);


--
-- TOC entry 242 (class 1259 OID 126392)
-- Name: core_navigation; Type: TABLE; Schema: public; Owner: giantcld
--

CREATE TABLE public.core_navigation (
    id bigint NOT NULL,
    title_locale character varying(30) NOT NULL,
    subtitle_locale character varying(255),
    type character varying(20) NOT NULL,
    icon character varying(120),
    link character varying(255),
    is_active boolean NOT NULL,
    "order" integer NOT NULL,
    lft integer NOT NULL,
    rght integer NOT NULL,
    tree_id integer NOT NULL,
    level integer NOT NULL,
    parent_id bigint,
    CONSTRAINT core_navigation_level_check CHECK ((level >= 0)),
    CONSTRAINT core_navigation_lft_check CHECK ((lft >= 0)),
    CONSTRAINT core_navigation_rght_check CHECK ((rght >= 0)),
    CONSTRAINT core_navigation_tree_id_check CHECK ((tree_id >= 0))
);


ALTER TABLE public.core_navigation OWNER TO giantcld;

--
-- TOC entry 241 (class 1259 OID 126391)
-- Name: core_navigation_id_seq; Type: SEQUENCE; Schema: public; Owner: giantcld
--

ALTER TABLE public.core_navigation ALTER COLUMN id ADD GENERATED BY DEFAULT AS IDENTITY (
    SEQUENCE NAME public.core_navigation_id_seq
    START WITH 1
    INCREMENT BY 1
    NO MINVALUE
    NO MAXVALUE
    CACHE 1
);


--
-- TOC entry 244 (class 1259 OID 126404)
-- Name: core_navigation_permissions; Type: TABLE; Schema: public; Owner: giantcld
--

CREATE TABLE public.core_navigation_permissions (
    id bigint NOT NULL,
    navigation_id bigint NOT NULL,
    permission_id integer NOT NULL
);


ALTER TABLE public.core_navigation_permissions OWNER TO giantcld;

--
-- TOC entry 243 (class 1259 OID 126403)
-- Name: core_navigation_permissions_id_seq; Type: SEQUENCE; Schema: public; Owner: giantcld
--

ALTER TABLE public.core_navigation_permissions ALTER COLUMN id ADD GENERATED BY DEFAULT AS IDENTITY (
    SEQUENCE NAME public.core_navigation_permissions_id_seq
    START WITH 1
    INCREMENT BY 1
    NO MINVALUE
    NO MAXVALUE
    CACHE 1
);


--
-- TOC entry 248 (class 1259 OID 126418)
-- Name: core_translation; Type: TABLE; Schema: public; Owner: giantcld
--

CREATE TABLE public.core_translation (
    id bigint NOT NULL,
    key character varying(255) NOT NULL,
    value text NOT NULL,
    locale_id bigint NOT NULL
);


ALTER TABLE public.core_translation OWNER TO giantcld;

--
-- TOC entry 247 (class 1259 OID 126417)
-- Name: core_translation_id_seq; Type: SEQUENCE; Schema: public; Owner: giantcld
--

ALTER TABLE public.core_translation ALTER COLUMN id ADD GENERATED BY DEFAULT AS IDENTITY (
    SEQUENCE NAME public.core_translation_id_seq
    START WITH 1
    INCREMENT BY 1
    NO MINVALUE
    NO MAXVALUE
    CACHE 1
);


--
-- TOC entry 246 (class 1259 OID 126410)
-- Name: core_userprofile; Type: TABLE; Schema: public; Owner: giantcld
--

CREATE TABLE public.core_userprofile (
    id bigint NOT NULL,
    company_id bigint NOT NULL,
    user_id bigint NOT NULL
);


ALTER TABLE public.core_userprofile OWNER TO giantcld;

--
-- TOC entry 245 (class 1259 OID 126409)
-- Name: core_userprofile_id_seq; Type: SEQUENCE; Schema: public; Owner: giantcld
--

ALTER TABLE public.core_userprofile ALTER COLUMN id ADD GENERATED BY DEFAULT AS IDENTITY (
    SEQUENCE NAME public.core_userprofile_id_seq
    START WITH 1
    INCREMENT BY 1
    NO MINVALUE
    NO MAXVALUE
    CACHE 1
);


--
-- TOC entry 232 (class 1259 OID 126299)
-- Name: django_admin_log; Type: TABLE; Schema: public; Owner: giantcld
--

CREATE TABLE public.django_admin_log (
    id integer NOT NULL,
    action_time timestamp with time zone NOT NULL,
    object_id text,
    object_repr character varying(200) NOT NULL,
    action_flag smallint NOT NULL,
    change_message text NOT NULL,
    content_type_id integer,
    user_id bigint NOT NULL,
    CONSTRAINT django_admin_log_action_flag_check CHECK ((action_flag >= 0))
);


ALTER TABLE public.django_admin_log OWNER TO giantcld;

--
-- TOC entry 231 (class 1259 OID 126298)
-- Name: django_admin_log_id_seq; Type: SEQUENCE; Schema: public; Owner: giantcld
--

ALTER TABLE public.django_admin_log ALTER COLUMN id ADD GENERATED BY DEFAULT AS IDENTITY (
    SEQUENCE NAME public.django_admin_log_id_seq
    START WITH 1
    INCREMENT BY 1
    NO MINVALUE
    NO MAXVALUE
    CACHE 1
);


--
-- TOC entry 252 (class 1259 OID 126496)
-- Name: django_celery_results_chordcounter; Type: TABLE; Schema: public; Owner: giantcld
--

CREATE TABLE public.django_celery_results_chordcounter (
    id integer NOT NULL,
    group_id character varying(255) NOT NULL,
    sub_tasks text NOT NULL,
    count integer NOT NULL,
    CONSTRAINT django_celery_results_chordcounter_count_check CHECK ((count >= 0))
);


ALTER TABLE public.django_celery_results_chordcounter OWNER TO giantcld;

--
-- TOC entry 251 (class 1259 OID 126495)
-- Name: django_celery_results_chordcounter_id_seq; Type: SEQUENCE; Schema: public; Owner: giantcld
--

ALTER TABLE public.django_celery_results_chordcounter ALTER COLUMN id ADD GENERATED BY DEFAULT AS IDENTITY (
    SEQUENCE NAME public.django_celery_results_chordcounter_id_seq
    START WITH 1
    INCREMENT BY 1
    NO MINVALUE
    NO MAXVALUE
    CACHE 1
);


--
-- TOC entry 254 (class 1259 OID 126508)
-- Name: django_celery_results_groupresult; Type: TABLE; Schema: public; Owner: giantcld
--

CREATE TABLE public.django_celery_results_groupresult (
    id integer NOT NULL,
    group_id character varying(255) NOT NULL,
    date_created timestamp with time zone NOT NULL,
    date_done timestamp with time zone NOT NULL,
    content_type character varying(128) NOT NULL,
    content_encoding character varying(64) NOT NULL,
    result text
);


ALTER TABLE public.django_celery_results_groupresult OWNER TO giantcld;

--
-- TOC entry 253 (class 1259 OID 126507)
-- Name: django_celery_results_groupresult_id_seq; Type: SEQUENCE; Schema: public; Owner: giantcld
--

ALTER TABLE public.django_celery_results_groupresult ALTER COLUMN id ADD GENERATED BY DEFAULT AS IDENTITY (
    SEQUENCE NAME public.django_celery_results_groupresult_id_seq
    START WITH 1
    INCREMENT BY 1
    NO MINVALUE
    NO MAXVALUE
    CACHE 1
);


--
-- TOC entry 250 (class 1259 OID 126475)
-- Name: django_celery_results_taskresult; Type: TABLE; Schema: public; Owner: giantcld
--

CREATE TABLE public.django_celery_results_taskresult (
    id integer NOT NULL,
    task_id character varying(255) NOT NULL,
    status character varying(50) NOT NULL,
    content_type character varying(128) NOT NULL,
    content_encoding character varying(64) NOT NULL,
    result text,
    date_done timestamp with time zone NOT NULL,
    traceback text,
    meta text,
    task_args text,
    task_kwargs text,
    task_name character varying(255),
    worker character varying(100),
    date_created timestamp with time zone NOT NULL,
    periodic_task_name character varying(255)
);


ALTER TABLE public.django_celery_results_taskresult OWNER TO giantcld;

--
-- TOC entry 249 (class 1259 OID 126474)
-- Name: django_celery_results_taskresult_id_seq; Type: SEQUENCE; Schema: public; Owner: giantcld
--

ALTER TABLE public.django_celery_results_taskresult ALTER COLUMN id ADD GENERATED BY DEFAULT AS IDENTITY (
    SEQUENCE NAME public.django_celery_results_taskresult_id_seq
    START WITH 1
    INCREMENT BY 1
    NO MINVALUE
    NO MAXVALUE
    CACHE 1
);


--
-- TOC entry 218 (class 1259 OID 126194)
-- Name: django_content_type; Type: TABLE; Schema: public; Owner: giantcld
--

CREATE TABLE public.django_content_type (
    id integer NOT NULL,
    app_label character varying(100) NOT NULL,
    model character varying(100) NOT NULL
);


ALTER TABLE public.django_content_type OWNER TO giantcld;

--
-- TOC entry 217 (class 1259 OID 126193)
-- Name: django_content_type_id_seq; Type: SEQUENCE; Schema: public; Owner: giantcld
--

ALTER TABLE public.django_content_type ALTER COLUMN id ADD GENERATED BY DEFAULT AS IDENTITY (
    SEQUENCE NAME public.django_content_type_id_seq
    START WITH 1
    INCREMENT BY 1
    NO MINVALUE
    NO MAXVALUE
    CACHE 1
);


--
-- TOC entry 216 (class 1259 OID 126186)
-- Name: django_migrations; Type: TABLE; Schema: public; Owner: giantcld
--

CREATE TABLE public.django_migrations (
    id bigint NOT NULL,
    app character varying(255) NOT NULL,
    name character varying(255) NOT NULL,
    applied timestamp with time zone NOT NULL
);


ALTER TABLE public.django_migrations OWNER TO giantcld;

--
-- TOC entry 215 (class 1259 OID 126185)
-- Name: django_migrations_id_seq; Type: SEQUENCE; Schema: public; Owner: giantcld
--

ALTER TABLE public.django_migrations ALTER COLUMN id ADD GENERATED BY DEFAULT AS IDENTITY (
    SEQUENCE NAME public.django_migrations_id_seq
    START WITH 1
    INCREMENT BY 1
    NO MINVALUE
    NO MAXVALUE
    CACHE 1
);


--
-- TOC entry 255 (class 1259 OID 126525)
-- Name: django_session; Type: TABLE; Schema: public; Owner: giantcld
--

CREATE TABLE public.django_session (
    session_key character varying(40) NOT NULL,
    session_data text NOT NULL,
    expire_date timestamp with time zone NOT NULL
);


ALTER TABLE public.django_session OWNER TO giantcld;

--
-- TOC entry 265 (class 1259 OID 128304)
-- Name: forge_bimconversion; Type: TABLE; Schema: public; Owner: giantcld
--

CREATE TABLE public.forge_bimconversion (
    id bigint NOT NULL,
    urn character varying(255) NOT NULL,
    version integer NOT NULL,
    original_file character varying(500) NOT NULL,
    svf_file character varying(500) NOT NULL,
    created_at timestamp with time zone NOT NULL,
    bim_model_id bigint NOT NULL
);


ALTER TABLE public.forge_bimconversion OWNER TO giantcld;

--
-- TOC entry 264 (class 1259 OID 128303)
-- Name: forge_bimconversion_id_seq; Type: SEQUENCE; Schema: public; Owner: giantcld
--

ALTER TABLE public.forge_bimconversion ALTER COLUMN id ADD GENERATED BY DEFAULT AS IDENTITY (
    SEQUENCE NAME public.forge_bimconversion_id_seq
    START WITH 1
    INCREMENT BY 1
    NO MINVALUE
    NO MAXVALUE
    CACHE 1
);


--
-- TOC entry 261 (class 1259 OID 128288)
-- Name: forge_bimmodel; Type: TABLE; Schema: public; Owner: giantcld
--

CREATE TABLE public.forge_bimmodel (
    id bigint NOT NULL,
    name character varying(255) NOT NULL,
    created_at timestamp with time zone NOT NULL
);


ALTER TABLE public.forge_bimmodel OWNER TO giantcld;

--
-- TOC entry 260 (class 1259 OID 128287)
-- Name: forge_bimmodel_id_seq; Type: SEQUENCE; Schema: public; Owner: giantcld
--

ALTER TABLE public.forge_bimmodel ALTER COLUMN id ADD GENERATED BY DEFAULT AS IDENTITY (
    SEQUENCE NAME public.forge_bimmodel_id_seq
    START WITH 1
    INCREMENT BY 1
    NO MINVALUE
    NO MAXVALUE
    CACHE 1
);


--
-- TOC entry 267 (class 1259 OID 128314)
-- Name: forge_bimobject; Type: TABLE; Schema: public; Owner: giantcld
--

CREATE TABLE public.forge_bimobject (
    id bigint NOT NULL,
    object_id character varying(255) NOT NULL,
    name character varying(255) NOT NULL,
    bim_conversion_id bigint NOT NULL,
    category_id bigint NOT NULL
);


ALTER TABLE public.forge_bimobject OWNER TO giantcld;

--
-- TOC entry 266 (class 1259 OID 128313)
-- Name: forge_bimobject_id_seq; Type: SEQUENCE; Schema: public; Owner: giantcld
--

ALTER TABLE public.forge_bimobject ALTER COLUMN id ADD GENERATED BY DEFAULT AS IDENTITY (
    SEQUENCE NAME public.forge_bimobject_id_seq
    START WITH 1
    INCREMENT BY 1
    NO MINVALUE
    NO MAXVALUE
    CACHE 1
);


--
-- TOC entry 269 (class 1259 OID 128324)
-- Name: forge_bimproperty; Type: TABLE; Schema: public; Owner: giantcld
--

CREATE TABLE public.forge_bimproperty (
    id bigint NOT NULL,
    key character varying(255) NOT NULL,
    value text NOT NULL,
    bim_object_id bigint NOT NULL
);


ALTER TABLE public.forge_bimproperty OWNER TO giantcld;

--
-- TOC entry 268 (class 1259 OID 128323)
-- Name: forge_bimproperty_id_seq; Type: SEQUENCE; Schema: public; Owner: giantcld
--

ALTER TABLE public.forge_bimproperty ALTER COLUMN id ADD GENERATED BY DEFAULT AS IDENTITY (
    SEQUENCE NAME public.forge_bimproperty_id_seq
    START WITH 1
    INCREMENT BY 1
    NO MINVALUE
    NO MAXVALUE
    CACHE 1
);


--
-- TOC entry 263 (class 1259 OID 128294)
-- Name: forge_category; Type: TABLE; Schema: public; Owner: giantcld
--

CREATE TABLE public.forge_category (
    id bigint NOT NULL,
    name character varying(255) NOT NULL,
    description text
);


ALTER TABLE public.forge_category OWNER TO giantcld;

--
-- TOC entry 262 (class 1259 OID 128293)
-- Name: forge_category_id_seq; Type: SEQUENCE; Schema: public; Owner: giantcld
--

ALTER TABLE public.forge_category ALTER COLUMN id ADD GENERATED BY DEFAULT AS IDENTITY (
    SEQUENCE NAME public.forge_category_id_seq
    START WITH 1
    INCREMENT BY 1
    NO MINVALUE
    NO MAXVALUE
    CACHE 1
);


--
-- TOC entry 257 (class 1259 OID 126535)
-- Name: token_blacklist_blacklistedtoken; Type: TABLE; Schema: public; Owner: giantcld
--

CREATE TABLE public.token_blacklist_blacklistedtoken (
    id bigint NOT NULL,
    blacklisted_at timestamp with time zone NOT NULL,
    token_id bigint NOT NULL
);


ALTER TABLE public.token_blacklist_blacklistedtoken OWNER TO giantcld;

--
-- TOC entry 256 (class 1259 OID 126534)
-- Name: token_blacklist_blacklistedtoken_id_seq; Type: SEQUENCE; Schema: public; Owner: giantcld
--

ALTER TABLE public.token_blacklist_blacklistedtoken ALTER COLUMN id ADD GENERATED BY DEFAULT AS IDENTITY (
    SEQUENCE NAME public.token_blacklist_blacklistedtoken_id_seq
    START WITH 1
    INCREMENT BY 1
    NO MINVALUE
    NO MAXVALUE
    CACHE 1
);


--
-- TOC entry 259 (class 1259 OID 126541)
-- Name: token_blacklist_outstandingtoken; Type: TABLE; Schema: public; Owner: giantcld
--

CREATE TABLE public.token_blacklist_outstandingtoken (
    id bigint NOT NULL,
    token text NOT NULL,
    created_at timestamp with time zone,
    expires_at timestamp with time zone NOT NULL,
    user_id bigint,
    jti character varying(255) NOT NULL
);


ALTER TABLE public.token_blacklist_outstandingtoken OWNER TO giantcld;

--
-- TOC entry 258 (class 1259 OID 126540)
-- Name: token_blacklist_outstandingtoken_id_seq; Type: SEQUENCE; Schema: public; Owner: giantcld
--

ALTER TABLE public.token_blacklist_outstandingtoken ALTER COLUMN id ADD GENERATED BY DEFAULT AS IDENTITY (
    SEQUENCE NAME public.token_blacklist_outstandingtoken_id_seq
    START WITH 1
    INCREMENT BY 1
    NO MINVALUE
    NO MAXVALUE
    CACHE 1
);


--
-- TOC entry 3606 (class 0 OID 126248)
-- Dependencies: 226
-- Data for Name: account_user; Type: TABLE DATA; Schema: public; Owner: giantcld
--

COPY public.account_user (id, password, last_login, is_superuser, first_name, last_name, is_staff, is_active, date_joined, email, username) FROM stdin;
1	pbkdf2_sha256$870000$sWjy4vtLlxt0NGwn2ydbfe$Bx8xkJ74k1KzqjzlIH091d+ibdUBUbnyDNujO3gMXlc=	2025-02-14 01:21:01.45205+08	t			t	t	2025-02-08 16:23:41.746113+08	admin@example.com	admin
2	pbkdf2_sha256$870000$vOT5vVsmXnyFCkn7ywGAaO$++IvBOgDMt8aXF98EHCPfHoPamwMY9NyjsASKzOXdW4=	\N	f			f	t	2025-02-14 01:33:59.708978+08	demo@example.com	demo
\.


--
-- TOC entry 3608 (class 0 OID 126258)
-- Dependencies: 228
-- Data for Name: account_user_groups; Type: TABLE DATA; Schema: public; Owner: giantcld
--

COPY public.account_user_groups (id, user_id, group_id) FROM stdin;
\.


--
-- TOC entry 3610 (class 0 OID 126264)
-- Dependencies: 230
-- Data for Name: account_user_user_permissions; Type: TABLE DATA; Schema: public; Owner: giantcld
--

COPY public.account_user_user_permissions (id, user_id, permission_id) FROM stdin;
\.


--
-- TOC entry 3614 (class 0 OID 126320)
-- Dependencies: 234
-- Data for Name: admin_interface_theme; Type: TABLE DATA; Schema: public; Owner: giantcld
--

COPY public.admin_interface_theme (id, name, active, title, title_visible, logo, logo_visible, css_header_background_color, title_color, css_header_text_color, css_header_link_color, css_header_link_hover_color, css_module_background_color, css_module_text_color, css_module_link_color, css_module_link_hover_color, css_module_rounded_corners, css_generic_link_color, css_generic_link_hover_color, css_save_button_background_color, css_save_button_background_hover_color, css_save_button_text_color, css_delete_button_background_color, css_delete_button_background_hover_color, css_delete_button_text_color, list_filter_dropdown, related_modal_active, related_modal_background_color, related_modal_rounded_corners, logo_color, recent_actions_visible, favicon, related_modal_background_opacity, env_name, env_visible_in_header, env_color, env_visible_in_favicon, related_modal_close_button_visible, language_chooser_active, language_chooser_display, list_filter_sticky, form_pagination_sticky, form_submit_sticky, css_module_background_selected_color, css_module_link_selected_color, logo_max_height, logo_max_width, foldable_apps, language_chooser_control, list_filter_highlight, list_filter_removal_links, show_fieldsets_as_tabs, show_inlines_as_tabs, css_generic_link_active_color, collapsible_stacked_inlines, collapsible_stacked_inlines_collapsed, collapsible_tabular_inlines, collapsible_tabular_inlines_collapsed) FROM stdin;
3	BIM	t		f		t	#112E51	#FFFFFF	#FFFFFF	#FFFFFF	#E1F3F8	#112E51	#FFFFFF	#FFFFFF	#E1F3F8	t	#112E51	#0071BC	#112E51	#205493	#FFFFFF	#CD2026	#981B1E	#FFFFFF	f	t	#000000	t	#FFFFFF	t		0.8	BIM模型管理服務系統	t	#E74C3C	t	t	t	code	t	f	f	#FFFFCC	#FFFFFF	100	400	t	default-select	t	f	f	f	#29B864	f	t	f	t
1	Django	f	Django administration	t		t	#0C4B33	#F5DD5D	#44B78B	#FFFFFF	#C9F0DD	#44B78B	#FFFFFF	#FFFFFF	#C9F0DD	t	#0C3C26	#156641	#0C4B33	#0C3C26	#FFFFFF	#BA2121	#A41515	#FFFFFF	t	t	#000000	t	#FFFFFF	t		0.3		t	#E74C3C	t	t	t	code	t	f	f	#FFFFCC	#FFFFFF	100	400	t	default-select	t	f	f	f	#29B864	f	t	f	t
\.


--
-- TOC entry 3602 (class 0 OID 126208)
-- Dependencies: 222
-- Data for Name: auth_group; Type: TABLE DATA; Schema: public; Owner: giantcld
--

COPY public.auth_group (id, name) FROM stdin;
\.


--
-- TOC entry 3604 (class 0 OID 126216)
-- Dependencies: 224
-- Data for Name: auth_group_permissions; Type: TABLE DATA; Schema: public; Owner: giantcld
--

COPY public.auth_group_permissions (id, group_id, permission_id) FROM stdin;
\.


--
-- TOC entry 3600 (class 0 OID 126202)
-- Dependencies: 220
-- Data for Name: auth_permission; Type: TABLE DATA; Schema: public; Owner: giantcld
--

COPY public.auth_permission (id, name, content_type_id, codename) FROM stdin;
1	Can add Theme	1	add_theme
2	Can change Theme	1	change_theme
3	Can delete Theme	1	delete_theme
4	Can view Theme	1	view_theme
5	Can add log entry	2	add_logentry
6	Can change log entry	2	change_logentry
7	Can delete log entry	2	delete_logentry
8	Can view log entry	2	view_logentry
9	Can add permission	3	add_permission
10	Can change permission	3	change_permission
11	Can delete permission	3	delete_permission
12	Can view permission	3	view_permission
13	Can add group	4	add_group
14	Can change group	4	change_group
15	Can delete group	4	delete_group
16	Can view group	4	view_group
17	Can add content type	5	add_contenttype
18	Can change content type	5	change_contenttype
19	Can delete content type	5	delete_contenttype
20	Can view content type	5	view_contenttype
21	Can add session	6	add_session
22	Can change session	6	change_session
23	Can delete session	6	delete_session
24	Can view session	6	view_session
25	Can add blacklisted token	7	add_blacklistedtoken
26	Can change blacklisted token	7	change_blacklistedtoken
27	Can delete blacklisted token	7	delete_blacklistedtoken
28	Can view blacklisted token	7	view_blacklistedtoken
29	Can add outstanding token	8	add_outstandingtoken
30	Can change outstanding token	8	change_outstandingtoken
31	Can delete outstanding token	8	delete_outstandingtoken
32	Can view outstanding token	8	view_outstandingtoken
33	Can add task result	9	add_taskresult
34	Can change task result	9	change_taskresult
35	Can delete task result	9	delete_taskresult
36	Can view task result	9	view_taskresult
37	Can add chord counter	10	add_chordcounter
38	Can change chord counter	10	change_chordcounter
39	Can delete chord counter	10	delete_chordcounter
40	Can view chord counter	10	view_chordcounter
41	Can add group result	11	add_groupresult
42	Can change group result	11	change_groupresult
43	Can delete group result	11	delete_groupresult
44	Can view group result	11	view_groupresult
45	Can add user	12	add_user
46	Can change user	12	change_user
47	Can delete user	12	delete_user
48	Can view user	12	view_user
49	Can add company	13	add_company
50	Can change company	13	change_company
51	Can delete company	13	delete_company
52	Can view company	13	view_company
53	Can add locale	14	add_locale
54	Can change locale	14	change_locale
55	Can delete locale	14	delete_locale
56	Can view locale	14	view_locale
57	Can add autodesk credentials	15	add_autodeskcredentials
58	Can change autodesk credentials	15	change_autodeskcredentials
59	Can delete autodesk credentials	15	delete_autodeskcredentials
60	Can view autodesk credentials	15	view_autodeskcredentials
61	Can add user profile	17	add_userprofile
62	Can change user profile	17	change_userprofile
63	Can delete user profile	17	delete_userprofile
64	Can view user profile	17	view_userprofile
65	Can add translation	18	add_translation
66	Can change translation	18	change_translation
67	Can delete translation	18	delete_translation
68	Can view translation	18	view_translation
69	Can add category	19	add_category
70	Can change category	19	change_category
71	Can delete category	19	delete_category
72	Can view category	19	view_category
73	Can add bim object	20	add_bimobject
74	Can change bim object	20	change_bimobject
75	Can delete bim object	20	delete_bimobject
76	Can view bim object	20	view_bimobject
77	Can add bim conversion	21	add_bimconversion
78	Can change bim conversion	21	change_bimconversion
79	Can delete bim conversion	21	delete_bimconversion
80	Can view bim conversion	21	view_bimconversion
81	Can add bim property	22	add_bimproperty
82	Can change bim property	22	change_bimproperty
83	Can delete bim property	22	delete_bimproperty
84	Can view bim property	22	view_bimproperty
85	Can add bim model	23	add_bimmodel
86	Can change bim model	23	change_bimmodel
87	Can delete bim model	23	delete_bimmodel
88	Can view bim model	23	view_bimmodel
89	Can add bim model	24	add_bimmodel
90	Can change bim model	24	change_bimmodel
91	Can delete bim model	24	delete_bimmodel
92	Can view bim model	24	view_bimmodel
93	Can add bim conversion	25	add_bimconversion
94	Can change bim conversion	25	change_bimconversion
95	Can delete bim conversion	25	delete_bimconversion
96	Can view bim conversion	25	view_bimconversion
97	Can add aps credentials	15	add_apscredentials
98	Can change aps credentials	15	change_apscredentials
99	Can delete aps credentials	15	delete_apscredentials
100	Can view aps credentials	15	view_apscredentials
\.


--
-- TOC entry 3620 (class 0 OID 126382)
-- Dependencies: 240
-- Data for Name: core_apscredentials; Type: TABLE DATA; Schema: public; Owner: giantcld
--

COPY public.core_apscredentials (id, client_id, client_secret, created_at, updated_at, company_id) FROM stdin;
1	47aKP8JTOibKQTvtpdugm8r05baqLxtF	RdJFpBeVY0Nkax7n	2025-02-08 17:06:13.938191+08	2025-02-14 02:52:11.353827+08	1
\.


--
-- TOC entry 3616 (class 0 OID 126366)
-- Dependencies: 236
-- Data for Name: core_company; Type: TABLE DATA; Schema: public; Owner: giantcld
--

COPY public.core_company (id, name) FROM stdin;
1	桃園機場公司
\.


--
-- TOC entry 3618 (class 0 OID 126374)
-- Dependencies: 238
-- Data for Name: core_locale; Type: TABLE DATA; Schema: public; Owner: giantcld
--

COPY public.core_locale (id, lang, name, is_active) FROM stdin;
1	en	English	t
2	zh	繁體中文	t
\.


--
-- TOC entry 3622 (class 0 OID 126392)
-- Dependencies: 242
-- Data for Name: core_navigation; Type: TABLE DATA; Schema: public; Owner: giantcld
--

COPY public.core_navigation (id, title_locale, subtitle_locale, type, icon, link, is_active, "order", lft, rght, tree_id, level, parent_id) FROM stdin;
5	bim-information-listing	\N	basic	heroicons_outline:magnifying-glass	/process-functions	t	1	1	2	1	0	\N
6	bim-model-viewer	\N	basic	heroicons_outline:photo	bim-model-viewer	t	2	1	2	2	0	\N
7	bim-data-import	\N	basic	heroicons_outline:inbox-arrow-down	/bim-data-import	t	4	1	2	4	0	\N
8	user-management	\N	basic	heroicons_outline:users	/user-management	t	5	1	2	5	0	\N
9	system-administration	\N	basic	heroicons_outline:cog-6-tooth	/system-administration	t	6	1	2	6	0	\N
10	bim-media-viewer	\N	basic	heroicons_outline:folder	/bim-media-viewer	t	3	1	2	3	0	\N
\.


--
-- TOC entry 3624 (class 0 OID 126404)
-- Dependencies: 244
-- Data for Name: core_navigation_permissions; Type: TABLE DATA; Schema: public; Owner: giantcld
--

COPY public.core_navigation_permissions (id, navigation_id, permission_id) FROM stdin;
\.


--
-- TOC entry 3628 (class 0 OID 126418)
-- Dependencies: 248
-- Data for Name: core_translation; Type: TABLE DATA; Schema: public; Owner: giantcld
--

COPY public.core_translation (id, key, value, locale_id) FROM stdin;
1	app-title	BIM 模型管理服務系統	2
2	bim-information-listing	圖資檢索	2
3	bim-information-listing-desc	圖資檢索功能說明	2
4	bim-model-viewer	模型檢視	2
5	bim-data-import	模型匯入	2
6	user	使用者	2
7	user-management	使用者管理	2
8	system-administration	系統管理	2
9	advanced-search	COBie Data 進階查詢	2
10	search-keyword	查詢關鍵字...	2
11	user-account	帳戶管理	2
12	log-query	紀錄查詢	2
13	role	權限	2
14	role-list	權限設定	2
16	backup-restore	資料庫備份及還原	2
17	system-administrator	系統管理員	2
18	security-manager	安控管理人員	2
19	bim-manager	圖模管理人員	2
20	bim-operator	圖資作業人員	2
21	inquiry-user	一般查詢使用者	2
22	client-id	Client ID	2
23	client-secret	Client Secret	2
24	bucket-key	Bucket Key	2
25	upload-object	上傳圖資	2
26	translate-job	圖資轉換	2
27	extract-metadata	擷取數據	2
28	module	模組	2
29	model-import-operations	模型匯入作業	2
30	model-import-operations-desc	使用 APS 服務將模型轉換 WebGL 格式	2
31	bim-file-management	BIM 檔案管理	2
32	bim-file-management-desc	可管理並下載 BIM 檔案	2
33	digital-files	數位化檔案	2
34	digital-files-desc	可管理數位化檔案並下載	2
35	bim-information-search	圖資檢索查詢	2
36	bim-information-search-desc	可查詢模型檢索列表資料	2
37	bim-data-export	圖資資料匯出	2
38	bim-data-export-desc	可匯出圖資查詢結果列表	2
39	3d-model-viewer	3D模型檢視器	2
40	3d-model-viewer-desc	可使用 3D WebGL 模型檢視器	2
41	user-management-desc	可新增、刪除、修改使用者帳戶	2
42	permission-group-management	權限群組管理	2
43	permission-group-management-desc	可新增、刪除、修改使用者權限群組	2
44	user-log-query	查詢使用者歷程	2
45	user-log-query-desc	可查詢使用者歷程記錄並匯出記錄檔	2
47	database-management	資料庫管理	2
48	database-management-desc	可進行資料庫備份及還原作業	2
49	system-log-query	系統日誌	2
50	system-log-query-desc	可查詢系統記錄並匯出記錄檔	2
51	file-directory	數位化文件資料夾	2
52	search-bim-name	查詢圖資名稱	2
54	sign-in	登入	2
55	sign-out	登出	2
56	username	帳號	2
57	password	密碼	2
58	no	編號	2
59	name	名稱	2
60	email	電子信箱	2
61	is-required	是必需的	2
62	remember-me	保持登入	2
63	forgot-username	忘記帳號	2
64	forgot-password	忘記密碼	2
65	wrong-email-password	請確認帳號或密碼是否正確	2
66	worng-email-format	請輸入有效的電子郵件地址	2
67	register	註冊帳號	2
68	create	新增	2
69	save	儲存	2
70	edit	編輯	2
71	confirm	確認	2
72	close	關閉	2
73	auth-user	授權帳戶	2
74	auth-permission	權限	2
75	auth-group	權限群組	2
76	cancel	取消	2
78	app-title	BIM Model Management System	1
79	bim-information-listing	BIM Information Listing	1
80	bim-information-listing-desc	BIM Information Listing function description	1
81	bim-model-viewer	BIM Model Viewer	1
82	bim-data-import	BIM Data Import	1
83	user	User	1
84	user-management	User Management	1
85	system-administration	System Administration	1
86	advanced-search	COBie Data Advanced Search	1
87	search-keyword	Search keyword...	1
88	user-account	Account Management	1
89	log-query	Log Query	1
90	role	Role	1
91	role-list	Permission Settings	1
93	backup-restore	Database Backup & Restore	1
94	system-administrator	Administrator	1
95	security-manager	Security Manager	1
96	bim-manager	BIM Manager	1
97	bim-operator	BIM Operator	1
98	inquiry-user	Inquiry User	1
99	client-id	Client ID	1
100	client-secret	Client Secret	1
101	bucket-key	Bucket Key	1
102	upload-object	Upload Object	1
46	aps-credentials-desc	可修改 APS 客戶端憑證資料	2
103	translate-job	Translate Job	1
104	extract-metadata	Extract Metadata	1
105	module	 Module	1
106	model-import-operations	Model Import Operations	1
107	model-import-operations-desc	Use APS service to convert models to WebGL format	1
108	bim-file-management	BIM File Management	1
109	bim-file-management-desc	Can manage and download BIM files	1
110	digital-files	Digital Files	1
111	digital-files-desc	Can manage and download digital files	1
112	bim-information-search	BIM Information Search	1
113	bim-information-search-desc	Can search model information list data	1
114	bim-data-export	BIM Data Export	1
115	bim-data-export-desc	Can export BIM information search result list	1
116	3d-model-viewer	3D Model Viewer	1
117	3d-model-viewer-desc	Can use 3D WebGL model viewer	1
118	user-management-desc	Can add, delete, and modify user accounts	1
119	permission-group-management	Permission Group Management	1
120	permission-group-management-desc	Can add, delete, and modify user permission groups	1
121	user-log-query	User Log Query	1
122	user-log-query-desc	Can query user log records and export log files	1
124	database-management	Database Management	1
125	database-management-desc	Can perform database backup and restore operations	1
126	system-log-query	System Log Query	1
127	system-log-query-desc	Can query system logs and export log files	1
128	file-directory	Digital files directory	1
129	search-bim-name	Search BIM Name	1
130	loading	Loading	1
131	sign-in	Sign in	1
132	sign-out	Sign out	1
133	username	Account	1
134	password	Password	1
135	no	No	1
136	name	Name	1
137	email	Email	1
138	is-required	is required	1
139	remember-me	Remember me	1
140	forgot-username	Forgot Username	1
141	forgot-password	Forgot Password	1
142	wrong-email-password	Wrong username or password	1
143	worng-email-format	Please enter a valid email address	1
144	register	Register Account	1
145	create	Create	1
146	save	Save	1
147	edit	Edit	1
148	confirm	Confirm	1
149	close	Close	1
150	auth-user	Authorized User	1
151	auth-permission	Authorized Permission	1
152	auth-group	Authorized Group	1
153	cancel	Cancel	1
154	email-already-exists	Email already exists	1
233	file-label	File Label/Name	1
234	upload-time	Upload Time	1
235	uploader	Uploader	1
236	download-cobie-csv	Download COBie CSV	1
237	download-bim-source	Download BIM Source File	1
238	previous-backup-version	Previous Backup Version	1
239	restore-previous-version	Restore Previous Version	1
240	file-label	標別/檔案名稱	2
241	upload-time	上傳時間	2
242	uploader	上傳者	2
243	download-cobie-csv	下載COBie CSV	2
244	download-bim-source	下載BIM原始檔	2
245	previous-backup-version	前次備份版本	2
246	restore-previous-version	還原前次版本	2
247	file-name	File Name	1
248	file-size	File Size	1
249	status	Status	1
250	message	Message	1
251	file-name	檔案名稱	2
252	file-size	檔案大小	2
253	status	狀態	2
254	message	訊息	2
77	email-already-exists	電子郵件已存在	2
255	already-exists	already exists	1
256	already-exists	已存在	2
258	select-file	選擇檔案	2
259	confirm-action	Confirm action	1
260	delete-confirm	Are you sure you want to remove this item? This action cannot be undone!	1
261	delete	Delete	1
262	confirm-action	確認操作	2
263	delete-confirm	您確定要刪除這個項目嗎？這個操作無法還原！	2
264	delete	刪除	2
265	delete-success	The item has been successfully deleted.	1
266	delete-success	項目已成功刪除	2
257	select-file	Select Files	1
267	bim-media-viewer	File Management	1
268	bim-media-viewer	文件管理	2
53	loading	處理中	2
269	re-translate-confirm	Confirm whether to reconvert	1
270	re-translate-confirm	是否重新轉換?	2
271	bim-aggregated	Aggregated	1
272	bim-aggregated	聚合	2
273	bim-compare	Compare	1
274	bim-compare	比較	2
275	aps-credentials	APS Client Credentials	1
276	aps-credentials	APS 客戶端憑證	2
123	aps-credentials-desc	Can modify APS credential data	1
277	update-success	The item has been successfully updated.	1
278	update-success	項目已成功修改	2
\.


--
-- TOC entry 3626 (class 0 OID 126410)
-- Dependencies: 246
-- Data for Name: core_userprofile; Type: TABLE DATA; Schema: public; Owner: giantcld
--

COPY public.core_userprofile (id, company_id, user_id) FROM stdin;
1	1	1
2	1	2
\.


--
-- TOC entry 3612 (class 0 OID 126299)
-- Dependencies: 232
-- Data for Name: django_admin_log; Type: TABLE DATA; Schema: public; Owner: giantcld
--

COPY public.django_admin_log (id, action_time, object_id, object_repr, action_flag, change_message, content_type_id, user_id) FROM stdin;
1	2025-02-08 16:38:12.09522+08	1	桃園機場公司	1	[{"added": {}}]	13	1
2	2025-02-08 16:38:36.81009+08	1	None - 桃園機場公司	1	[{"added": {}}]	17	1
3	2025-02-08 16:56:05.408529+08	2	Autodesk Credentials (94MGPGEtqunCJS6XyZAAnztSSIrtfOLsVWQEkLNQ7uracrAC)	1	[{"added": {}}]	15	1
4	2025-02-08 17:06:13.990696+08	3	Autodesk Credentials (94MGPGEtqunCJS6XyZAAnztSSIrtfOLsVWQEkLNQ7uracrAC)	1	[{"added": {}}]	15	1
5	2025-02-08 22:32:33.40363+08	1	Autodesk Credentials (94MGPGEtqunCJS6XyZAAnztSSIrtfOLsVWQEkLNQ7uracrAC)	2	[{"changed": {"fields": ["Client secret"]}}]	15	1
6	2025-02-09 00:35:59.892121+08	1	Autodesk Credentials (47aKP8JTOibKQTvtpdugm8r05baqLxtF)	2	[{"changed": {"fields": ["Client id", "Client secret"]}}]	15	1
7	2025-02-09 00:48:10.655072+08	1	Autodesk Credentials (94MGPGEtqunCJS6XyZAAnztSSIrtfOLsVWQEkLNQ7uracrAC)	2	[{"changed": {"fields": ["Client id", "Client secret"]}}]	15	1
8	2025-02-09 00:48:59.664397+08	1	Autodesk Credentials (94MGPGEtqunCJS6XyZAAnztSSIrtfOLsVWQEkLNQ7uracrAC)	2	[]	15	1
9	2025-02-09 00:54:11.854285+08	1	Autodesk Credentials (47aKP8JTOibKQTvtpdugm8r05baqLxtF)	2	[{"changed": {"fields": ["Client id"]}}]	15	1
10	2025-02-09 00:55:18.951012+08	1	Autodesk Credentials (94MGPGEtqunCJS6XyZAAnztSSIrtfOLsVWQEkLNQ7uracrAC)	2	[{"changed": {"fields": ["Client id", "Client secret"]}}]	15	1
11	2025-02-09 00:57:08.673129+08	1	Autodesk Credentials (47aKP8JTOibKQTvtpdugm8r05baqLxtF)	2	[{"changed": {"fields": ["Client id", "Client secret"]}}]	15	1
12	2025-02-10 03:01:41.167457+08	1	Autodesk Credentials (94MGPGEtqunCJS6XyZAAnztSSIrtfOLsVWQEkLNQ7uracrAC)	2	[{"changed": {"fields": ["Client id", "Client secret"]}}]	15	1
13	2025-02-10 03:17:12.63419+08	1	Autodesk Credentials (wjc7ybhsmnjQWU0xlDqLMNeu80I2GgewEGGNICkbR7byPdVG)	2	[{"changed": {"fields": ["Client id", "Client secret"]}}]	15	1
14	2025-02-10 03:45:24.428807+08	1	Autodesk Credentials (47aKP8JTOibKQTvtpdugm8r05baqLxtF)	2	[{"changed": {"fields": ["Client id", "Client secret"]}}]	15	1
15	2025-02-10 22:07:23.686969+08	1	Autodesk Credentials (47aKP8JTOibKQTvtpdugm8r05baqLxtF)	2	[{"changed": {"fields": ["Client secret"]}}]	15	1
16	2025-02-10 22:08:28.911127+08	1	Autodesk Credentials (47aKP8JTOibKQTvtpdugm8r05baqLxtF)	2	[]	15	1
17	2025-02-11 01:15:40.835341+08	53	zh - loading	2	[{"changed": {"fields": ["Value"]}}]	18	1
18	2025-02-11 12:13:00.313052+08	269	en - re-translate-confirm	1	[{"added": {}}]	18	1
19	2025-02-11 12:13:27.066694+08	270	zh - re-translate-confirm	1	[{"added": {}}]	18	1
20	2025-02-11 12:14:40.236612+08	270	zh - re-translate-confirm	2	[{"changed": {"fields": ["Value"]}}]	18	1
21	2025-02-12 23:31:43.849542+08	271	en - bim-aggregated	1	[{"added": {}}]	18	1
22	2025-02-12 23:31:54.042082+08	272	zh - bim-aggregated	1	[{"added": {}}]	18	1
23	2025-02-12 23:32:20.892835+08	273	en - bim-compare	1	[{"added": {}}]	18	1
24	2025-02-12 23:32:31.760585+08	274	zh - bim-compare	1	[{"added": {}}]	18	1
25	2025-02-12 23:33:34.581738+08	4	BIMModel object (4)	3		23	1
26	2025-02-12 23:33:34.581738+08	3	BIMModel object (3)	3		23	1
27	2025-02-12 23:33:34.581738+08	2	BIMModel object (2)	3		23	1
28	2025-02-12 23:33:34.581738+08	1	BIMModel object (1)	3		23	1
29	2025-02-12 23:37:39.079168+08	6	BIMModel object (6)	3		23	1
30	2025-02-12 23:37:39.080199+08	5	BIMModel object (5)	3		23	1
31	2025-02-13 16:35:05.353795+08	275	en - aps-credentials	1	[{"added": {}}]	18	1
32	2025-02-13 16:35:28.865838+08	276	zh - aps-credentials	1	[{"added": {}}]	18	1
33	2025-02-13 16:48:05.158893+08	92	en - aps-account	3		18	1
34	2025-02-13 16:48:05.158893+08	15	zh - aps-account	3		18	1
35	2025-02-13 16:48:23.335363+08	123	en - aps-credentials-desc	2	[{"changed": {"fields": ["Key", "Value"]}}]	18	1
36	2025-02-13 16:48:39.020374+08	46	zh - aps-credentials-desc	2	[{"changed": {"fields": ["Key", "Value"]}}]	18	1
37	2025-02-13 16:48:55.239229+08	3	ja - 日本語	3		14	1
38	2025-02-14 01:33:45.324794+08	1	admin@example.com	2	[{"changed": {"fields": ["Username"]}}]	12	1
39	2025-02-14 01:34:00.2657+08	2	demo@example.com	1	[{"added": {}}]	12	1
40	2025-02-14 02:48:05.134792+08	277	en - update-success	1	[{"added": {}}]	18	1
41	2025-02-14 02:48:25.122025+08	278	zh - update-success	1	[{"added": {}}]	18	1
42	2025-02-14 02:59:26.889615+08	3	巨昀科技	1	[{"added": {}}]	13	1
43	2025-02-14 03:00:03.382769+08	3	巨昀科技	3		13	1
44	2025-02-14 03:01:52.52376+08	3	巨昀科技	1	[{"added": {}}]	13	1
45	2025-02-14 03:03:05.989041+08	3	巨昀科技	3		13	1
\.


--
-- TOC entry 3632 (class 0 OID 126496)
-- Dependencies: 252
-- Data for Name: django_celery_results_chordcounter; Type: TABLE DATA; Schema: public; Owner: giantcld
--

COPY public.django_celery_results_chordcounter (id, group_id, sub_tasks, count) FROM stdin;
\.


--
-- TOC entry 3634 (class 0 OID 126508)
-- Dependencies: 254
-- Data for Name: django_celery_results_groupresult; Type: TABLE DATA; Schema: public; Owner: giantcld
--

COPY public.django_celery_results_groupresult (id, group_id, date_created, date_done, content_type, content_encoding, result) FROM stdin;
\.


--
-- TOC entry 3630 (class 0 OID 126475)
-- Dependencies: 250
-- Data for Name: django_celery_results_taskresult; Type: TABLE DATA; Schema: public; Owner: giantcld
--

COPY public.django_celery_results_taskresult (id, task_id, status, content_type, content_encoding, result, date_done, traceback, meta, task_args, task_kwargs, task_name, worker, date_created, periodic_task_name) FROM stdin;
1	486dfee1-5f1b-424b-aae5-ec1a145c8ca8	FAILURE	application/json	utf-8	{"exc_type": "Exception", "exc_message": ["Forbidden"], "exc_module": "builtins"}	2025-02-09 12:37:47.678505+08	\N	{"children": []}	\N	\N	\N	\N	2025-02-09 12:37:47.678505+08	\N
2	8cc36125-2991-4323-9ee0-e8347e04e7c6	FAILURE	application/json	utf-8	{"exc_type": "Exception", "exc_message": ["Forbidden"], "exc_module": "builtins"}	2025-02-09 12:41:27.280746+08	\N	{"children": []}	\N	\N	\N	\N	2025-02-09 12:41:27.280746+08	\N
3	7b80dad6-0472-4b9d-bc1e-99775667a66f	SUCCESS	application/json	utf-8	null	2025-02-10 23:26:24.743021+08	\N	{"children": []}	\N	\N	\N	\N	2025-02-10 23:26:24.743021+08	\N
4	a769b9e6-30e9-475c-a658-4521b8f91434	SUCCESS	application/json	utf-8	null	2025-02-10 23:27:14.865203+08	\N	{"children": []}	\N	\N	\N	\N	2025-02-10 23:27:14.865203+08	\N
5	91f5ee2f-c9a6-409b-acde-5b8184af4828	SUCCESS	application/json	utf-8	null	2025-02-10 23:27:49.415026+08	\N	{"children": []}	\N	\N	\N	\N	2025-02-10 23:27:49.415026+08	\N
6	0ce81c24-d454-4996-a007-a1185fe0833c	SUCCESS	application/json	utf-8	null	2025-02-10 23:40:06.478136+08	\N	{"children": []}	\N	\N	\N	\N	2025-02-10 23:40:06.478136+08	\N
7	37572f16-6bb9-4d5f-98e9-4994685c7ea1	SUCCESS	application/json	utf-8	null	2025-02-11 00:14:26.212319+08	\N	{"children": []}	\N	\N	\N	\N	2025-02-11 00:14:26.212319+08	\N
8	1073992c-e79c-4b43-86cd-cb257ee8c3f8	SUCCESS	application/json	utf-8	null	2025-02-11 00:17:46.373029+08	\N	{"children": []}	\N	\N	\N	\N	2025-02-11 00:17:46.373029+08	\N
9	5c44363f-3c07-4a7b-a378-395e140fa56a	SUCCESS	application/json	utf-8	null	2025-02-11 00:20:27.827486+08	\N	{"children": []}	\N	\N	\N	\N	2025-02-11 00:20:27.827486+08	\N
10	f2bbbb89-bc11-4126-90f6-efb83ecb37b5	SUCCESS	application/json	utf-8	null	2025-02-12 16:28:37.363344+08	\N	{"children": []}	\N	\N	\N	\N	2025-02-12 16:28:37.363344+08	\N
11	156b6631-beb5-48c3-b8df-cc086142eee7	FAILURE	application/json	utf-8	{"exc_type": "UnboundLocalError", "exc_message": ["cannot access local variable 'urn' where it is not associated with a value"], "exc_module": "builtins"}	2025-02-12 16:30:25.773445+08	\N	{"children": []}	\N	\N	\N	\N	2025-02-12 16:30:25.773445+08	\N
12	42f48aa6-111f-4b04-a0bf-77bf4138ee82	FAILURE	application/json	utf-8	{"exc_type": "UnboundLocalError", "exc_message": ["cannot access local variable 'urn' where it is not associated with a value"], "exc_module": "builtins"}	2025-02-12 16:31:27.194095+08	\N	{"children": []}	\N	\N	\N	\N	2025-02-12 16:31:27.194095+08	\N
13	8665aeea-96c4-4db3-9b1b-804f826a8526	FAILURE	application/json	utf-8	{"exc_type": "UnboundLocalError", "exc_message": ["cannot access local variable 'urn' where it is not associated with a value"], "exc_module": "builtins"}	2025-02-12 16:32:00.771127+08	\N	{"children": []}	\N	\N	\N	\N	2025-02-12 16:32:00.771127+08	\N
14	d857f1f9-a170-4384-848f-78bfbcfc3f7c	FAILURE	application/json	utf-8	{"exc_type": "UnboundLocalError", "exc_message": ["cannot access local variable 'urn' where it is not associated with a value"], "exc_module": "builtins"}	2025-02-12 16:33:30.812033+08	\N	{"children": []}	\N	\N	\N	\N	2025-02-12 16:33:30.812033+08	\N
15	559fadfb-8a30-4425-8c78-83551f6016db	FAILURE	application/json	utf-8	{"exc_type": "UnboundLocalError", "exc_message": ["cannot access local variable 'urn' where it is not associated with a value"], "exc_module": "builtins"}	2025-02-12 16:34:24.780376+08	\N	{"children": []}	\N	\N	\N	\N	2025-02-12 16:34:24.780376+08	\N
16	35e4a82e-427d-4f0a-ab90-e333ea11f98c	FAILURE	application/json	utf-8	{"exc_type": "UnboundLocalError", "exc_message": ["cannot access local variable 'urn' where it is not associated with a value"], "exc_module": "builtins"}	2025-02-12 16:34:38.694663+08	\N	{"children": []}	\N	\N	\N	\N	2025-02-12 16:34:38.694663+08	\N
17	20287db2-9e92-40f9-b2c4-1b1c5a8918d4	SUCCESS	application/json	utf-8	null	2025-02-12 16:35:57.084254+08	\N	{"children": []}	\N	\N	\N	\N	2025-02-12 16:35:57.084254+08	\N
18	e8ef7d92-6a33-42c9-b7c4-f5a3c2f518c3	FAILURE	application/json	utf-8	{"exc_type": "UnboundLocalError", "exc_message": ["cannot access local variable 'urn' where it is not associated with a value"], "exc_module": "builtins"}	2025-02-12 16:36:13.737267+08	\N	{"children": []}	\N	\N	\N	\N	2025-02-12 16:36:13.737267+08	\N
19	a0c07542-6892-4886-90e0-a72305d95c5c	SUCCESS	application/json	utf-8	null	2025-02-12 16:39:53.764743+08	\N	{"children": []}	\N	\N	\N	\N	2025-02-12 16:39:53.764743+08	\N
20	fe386f22-35a7-4b26-ac15-b4a395a3d69b	SUCCESS	application/json	utf-8	null	2025-02-12 16:41:56.314723+08	\N	{"children": []}	\N	\N	\N	\N	2025-02-12 16:41:56.314723+08	\N
21	76ca7657-68a8-4798-8e33-9bbe65b8a76b	SUCCESS	application/json	utf-8	null	2025-02-12 18:29:53.285048+08	\N	{"children": []}	\N	\N	\N	\N	2025-02-12 18:29:53.285048+08	\N
22	13872bfe-dc6f-4ed7-865a-6ee534a6db76	SUCCESS	application/json	utf-8	null	2025-02-12 23:35:50.968414+08	\N	{"children": []}	\N	\N	\N	\N	2025-02-12 23:35:50.968414+08	\N
23	16a28f4a-7553-4a1a-aa50-3d16f7f0ab81	SUCCESS	application/json	utf-8	null	2025-02-12 23:51:35.426194+08	\N	{"children": []}	\N	\N	\N	\N	2025-02-12 23:37:11.680494+08	\N
24	ac0b4b5b-d8b2-4063-be3b-4f38ef2016b3	SUCCESS	application/json	utf-8	null	2025-02-12 23:52:21.492136+08	\N	{"children": []}	\N	\N	\N	\N	2025-02-12 23:52:21.492136+08	\N
25	61732b41-234d-4a6c-9a13-316c77c782d7	SUCCESS	application/json	utf-8	null	2025-02-12 23:53:15.723005+08	\N	{"children": []}	\N	\N	\N	\N	2025-02-12 23:53:15.723005+08	\N
26	91348ea2-0cc5-46bf-baad-1fb564f3bee5	SUCCESS	application/json	utf-8	null	2025-02-12 23:54:01.75437+08	\N	{"children": []}	\N	\N	\N	\N	2025-02-12 23:54:01.75437+08	\N
27	0c1dfe35-da76-4e4c-97bd-244ff15c41b6	SUCCESS	application/json	utf-8	null	2025-02-13 00:07:17.893226+08	\N	{"children": []}	\N	\N	\N	\N	2025-02-13 00:07:17.893226+08	\N
28	22a94a19-065f-4369-95a8-1924fb432bad	SUCCESS	application/json	utf-8	null	2025-02-13 00:09:08.415336+08	\N	{"children": []}	\N	\N	\N	\N	2025-02-13 00:09:08.415336+08	\N
29	c5159a52-2c53-4a81-b745-fa3da8dafbe9	SUCCESS	application/json	utf-8	null	2025-02-13 00:11:25.325711+08	\N	{"children": []}	\N	\N	\N	\N	2025-02-13 00:11:25.325711+08	\N
30	3d81efa4-d836-4f06-a729-0e802291ff80	SUCCESS	application/json	utf-8	null	2025-02-13 00:14:34.441807+08	\N	{"children": []}	\N	\N	\N	\N	2025-02-13 00:14:34.441807+08	\N
31	21b26e5c-cf21-4840-b973-944b642d947e	SUCCESS	application/json	utf-8	null	2025-02-13 00:17:12.770596+08	\N	{"children": []}	\N	\N	\N	\N	2025-02-13 00:17:12.770596+08	\N
\.


--
-- TOC entry 3598 (class 0 OID 126194)
-- Dependencies: 218
-- Data for Name: django_content_type; Type: TABLE DATA; Schema: public; Owner: giantcld
--

COPY public.django_content_type (id, app_label, model) FROM stdin;
1	admin_interface	theme
2	admin	logentry
3	auth	permission
4	auth	group
5	contenttypes	contenttype
6	sessions	session
7	token_blacklist	blacklistedtoken
8	token_blacklist	outstandingtoken
9	django_celery_results	taskresult
10	django_celery_results	chordcounter
11	django_celery_results	groupresult
12	account	user
13	core	company
14	core	locale
16	core	navigation
17	core	userprofile
18	core	translation
19	forge	category
20	forge	bimobject
21	forge	bimconversion
22	forge	bimproperty
23	forge	bimmodel
24	core	bimmodel
25	core	bimconversion
15	core	apscredentials
\.


--
-- TOC entry 3596 (class 0 OID 126186)
-- Dependencies: 216
-- Data for Name: django_migrations; Type: TABLE DATA; Schema: public; Owner: giantcld
--

COPY public.django_migrations (id, app, name, applied) FROM stdin;
1	contenttypes	0001_initial	2025-02-08 16:01:19.748476+08
2	contenttypes	0002_remove_content_type_name	2025-02-08 16:01:19.969679+08
3	auth	0001_initial	2025-02-08 16:01:20.768253+08
4	auth	0002_alter_permission_name_max_length	2025-02-08 16:01:20.90482+08
5	auth	0003_alter_user_email_max_length	2025-02-08 16:01:20.993411+08
6	auth	0004_alter_user_username_opts	2025-02-08 16:01:21.156795+08
7	auth	0005_alter_user_last_login_null	2025-02-08 16:01:21.298532+08
8	auth	0006_require_contenttypes_0002	2025-02-08 16:01:21.423897+08
9	auth	0007_alter_validators_add_error_messages	2025-02-08 16:01:21.562874+08
10	auth	0008_alter_user_username_max_length	2025-02-08 16:01:21.679548+08
11	auth	0009_alter_user_last_name_max_length	2025-02-08 16:01:21.823812+08
12	auth	0010_alter_group_name_max_length	2025-02-08 16:01:22.046492+08
13	auth	0011_update_proxy_permissions	2025-02-08 16:01:22.148162+08
14	auth	0012_alter_user_first_name_max_length	2025-02-08 16:01:22.322639+08
15	account	0001_initial	2025-02-08 16:01:23.311034+08
16	admin	0001_initial	2025-02-08 16:01:23.715214+08
17	admin	0002_logentry_remove_auto_add	2025-02-08 16:01:23.766718+08
18	admin	0003_logentry_add_action_flag_choices	2025-02-08 16:01:23.91564+08
19	admin_interface	0001_initial	2025-02-08 16:01:24.146979+08
20	admin_interface	0002_add_related_modal	2025-02-08 16:01:24.649479+08
21	admin_interface	0003_add_logo_color	2025-02-08 16:01:24.884001+08
22	admin_interface	0004_rename_title_color	2025-02-08 16:01:25.05348+08
23	admin_interface	0005_add_recent_actions_visible	2025-02-08 16:01:25.257628+08
24	admin_interface	0006_bytes_to_str	2025-02-08 16:01:25.414193+08
25	admin_interface	0007_add_favicon	2025-02-08 16:01:25.714409+08
26	admin_interface	0008_change_related_modal_background_opacity_type	2025-02-08 16:01:26.055363+08
27	admin_interface	0009_add_enviroment	2025-02-08 16:01:26.429585+08
28	admin_interface	0010_add_localization	2025-02-08 16:01:26.537446+08
29	admin_interface	0011_add_environment_options	2025-02-08 16:01:27.008913+08
30	admin_interface	0012_update_verbose_names	2025-02-08 16:01:27.100377+08
31	admin_interface	0013_add_related_modal_close_button	2025-02-08 16:01:27.376081+08
32	admin_interface	0014_name_unique	2025-02-08 16:01:27.6319+08
33	admin_interface	0015_add_language_chooser_active	2025-02-08 16:01:27.896695+08
34	admin_interface	0016_add_language_chooser_display	2025-02-08 16:01:28.177389+08
35	admin_interface	0017_change_list_filter_dropdown	2025-02-08 16:01:28.272231+08
36	admin_interface	0018_theme_list_filter_sticky	2025-02-08 16:01:28.499153+08
37	admin_interface	0019_add_form_sticky	2025-02-08 16:01:28.856186+08
38	admin_interface	0020_module_selected_colors	2025-02-08 16:01:29.265631+08
39	admin_interface	0021_file_extension_validator	2025-02-08 16:01:29.359269+08
40	admin_interface	0022_add_logo_max_width_and_height	2025-02-08 16:01:29.718265+08
41	admin_interface	0023_theme_foldable_apps	2025-02-08 16:01:29.937285+08
42	admin_interface	0024_remove_theme_css	2025-02-08 16:01:30.130238+08
43	admin_interface	0025_theme_language_chooser_control	2025-02-08 16:01:30.390233+08
44	admin_interface	0026_theme_list_filter_highlight	2025-02-08 16:01:30.585926+08
45	admin_interface	0027_theme_list_filter_removal_links	2025-02-08 16:01:30.797522+08
46	admin_interface	0028_theme_show_fieldsets_as_tabs_and_more	2025-02-08 16:01:31.096371+08
47	admin_interface	0029_theme_css_generic_link_active_color	2025-02-08 16:01:31.335132+08
48	admin_interface	0030_theme_collapsible_stacked_inlines_and_more	2025-02-08 16:01:31.856329+08
49	core	0001_initial	2025-02-08 16:01:33.498344+08
50	django_celery_results	0001_initial	2025-02-08 16:01:33.798813+08
51	django_celery_results	0002_add_task_name_args_kwargs	2025-02-08 16:01:34.084003+08
52	django_celery_results	0003_auto_20181106_1101	2025-02-08 16:01:34.173907+08
53	django_celery_results	0004_auto_20190516_0412	2025-02-08 16:01:34.632488+08
54	django_celery_results	0005_taskresult_worker	2025-02-08 16:01:34.979891+08
55	django_celery_results	0006_taskresult_date_created	2025-02-08 16:01:35.330378+08
56	django_celery_results	0007_remove_taskresult_hidden	2025-02-08 16:01:35.454673+08
57	django_celery_results	0008_chordcounter	2025-02-08 16:01:35.828286+08
58	django_celery_results	0009_groupresult	2025-02-08 16:01:37.62932+08
59	django_celery_results	0010_remove_duplicate_indices	2025-02-08 16:01:37.88237+08
60	django_celery_results	0011_taskresult_periodic_task_name	2025-02-08 16:01:38.080435+08
61	sessions	0001_initial	2025-02-08 16:01:38.416825+08
62	token_blacklist	0001_initial	2025-02-08 16:01:38.891061+08
63	token_blacklist	0002_outstandingtoken_jti_hex	2025-02-08 16:01:39.036496+08
64	token_blacklist	0003_auto_20171017_2007	2025-02-08 16:01:39.237468+08
65	token_blacklist	0004_auto_20171017_2013	2025-02-08 16:01:39.543357+08
66	token_blacklist	0005_remove_outstandingtoken_jti	2025-02-08 16:01:39.71984+08
67	token_blacklist	0006_auto_20171017_2113	2025-02-08 16:01:39.915673+08
68	token_blacklist	0007_auto_20171017_2214	2025-02-08 16:01:40.40939+08
69	token_blacklist	0008_migrate_to_bigautofield	2025-02-08 16:01:41.119907+08
70	token_blacklist	0010_fix_migrate_to_bigautofield	2025-02-08 16:01:41.224061+08
71	token_blacklist	0011_linearizes_history	2025-02-08 16:01:41.34908+08
72	token_blacklist	0012_alter_outstandingtoken_user	2025-02-08 16:01:41.493413+08
73	core	0002_autodeskcredentials_bucket_key	2025-02-08 16:46:36.982675+08
74	core	0003_alter_autodeskcredentials_bucket_key	2025-02-08 16:52:02.583914+08
75	core	0004_alter_autodeskcredentials_client_id_and_more	2025-02-08 22:15:45.006171+08
76	core	0005_remove_autodeskcredentials_bucket_key	2025-02-09 22:11:17.43962+08
77	forge	0001_initial	2025-02-11 22:47:04.202707+08
78	forge	0002_alter_category_options_and_more	2025-02-12 01:15:42.941658+08
80	core	0006_rename_autodeskcredentials_apscredentials	2025-02-14 01:13:34.282941+08
\.


--
-- TOC entry 3635 (class 0 OID 126525)
-- Dependencies: 255
-- Data for Name: django_session; Type: TABLE DATA; Schema: public; Owner: giantcld
--

COPY public.django_session (session_key, session_data, expire_date) FROM stdin;
h3b5igya8yrlgjbu7akoltkc7i98czfg	e30:1tgg82:-1kwjFJfeq9pUD30zRP1f5Z1aYNscpBHNxC4sPnaS6c	2025-02-22 16:23:54.303194+08
i1d6lhhl7ukuocbdws34mxd5q3k7yzjw	.eJxVjEEOwiAQRe_C2hAGCgWX7j0DGTqDVA0kpV0Z765NutDtf-_9l4i4rSVunZc4kzgLEKffLeH04LoDumO9NTm1ui5zkrsiD9rltRE_L4f7d1Cwl29ttHHBMimbNCvKThGDHxh40OBCRu8yBVDWOo86jayAiDKb4HRAGsX7A9dMN9o:1tgg84:fEQsiejIXBhyB8DyIQ_-ow-XmXs0B8XXNDEG-vtHv6s	2025-02-22 16:23:56.627912+08
muf6dh8h18d7bnm4lltjfbva3hpqf5oz	.eJxVjEEOwiAQRe_C2hAGCgWX7j0DGTqDVA0kpV0Z765NutDtf-_9l4i4rSVunZc4kzgLEKffLeH04LoDumO9NTm1ui5zkrsiD9rltRE_L4f7d1Cwl29ttHHBMimbNCvKThGDHxh40OBCRu8yBVDWOo86jayAiDKb4HRAGsX7A9dMN9o:1tgnzc:sh8U6zJtvr0LftthFs5r9yxchZFQAy_XEq0djsY1mP8	2025-02-23 00:47:44.378911+08
1hzuaxneeyn3bfvoo4rr9uxsl3veff23	.eJxVjEEOwiAQRe_C2hAGCgWX7j0DGTqDVA0kpV0Z765NutDtf-_9l4i4rSVunZc4kzgLEKffLeH04LoDumO9NTm1ui5zkrsiD9rltRE_L4f7d1Cwl29ttHHBMimbNCvKThGDHxh40OBCRu8yBVDWOo86jayAiDKb4HRAGsX7A9dMN9o:1th823:Q_oEy7r9gnmKLKTt9H2y8aaPH52TBnJaeML9J8u23W4	2025-02-23 22:11:35.803015+08
y6mb5gedea9z86se3ojyjoylx5ctakzk	.eJxVjEEOwiAQRe_C2hAGCgWX7j0DGTqDVA0kpV0Z765NutDtf-_9l4i4rSVunZc4kzgLEKffLeH04LoDumO9NTm1ui5zkrsiD9rltRE_L4f7d1Cwl29ttHHBMimbNCvKThGDHxh40OBCRu8yBVDWOo86jayAiDKb4HRAGsX7A9dMN9o:1thWYe:mR_-_J7ehSFcGKG5ChhlzYncP7zHErkWq2IWZEIwgVc	2025-02-25 00:22:52.656674+08
xesvyz3pu14nitou8r2g99vxplxyu88h	.eJxVjEEOwiAQRe_C2hAGCgWX7j0DGTqDVA0kpV0Z765NutDtf-_9l4i4rSVunZc4kzgLEKffLeH04LoDumO9NTm1ui5zkrsiD9rltRE_L4f7d1Cwl29ttHHBMimbNCvKThGDHxh40OBCRu8yBVDWOo86jayAiDKb4HRAGsX7A9dMN9o:1thXNI:QcKePTq0SfbXhV-hn54lTePgEJFz6o-oaYi9SY0OjWo	2025-02-25 01:15:12.321988+08
wiu1vef2ni3q3csayhb5js9ohfbi8oe2	.eJxVjEEOwiAQRe_C2hAGCgWX7j0DGTqDVA0kpV0Z765NutDtf-_9l4i4rSVunZc4kzgLEKffLeH04LoDumO9NTm1ui5zkrsiD9rltRE_L4f7d1Cwl29ttHHBMimbNCvKThGDHxh40OBCRu8yBVDWOo86jayAiDKb4HRAGsX7A9dMN9o:1thrZy:2ywdBQ-s1DQe27c6jKoVMzCZ9T1aLrqs3ywuWhw01Kc	2025-02-25 22:49:38.640226+08
awym8a4f3p67fr5ca09udhn08odb5r3w	.eJxVjEEOwiAQRe_C2hAGCgWX7j0DGTqDVA0kpV0Z765NutDtf-_9l4i4rSVunZc4kzgLEKffLeH04LoDumO9NTm1ui5zkrsiD9rltRE_L4f7d1Cwl29ttHHBMimbNCvKThGDHxh40OBCRu8yBVDWOo86jayAiDKb4HRAGsX7A9dMN9o:1tiEyo:TpzZ475TSoNnI_nvoJkfgwiFffseZG57ZuDX6nkJI7g	2025-02-26 23:48:50.018996+08
\.


--
-- TOC entry 3645 (class 0 OID 128304)
-- Dependencies: 265
-- Data for Name: forge_bimconversion; Type: TABLE DATA; Schema: public; Owner: giantcld
--

COPY public.forge_bimconversion (id, urn, version, original_file, svf_file, created_at, bim_model_id) FROM stdin;
2	dXJuOmFkc2sub2JqZWN0czpvcy5vYmplY3Q6Ym1tc19vc3NfMjUwMjEwMjIxMDQ1L1QzLVRQMDEtVFgxLVhYLVhYWC1NMy1HRS0wMDEwMC03MDAyLm53Yw	1	media-root/uploadT3-TP01-TX1-XX-XXX-M3-GE-00100-7002.nwc	media-root/svf/T3-TP01-TX1-XX-XXX-M3-GE-00100-7002.nwc	2025-02-12 23:51:35.407182+08	2
3	dXJuOmFkc2sub2JqZWN0czpvcy5vYmplY3Q6Ym1tc19vc3NfMjUwMjEwMjIxMDQ1L1QzLVRQMDEtVFgxLVhYLVhYWC1NMy1FRS0wMDAwMS03MDAyLm53Yw	1	media-root/uploadT3-TP01-TX1-XX-XXX-M3-EE-00001-7002.nwc	media-root/svf/T3-TP01-TX1-XX-XXX-M3-EE-00001-7002.nwc	2025-02-12 23:52:21.460461+08	3
4	dXJuOmFkc2sub2JqZWN0czpvcy5vYmplY3Q6Ym1tc19vc3NfMjUwMjEwMjIxMDQ1L1QzLVRQMDEtVFgxLVhYLVhYWC1NMy1TRS0wMDcwMC03MDAyLm53Yw	1	media-root/uploadT3-TP01-TX1-XX-XXX-M3-SE-00700-7002.nwc	media-root/svf/T3-TP01-TX1-XX-XXX-M3-SE-00700-7002.nwc	2025-02-12 23:53:15.704648+08	4
5	dXJuOmFkc2sub2JqZWN0czpvcy5vYmplY3Q6Ym1tc19vc3NfMjUwMjEwMjIxMDQ1L1QzLVRQMDEtVFgxLVhYLVhYWC1NMy1FRS0wMDAwMS03MDAyLm53Yw	2	media-root/uploadT3-TP01-TX1-XX-XXX-M3-EE-00001-7002.nwc	media-root/svf/T3-TP01-TX1-XX-XXX-M3-EE-00001-7002.nwc	2025-02-12 23:54:01.724295+08	3
6	dXJuOmFkc2sub2JqZWN0czpvcy5vYmplY3Q6Ym1tc19vc3NfMjUwMjEwMjIxMDQ1L1QzLVRQMDEtVFgxLVhYLVhYWC1NMy1TRS0wMDAwMi03MDAyLm53Yw	1	media-root/uploadT3-TP01-TX1-XX-XXX-M3-SE-00002-7002.nwc	media-root/svf/T3-TP01-TX1-XX-XXX-M3-SE-00002-7002.nwc	2025-02-13 00:07:17.851414+08	5
7	dXJuOmFkc2sub2JqZWN0czpvcy5vYmplY3Q6Ym1tc19vc3NfMjUwMjEwMjIxMDQ1L1QzLVRQMDEtVFgxLVhYLVhYWC1NMy1EUC0wMDIwMC03MDAyLm53Yw	1	media-root/uploadT3-TP01-TX1-XX-XXX-M3-DP-00200-7002.nwc	media-root/svf/T3-TP01-TX1-XX-XXX-M3-DP-00200-7002.nwc	2025-02-13 00:09:08.390519+08	6
8	dXJuOmFkc2sub2JqZWN0czpvcy5vYmplY3Q6Ym1tc19vc3NfMjUwMjEwMjIxMDQ1L1QzLVRQMDEtVFgxLUIzLVhYWC1NMy1EUC0wMDEwMC03MDAyLm53Yw	1	media-root/uploadT3-TP01-TX1-B3-XXX-M3-DP-00100-7002.nwc	media-root/svf/T3-TP01-TX1-B3-XXX-M3-DP-00100-7002.nwc	2025-02-13 00:11:25.284622+08	7
9	dXJuOmFkc2sub2JqZWN0czpvcy5vYmplY3Q6Ym1tc19vc3NfMjUwMjEwMjIxMDQ1L1QzLVRQMDEtVFgxLVhYLVhYWC1NMy1TRS0wMDAwMS03MDAyLm53Yw	1	media-root/uploadT3-TP01-TX1-XX-XXX-M3-SE-00001-7002.nwc	media-root/svf/T3-TP01-TX1-XX-XXX-M3-SE-00001-7002.nwc	2025-02-13 00:14:34.411787+08	8
10	dXJuOmFkc2sub2JqZWN0czpvcy5vYmplY3Q6Ym1tc19vc3NfMjUwMjEwMjIxMDQ1L1QzLVRQMDEtVFgxLUIyLVhYWC1NMy1EUC0wMDEwMC03MDAyLm53Yw	1	media-root/uploadT3-TP01-TX1-B2-XXX-M3-DP-00100-7002.nwc	media-root/svf/T3-TP01-TX1-B2-XXX-M3-DP-00100-7002.nwc	2025-02-13 00:17:12.753078+08	9
\.


--
-- TOC entry 3641 (class 0 OID 128288)
-- Dependencies: 261
-- Data for Name: forge_bimmodel; Type: TABLE DATA; Schema: public; Owner: giantcld
--

COPY public.forge_bimmodel (id, name, created_at) FROM stdin;
2	T3-TP01-TX1-XX-XXX-M3-GE-00100-7002.nwc	2025-02-12 23:51:35.396311+08
3	T3-TP01-TX1-XX-XXX-M3-EE-00001-7002.nwc	2025-02-12 23:52:21.448252+08
4	T3-TP01-TX1-XX-XXX-M3-SE-00700-7002.nwc	2025-02-12 23:53:15.695795+08
5	T3-TP01-TX1-XX-XXX-M3-SE-00002-7002.nwc	2025-02-13 00:07:17.841995+08
6	T3-TP01-TX1-XX-XXX-M3-DP-00200-7002.nwc	2025-02-13 00:09:08.381455+08
7	T3-TP01-TX1-B3-XXX-M3-DP-00100-7002.nwc	2025-02-13 00:11:25.263846+08
8	T3-TP01-TX1-XX-XXX-M3-SE-00001-7002.nwc	2025-02-13 00:14:34.399866+08
9	T3-TP01-TX1-B2-XXX-M3-DP-00100-7002.nwc	2025-02-13 00:17:12.742702+08
\.


--
-- TOC entry 3647 (class 0 OID 128314)
-- Dependencies: 267
-- Data for Name: forge_bimobject; Type: TABLE DATA; Schema: public; Owner: giantcld
--

COPY public.forge_bimobject (id, object_id, name, bim_conversion_id, category_id) FROM stdin;
\.


--
-- TOC entry 3649 (class 0 OID 128324)
-- Dependencies: 269
-- Data for Name: forge_bimproperty; Type: TABLE DATA; Schema: public; Owner: giantcld
--

COPY public.forge_bimproperty (id, key, value, bim_object_id) FROM stdin;
\.


--
-- TOC entry 3643 (class 0 OID 128294)
-- Dependencies: 263
-- Data for Name: forge_category; Type: TABLE DATA; Schema: public; Owner: giantcld
--

COPY public.forge_category (id, name, description) FROM stdin;
\.


--
-- TOC entry 3637 (class 0 OID 126535)
-- Dependencies: 257
-- Data for Name: token_blacklist_blacklistedtoken; Type: TABLE DATA; Schema: public; Owner: giantcld
--

COPY public.token_blacklist_blacklistedtoken (id, blacklisted_at, token_id) FROM stdin;
1	2025-02-08 16:24:03.813047+08	1
2	2025-02-08 16:29:39.911961+08	2
3	2025-02-08 16:31:26.663985+08	3
4	2025-02-08 17:18:45.386045+08	4
5	2025-02-08 22:30:13.465946+08	5
6	2025-02-08 22:40:21.206819+08	6
7	2025-02-08 22:40:31.501169+08	7
8	2025-02-08 22:55:31.008194+08	12
9	2025-02-08 23:37:39.388131+08	13
10	2025-02-09 00:40:03.330777+08	15
11	2025-02-09 00:45:40.149508+08	16
12	2025-02-09 00:50:34.383273+08	18
13	2025-02-09 12:31:34.929223+08	20
14	2025-02-09 12:33:58.346097+08	21
15	2025-02-09 12:34:04.137188+08	22
16	2025-02-09 12:41:19.263428+08	23
17	2025-02-09 12:42:41.464717+08	24
18	2025-02-09 12:45:30.8682+08	25
19	2025-02-09 12:48:54.449168+08	26
20	2025-02-09 12:50:18.92105+08	27
21	2025-02-09 17:23:24.797243+08	29
22	2025-02-09 17:29:28.308329+08	30
23	2025-02-09 18:04:12.843526+08	31
24	2025-02-09 18:08:14.356113+08	32
25	2025-02-09 18:39:30.212407+08	33
26	2025-02-09 18:48:46.345362+08	34
27	2025-02-09 18:55:26.181227+08	35
28	2025-02-09 20:56:07.929956+08	36
29	2025-02-09 20:59:28.66574+08	37
30	2025-02-09 21:11:19.46043+08	38
31	2025-02-09 21:14:09.005334+08	39
32	2025-02-10 02:14:02.140743+08	40
33	2025-02-10 02:17:33.915637+08	41
34	2025-02-10 02:20:11.542126+08	42
35	2025-02-10 02:22:38.919217+08	43
36	2025-02-10 02:25:01.157737+08	44
37	2025-02-10 02:27:56.013466+08	45
38	2025-02-10 02:28:57.560307+08	46
39	2025-02-10 02:30:00.823712+08	47
40	2025-02-10 02:32:35.081478+08	48
41	2025-02-10 02:33:47.251593+08	49
42	2025-02-10 02:37:20.678523+08	50
43	2025-02-10 02:41:37.788319+08	51
44	2025-02-10 03:01:51.098963+08	52
45	2025-02-10 03:03:20.173356+08	53
46	2025-02-10 03:17:25.159865+08	54
47	2025-02-10 03:38:06.961812+08	55
48	2025-02-10 03:45:28.364587+08	56
49	2025-02-10 03:48:04.735645+08	57
50	2025-02-10 03:48:28.163179+08	58
51	2025-02-10 16:09:41.365009+08	59
52	2025-02-10 17:09:23.478066+08	60
53	2025-02-10 22:01:14.196636+08	61
54	2025-02-10 22:01:44.671895+08	62
55	2025-02-10 22:06:44.874962+08	63
56	2025-02-10 22:07:27.671582+08	64
57	2025-02-10 22:08:55.663192+08	65
58	2025-02-10 22:09:59.606727+08	66
59	2025-02-10 22:10:43.889785+08	67
60	2025-02-10 22:41:54.043219+08	68
61	2025-02-10 22:42:56.457876+08	69
62	2025-02-10 22:44:32.394932+08	70
63	2025-02-10 22:46:42.381041+08	71
64	2025-02-10 22:56:13.172663+08	72
65	2025-02-10 22:56:26.143003+08	73
66	2025-02-10 22:56:42.580218+08	74
67	2025-02-10 22:59:45.243436+08	75
68	2025-02-10 23:00:43.903002+08	76
69	2025-02-10 23:01:07.780942+08	77
70	2025-02-10 23:02:30.299653+08	78
71	2025-02-10 23:04:09.40201+08	79
72	2025-02-10 23:05:20.153305+08	80
73	2025-02-10 23:06:13.532949+08	81
74	2025-02-10 23:20:49.901475+08	82
75	2025-02-10 23:24:45.884358+08	83
76	2025-02-10 23:26:13.586408+08	84
77	2025-02-10 23:27:02.303626+08	85
78	2025-02-10 23:27:38.12048+08	86
79	2025-02-10 23:28:13.923433+08	87
80	2025-02-10 23:35:41.117491+08	88
81	2025-02-10 23:36:04.079886+08	89
82	2025-02-11 00:16:00.079948+08	91
83	2025-02-11 00:20:36.067851+08	92
84	2025-02-11 00:36:35.739095+08	93
85	2025-02-11 00:38:30.543911+08	94
86	2025-02-11 00:41:05.44122+08	95
87	2025-02-11 00:42:07.504304+08	96
88	2025-02-11 00:44:42.462823+08	97
89	2025-02-11 00:45:59.528801+08	98
90	2025-02-11 00:46:57.799769+08	99
91	2025-02-11 00:47:13.097664+08	100
92	2025-02-11 00:47:36.228228+08	101
93	2025-02-11 00:48:52.617646+08	102
94	2025-02-11 00:49:27.08209+08	103
95	2025-02-11 00:49:49.56422+08	104
96	2025-02-11 00:50:47.429177+08	105
97	2025-02-11 00:51:25.445862+08	106
98	2025-02-11 00:51:38.555818+08	107
99	2025-02-11 00:52:01.191377+08	108
100	2025-02-11 00:53:36.451757+08	109
101	2025-02-11 00:53:59.517125+08	110
102	2025-02-11 00:54:30.204843+08	111
103	2025-02-11 00:55:07.125331+08	112
104	2025-02-11 00:55:17.586401+08	113
105	2025-02-11 00:55:27.008785+08	114
106	2025-02-11 00:55:45.93771+08	115
107	2025-02-11 00:56:35.776616+08	116
108	2025-02-11 00:56:55.557401+08	117
109	2025-02-11 00:59:25.359922+08	118
110	2025-02-11 00:59:56.600977+08	119
111	2025-02-11 01:00:13.652167+08	120
112	2025-02-11 01:00:37.92274+08	121
113	2025-02-11 01:06:42.773243+08	122
114	2025-02-11 01:07:51.041397+08	123
115	2025-02-11 01:14:25.434186+08	124
116	2025-02-11 01:15:57.567044+08	125
117	2025-02-11 11:41:18.45586+08	126
118	2025-02-11 12:13:30.217107+08	127
119	2025-02-11 12:14:43.315623+08	128
120	2025-02-11 14:48:07.069607+08	129
121	2025-02-11 22:13:03.74823+08	130
122	2025-02-12 00:04:51.852221+08	131
123	2025-02-12 01:01:36.373381+08	132
124	2025-02-12 01:03:56.113135+08	133
125	2025-02-12 01:09:08.526697+08	134
126	2025-02-12 01:16:14.056563+08	135
127	2025-02-12 16:27:15.329687+08	136
128	2025-02-12 16:29:35.253199+08	137
129	2025-02-12 16:31:48.889299+08	138
130	2025-02-12 16:32:20.303612+08	139
131	2025-02-12 16:34:30.047566+08	140
132	2025-02-12 16:40:19.567148+08	141
133	2025-02-12 17:09:56.000935+08	143
134	2025-02-12 17:11:03.238006+08	144
135	2025-02-12 17:25:01.88032+08	145
136	2025-02-12 17:25:12.637176+08	146
137	2025-02-12 17:25:28.804115+08	147
138	2025-02-12 17:26:04.100791+08	148
139	2025-02-12 17:26:23.004862+08	149
140	2025-02-12 17:26:36.382442+08	150
141	2025-02-12 17:26:37.726654+08	151
142	2025-02-12 17:26:49.735423+08	152
143	2025-02-12 17:27:02.084352+08	153
144	2025-02-12 17:27:32.181412+08	154
145	2025-02-12 17:27:53.771378+08	155
146	2025-02-12 17:28:07.7616+08	156
147	2025-02-12 17:28:16.008025+08	157
148	2025-02-12 17:28:34.73484+08	158
149	2025-02-12 17:28:38.165274+08	159
150	2025-02-12 17:28:43.941311+08	160
151	2025-02-12 17:28:46.890766+08	161
152	2025-02-12 17:28:58.869481+08	162
153	2025-02-12 17:29:09.886669+08	163
154	2025-02-12 17:29:12.837253+08	164
155	2025-02-12 17:29:20.23364+08	165
156	2025-02-12 17:29:36.258238+08	166
157	2025-02-12 17:29:40.020593+08	167
158	2025-02-12 17:30:34.298147+08	168
159	2025-02-12 17:30:40.040057+08	169
160	2025-02-12 17:30:51.584626+08	170
161	2025-02-12 17:31:03.50153+08	171
162	2025-02-12 17:31:07.702343+08	172
163	2025-02-12 17:31:34.048421+08	173
164	2025-02-12 17:31:51.883003+08	174
165	2025-02-12 17:32:08.671839+08	175
166	2025-02-12 17:35:00.721241+08	176
167	2025-02-12 17:35:42.752604+08	177
168	2025-02-12 17:35:50.583884+08	178
169	2025-02-12 17:35:53.260823+08	179
170	2025-02-12 17:36:13.216596+08	180
171	2025-02-12 17:37:17.156625+08	181
172	2025-02-12 17:37:58.653313+08	182
173	2025-02-12 17:38:10.985926+08	183
174	2025-02-12 17:38:28.282697+08	184
175	2025-02-12 17:38:40.454079+08	185
176	2025-02-12 17:39:00.733045+08	186
177	2025-02-12 17:39:08.565344+08	187
178	2025-02-12 17:39:47.227088+08	188
179	2025-02-12 17:40:06.208522+08	189
180	2025-02-12 17:40:18.348308+08	190
181	2025-02-12 17:41:07.607634+08	191
182	2025-02-12 17:41:30.22936+08	192
183	2025-02-12 17:41:34.941201+08	193
184	2025-02-12 17:42:28.610244+08	194
185	2025-02-12 17:42:32.543311+08	195
186	2025-02-12 17:42:36.5266+08	196
187	2025-02-12 17:42:45.798505+08	197
188	2025-02-12 17:43:11.120171+08	198
189	2025-02-12 17:43:48.300389+08	199
190	2025-02-12 17:43:58.408849+08	200
191	2025-02-12 17:44:40.627753+08	201
192	2025-02-12 17:45:34.424975+08	202
193	2025-02-12 17:45:45.544725+08	203
194	2025-02-12 17:45:51.862518+08	204
195	2025-02-12 17:46:39.270174+08	205
196	2025-02-12 17:56:39.270388+08	206
197	2025-02-12 17:57:29.355583+08	207
198	2025-02-12 17:57:42.858485+08	208
199	2025-02-12 17:58:14.839662+08	209
200	2025-02-12 17:58:47.975888+08	210
201	2025-02-12 17:59:35.818466+08	211
202	2025-02-12 18:00:03.46348+08	212
203	2025-02-12 18:01:05.748326+08	213
204	2025-02-12 18:01:24.441022+08	214
205	2025-02-12 18:02:24.055164+08	215
206	2025-02-12 18:02:40.751201+08	216
207	2025-02-12 18:02:48.063621+08	217
208	2025-02-12 18:03:21.460079+08	218
209	2025-02-12 18:04:09.06016+08	219
210	2025-02-12 18:04:16.005976+08	220
211	2025-02-12 18:05:47.798196+08	221
212	2025-02-12 18:06:19.566361+08	222
213	2025-02-12 18:06:25.760562+08	223
214	2025-02-12 18:07:20.599587+08	224
215	2025-02-12 18:07:23.549682+08	225
216	2025-02-12 18:07:48.38455+08	226
217	2025-02-12 18:07:54.349548+08	227
218	2025-02-12 18:07:58.624863+08	228
219	2025-02-12 18:08:06.595742+08	229
220	2025-02-12 18:08:22.901594+08	230
221	2025-02-12 18:08:27.010771+08	231
222	2025-02-12 18:08:32.740202+08	232
223	2025-02-12 18:08:36.749169+08	233
224	2025-02-12 18:08:42.836526+08	234
225	2025-02-12 18:08:47.704581+08	235
226	2025-02-12 18:08:56.79091+08	236
227	2025-02-12 18:09:12.841629+08	237
228	2025-02-12 18:09:39.217454+08	238
229	2025-02-12 18:09:46.307619+08	239
230	2025-02-12 18:09:59.670872+08	240
231	2025-02-12 18:10:19.751119+08	241
232	2025-02-12 18:10:38.802804+08	242
233	2025-02-12 18:11:25.878624+08	243
234	2025-02-12 18:11:31.819299+08	244
235	2025-02-12 18:11:42.820551+08	245
236	2025-02-12 18:11:46.499457+08	246
237	2025-02-12 18:11:56.075216+08	247
238	2025-02-12 18:12:03.953453+08	248
239	2025-02-12 18:12:20.226765+08	249
240	2025-02-12 18:12:52.844404+08	250
241	2025-02-12 18:12:56.847503+08	251
242	2025-02-12 18:13:01.563443+08	252
243	2025-02-12 18:14:20.793138+08	253
244	2025-02-12 18:14:26.141998+08	254
245	2025-02-12 18:15:12.48354+08	255
246	2025-02-12 18:15:32.487681+08	256
247	2025-02-12 18:16:20.030558+08	257
248	2025-02-12 18:16:45.025806+08	258
249	2025-02-12 18:32:12.083408+08	259
250	2025-02-12 18:32:54.495512+08	260
251	2025-02-12 18:36:31.157956+08	261
252	2025-02-12 18:37:39.574586+08	262
253	2025-02-12 18:37:57.006811+08	263
254	2025-02-12 18:38:05.993178+08	264
255	2025-02-12 18:40:06.235926+08	265
256	2025-02-12 18:40:46.283791+08	266
257	2025-02-12 18:41:06.253182+08	267
258	2025-02-12 18:41:19.040002+08	268
259	2025-02-12 18:41:33.546274+08	269
260	2025-02-12 18:41:50.604938+08	270
261	2025-02-12 18:41:57.160299+08	271
262	2025-02-12 18:42:25.944996+08	272
263	2025-02-12 18:42:37.757626+08	273
264	2025-02-12 18:42:43.769054+08	274
265	2025-02-12 18:42:50.868087+08	275
266	2025-02-12 18:42:59.32239+08	276
267	2025-02-12 18:43:14.4986+08	277
268	2025-02-12 18:43:23.581255+08	278
269	2025-02-12 18:43:37.87462+08	279
270	2025-02-12 18:43:47.887028+08	280
271	2025-02-12 18:43:50.220643+08	281
272	2025-02-12 18:44:03.144506+08	282
273	2025-02-12 18:44:12.251793+08	283
274	2025-02-12 18:44:22.66749+08	284
275	2025-02-12 18:44:34.013543+08	285
276	2025-02-12 18:44:53.592124+08	286
277	2025-02-12 18:45:01.423395+08	287
278	2025-02-12 18:46:08.62512+08	288
279	2025-02-12 18:46:35.429477+08	289
280	2025-02-12 18:46:49.242554+08	290
281	2025-02-12 18:47:08.559647+08	291
282	2025-02-12 18:47:22.995195+08	292
283	2025-02-12 18:47:28.246253+08	293
284	2025-02-12 18:47:30.571654+08	294
285	2025-02-12 18:47:41.667412+08	295
286	2025-02-12 18:55:56.019834+08	296
287	2025-02-12 18:56:58.975176+08	297
288	2025-02-12 18:57:24.547277+08	298
289	2025-02-12 18:59:23.954393+08	299
290	2025-02-12 19:00:49.847874+08	300
291	2025-02-12 19:01:23.116048+08	301
292	2025-02-12 19:01:34.296922+08	302
293	2025-02-12 19:05:25.235482+08	303
294	2025-02-12 19:05:47.032254+08	304
295	2025-02-12 19:06:45.044461+08	305
296	2025-02-12 19:08:37.107596+08	306
297	2025-02-12 19:11:39.231549+08	307
298	2025-02-12 19:11:49.171351+08	308
299	2025-02-12 19:12:01.325315+08	309
300	2025-02-12 19:12:13.604114+08	310
301	2025-02-12 19:12:31.889532+08	311
302	2025-02-12 19:12:47.593979+08	312
303	2025-02-12 19:17:12.839694+08	313
304	2025-02-12 19:19:26.291636+08	314
305	2025-02-12 19:20:30.832056+08	315
306	2025-02-12 19:23:12.091704+08	316
307	2025-02-12 19:25:01.989376+08	317
308	2025-02-12 19:26:09.004655+08	318
309	2025-02-12 19:28:14.00076+08	319
310	2025-02-12 19:28:53.870363+08	320
311	2025-02-12 19:31:32.013407+08	321
312	2025-02-12 19:31:58.51856+08	322
313	2025-02-12 19:42:22.932776+08	323
314	2025-02-12 19:42:26.775647+08	324
315	2025-02-12 19:42:28.616482+08	325
316	2025-02-12 19:43:01.633594+08	326
317	2025-02-12 19:46:06.897265+08	327
318	2025-02-12 19:49:18.006654+08	328
319	2025-02-12 19:50:38.837309+08	329
320	2025-02-12 19:59:15.473455+08	330
321	2025-02-12 20:00:03.634703+08	331
322	2025-02-12 20:09:07.289616+08	332
323	2025-02-12 20:17:12.419795+08	333
324	2025-02-12 20:18:21.474567+08	334
325	2025-02-12 20:18:41.512069+08	335
326	2025-02-12 20:20:57.176839+08	336
327	2025-02-12 20:25:08.321804+08	337
328	2025-02-12 20:25:13.481856+08	338
329	2025-02-12 20:26:00.852971+08	339
330	2025-02-12 20:26:10.070087+08	340
331	2025-02-12 20:26:13.53949+08	341
332	2025-02-12 20:29:28.144476+08	342
333	2025-02-12 20:33:51.144531+08	343
334	2025-02-12 20:33:53.917107+08	344
335	2025-02-12 20:40:35.127635+08	345
336	2025-02-12 20:40:41.423863+08	346
337	2025-02-12 20:40:49.535244+08	347
338	2025-02-12 20:53:32.272036+08	348
339	2025-02-12 21:05:52.287178+08	349
340	2025-02-12 21:06:35.23521+08	350
341	2025-02-12 21:07:16.606082+08	351
342	2025-02-12 21:08:13.264463+08	352
343	2025-02-12 21:08:18.708104+08	353
344	2025-02-12 21:08:48.520224+08	354
345	2025-02-12 21:09:07.757656+08	355
346	2025-02-12 21:10:09.280887+08	356
347	2025-02-12 21:18:53.338444+08	357
348	2025-02-12 21:27:00.282353+08	358
349	2025-02-12 21:30:39.224153+08	359
350	2025-02-12 21:33:21.298248+08	360
351	2025-02-12 21:37:03.274718+08	361
352	2025-02-12 21:56:44.261758+08	362
353	2025-02-12 21:57:15.732683+08	363
354	2025-02-12 21:58:21.151087+08	364
355	2025-02-12 22:04:08.254794+08	365
356	2025-02-12 22:06:53.057474+08	366
357	2025-02-12 22:07:23.869121+08	367
358	2025-02-12 22:07:40.688369+08	368
359	2025-02-12 22:07:58.123271+08	369
360	2025-02-12 22:09:16.582799+08	370
361	2025-02-12 22:10:47.598742+08	371
362	2025-02-12 22:11:08.733367+08	372
363	2025-02-12 22:12:51.647484+08	373
364	2025-02-12 22:41:54.251987+08	374
365	2025-02-12 22:41:55.539421+08	375
366	2025-02-12 22:42:07.088497+08	376
367	2025-02-12 22:42:25.720663+08	377
368	2025-02-12 22:43:21.316534+08	378
369	2025-02-12 22:43:41.669557+08	379
370	2025-02-12 22:44:02.543478+08	380
371	2025-02-12 22:44:08.31405+08	381
372	2025-02-12 22:45:33.77802+08	382
373	2025-02-12 22:47:08.21095+08	383
374	2025-02-12 22:47:10.553053+08	384
375	2025-02-12 22:47:31.274996+08	385
376	2025-02-12 22:47:53.233777+08	386
377	2025-02-12 22:48:51.256847+08	387
378	2025-02-12 22:49:56.148169+08	388
379	2025-02-12 22:51:19.755153+08	389
380	2025-02-12 22:51:45.042566+08	390
381	2025-02-12 23:14:02.550247+08	391
382	2025-02-12 23:14:30.046189+08	392
383	2025-02-12 23:16:39.34021+08	393
384	2025-02-12 23:18:25.311291+08	394
385	2025-02-12 23:21:29.29459+08	395
386	2025-02-12 23:22:03.03445+08	396
387	2025-02-12 23:22:08.431536+08	397
388	2025-02-12 23:22:25.885771+08	398
389	2025-02-12 23:22:34.085944+08	399
390	2025-02-12 23:23:45.748428+08	400
391	2025-02-12 23:25:03.737658+08	401
392	2025-02-12 23:25:19.843322+08	402
393	2025-02-12 23:25:38.875616+08	403
394	2025-02-12 23:27:37.518486+08	404
395	2025-02-12 23:27:46.153402+08	405
396	2025-02-12 23:27:55.621989+08	406
397	2025-02-12 23:28:27.762645+08	407
398	2025-02-12 23:28:45.303891+08	408
399	2025-02-12 23:28:56.200243+08	409
400	2025-02-12 23:29:13.235901+08	410
401	2025-02-12 23:30:09.896047+08	411
402	2025-02-12 23:30:42.393397+08	412
403	2025-02-12 23:32:13.682104+08	413
404	2025-02-12 23:32:35.703166+08	414
405	2025-02-12 23:33:47.777066+08	415
406	2025-02-12 23:34:29.431701+08	416
407	2025-02-12 23:36:01.83112+08	417
408	2025-02-12 23:50:14.498565+08	418
409	2025-02-13 00:04:31.615012+08	419
410	2025-02-13 00:49:19.963686+08	420
411	2025-02-13 00:49:24.198355+08	421
412	2025-02-13 00:57:54.564644+08	422
413	2025-02-13 00:57:57.062925+08	423
414	2025-02-13 00:58:01.150712+08	424
415	2025-02-13 01:00:37.668935+08	425
416	2025-02-13 01:01:02.171413+08	426
417	2025-02-13 01:01:37.02955+08	427
418	2025-02-13 01:02:44.719705+08	428
419	2025-02-13 01:03:06.893459+08	429
420	2025-02-13 01:03:38.803202+08	430
421	2025-02-13 01:03:46.098042+08	431
422	2025-02-13 01:03:53.127623+08	432
423	2025-02-13 01:04:00.783243+08	433
424	2025-02-13 01:04:12.235415+08	434
425	2025-02-13 01:05:55.930472+08	435
426	2025-02-13 01:06:07.032584+08	436
427	2025-02-13 01:06:24.982959+08	437
428	2025-02-13 01:06:56.723583+08	438
429	2025-02-13 01:07:29.998925+08	439
430	2025-02-13 01:08:20.714959+08	440
431	2025-02-13 01:09:07.688432+08	441
432	2025-02-13 01:09:34.922076+08	442
433	2025-02-13 01:09:37.067454+08	443
434	2025-02-13 01:10:42.285616+08	444
435	2025-02-13 01:11:34.032173+08	445
436	2025-02-13 01:11:35.35504+08	446
437	2025-02-13 01:11:49.304501+08	447
438	2025-02-13 01:13:15.592459+08	448
439	2025-02-13 01:13:39.83924+08	449
440	2025-02-13 01:13:57.973923+08	450
441	2025-02-13 01:14:06.045271+08	451
442	2025-02-13 01:14:31.16352+08	452
443	2025-02-13 01:14:34.706024+08	453
444	2025-02-13 01:16:25.356701+08	454
445	2025-02-13 01:16:43.023061+08	455
446	2025-02-13 01:17:09.043575+08	456
447	2025-02-13 01:17:29.467905+08	457
448	2025-02-13 01:18:05.90912+08	458
449	2025-02-13 01:18:26.3217+08	459
450	2025-02-13 01:18:42.159698+08	460
451	2025-02-13 01:18:46.738726+08	461
452	2025-02-13 01:18:49.042502+08	462
453	2025-02-13 01:19:10.128688+08	463
454	2025-02-13 01:19:20.319251+08	464
455	2025-02-13 01:22:08.36478+08	465
456	2025-02-13 01:22:23.936189+08	466
457	2025-02-13 01:23:15.608975+08	467
458	2025-02-13 01:23:31.03105+08	468
459	2025-02-13 01:23:45.569564+08	469
460	2025-02-13 01:24:05.525251+08	470
461	2025-02-13 01:24:40.708622+08	471
462	2025-02-13 01:24:56.73793+08	472
463	2025-02-13 01:25:25.360409+08	473
464	2025-02-13 01:27:39.14483+08	474
465	2025-02-13 01:29:55.863061+08	475
466	2025-02-13 01:31:50.926399+08	476
467	2025-02-13 01:52:29.498525+08	477
468	2025-02-13 14:48:36.754462+08	478
469	2025-02-13 14:48:49.907151+08	479
470	2025-02-13 14:48:59.128488+08	480
471	2025-02-13 14:50:04.907293+08	481
472	2025-02-13 14:51:21.846646+08	482
473	2025-02-13 14:52:09.353238+08	483
474	2025-02-13 14:52:34.84613+08	484
475	2025-02-13 14:57:05.930132+08	485
476	2025-02-13 14:57:31.270276+08	486
477	2025-02-13 15:03:14.091721+08	487
478	2025-02-13 15:03:17.407972+08	488
479	2025-02-13 16:24:37.401522+08	489
480	2025-02-13 16:36:05.612481+08	490
481	2025-02-13 16:36:38.873819+08	491
482	2025-02-13 16:37:30.093004+08	492
483	2025-02-13 16:37:56.659237+08	493
484	2025-02-13 16:37:58.10081+08	494
485	2025-02-13 16:38:33.882903+08	495
486	2025-02-13 16:38:47.605953+08	496
487	2025-02-13 16:38:55.534381+08	497
488	2025-02-13 16:39:06.856479+08	498
489	2025-02-13 16:47:20.436962+08	499
490	2025-02-13 16:49:41.181957+08	500
491	2025-02-13 16:51:34.221999+08	501
492	2025-02-13 16:53:09.816738+08	502
493	2025-02-13 16:53:27.660779+08	503
494	2025-02-13 16:54:23.197649+08	504
495	2025-02-13 16:54:29.709312+08	505
496	2025-02-13 16:55:18.65745+08	506
497	2025-02-13 16:55:42.801826+08	507
498	2025-02-13 16:55:47.16326+08	508
499	2025-02-13 16:55:54.642217+08	509
500	2025-02-13 16:56:50.947806+08	510
501	2025-02-13 16:57:07.134878+08	511
502	2025-02-13 16:57:26.927737+08	512
503	2025-02-13 16:57:33.106362+08	513
504	2025-02-13 16:57:57.744662+08	514
505	2025-02-13 16:59:19.21076+08	515
506	2025-02-13 16:59:46.045219+08	516
507	2025-02-13 16:59:56.506812+08	517
508	2025-02-13 17:00:13.507944+08	518
509	2025-02-13 17:00:41.523504+08	519
510	2025-02-13 17:00:50.364696+08	520
511	2025-02-13 17:00:58.926547+08	521
512	2025-02-13 17:01:21.105667+08	522
513	2025-02-13 17:01:40.969063+08	523
514	2025-02-13 17:01:47.653285+08	524
515	2025-02-13 17:02:02.777278+08	525
516	2025-02-13 17:02:20.144757+08	526
517	2025-02-13 17:03:30.06172+08	527
518	2025-02-13 17:03:53.846714+08	528
519	2025-02-13 22:50:48.679916+08	529
520	2025-02-13 23:07:02.192167+08	530
521	2025-02-13 23:11:16.667795+08	531
522	2025-02-13 23:12:56.929802+08	532
523	2025-02-14 01:10:13.741303+08	533
524	2025-02-14 01:10:25.095962+08	534
525	2025-02-14 01:41:35.744775+08	536
526	2025-02-14 01:42:47.597358+08	537
527	2025-02-14 01:46:06.438987+08	538
528	2025-02-14 01:46:32.521798+08	539
529	2025-02-14 01:46:47.697276+08	540
530	2025-02-14 01:47:25.756717+08	541
531	2025-02-14 01:47:43.886318+08	542
532	2025-02-14 01:48:18.086165+08	543
533	2025-02-14 01:49:11.694401+08	544
534	2025-02-14 01:49:39.298092+08	545
535	2025-02-14 01:49:50.317042+08	546
536	2025-02-14 01:51:22.423084+08	547
537	2025-02-14 01:52:13.802649+08	548
538	2025-02-14 01:52:28.041772+08	549
539	2025-02-14 01:52:46.018107+08	550
540	2025-02-14 01:55:27.673553+08	551
541	2025-02-14 01:56:25.943419+08	552
542	2025-02-14 01:56:45.408915+08	553
543	2025-02-14 01:56:59.280201+08	554
544	2025-02-14 01:57:25.268105+08	555
545	2025-02-14 01:57:37.236413+08	556
546	2025-02-14 01:57:49.061713+08	557
547	2025-02-14 02:00:39.539593+08	558
548	2025-02-14 02:02:41.715092+08	559
549	2025-02-14 02:03:16.149127+08	560
550	2025-02-14 02:03:26.494781+08	561
551	2025-02-14 02:03:41.345167+08	562
552	2025-02-14 02:03:58.260345+08	563
553	2025-02-14 02:04:15.260033+08	564
554	2025-02-14 02:05:08.537015+08	565
555	2025-02-14 02:05:33.509798+08	566
556	2025-02-14 02:05:50.961994+08	567
557	2025-02-14 02:06:02.132005+08	568
558	2025-02-14 02:06:41.445252+08	569
559	2025-02-14 02:06:49.604567+08	570
560	2025-02-14 02:07:20.978424+08	571
561	2025-02-14 02:07:35.216759+08	572
562	2025-02-14 02:07:42.855848+08	573
563	2025-02-14 02:07:59.067186+08	574
564	2025-02-14 02:08:06.78525+08	575
565	2025-02-14 02:08:14.48554+08	576
566	2025-02-14 02:09:22.399174+08	577
567	2025-02-14 02:09:31.545406+08	578
568	2025-02-14 02:10:37.859251+08	579
569	2025-02-14 02:10:46.38638+08	580
570	2025-02-14 02:10:51.955415+08	581
571	2025-02-14 02:12:50.744436+08	582
572	2025-02-14 02:12:56.740136+08	583
573	2025-02-14 02:13:01.156668+08	584
574	2025-02-14 02:13:33.239391+08	585
575	2025-02-14 02:13:54.715967+08	586
576	2025-02-14 02:14:05.861745+08	587
577	2025-02-14 02:41:52.81428+08	588
578	2025-02-14 02:43:05.308058+08	589
579	2025-02-14 02:49:14.687201+08	590
580	2025-02-14 02:49:54.550759+08	591
581	2025-02-14 02:50:10.289026+08	592
582	2025-02-14 02:50:35.698847+08	593
583	2025-02-14 02:50:50.657075+08	594
584	2025-02-14 02:51:41.917549+08	595
\.


--
-- TOC entry 3639 (class 0 OID 126541)
-- Dependencies: 259
-- Data for Name: token_blacklist_outstandingtoken; Type: TABLE DATA; Schema: public; Owner: giantcld
--

COPY public.token_blacklist_outstandingtoken (id, token, created_at, expires_at, user_id, jti) FROM stdin;
1	eyJhbGciOiJIUzI1NiIsInR5cCI6IkpXVCJ9.eyJ0b2tlbl90eXBlIjoicmVmcmVzaCIsImV4cCI6MTc0MTU5MDkwOCwiaWF0IjoxNzM4OTk4OTA4LCJqdGkiOiI3OWRhYTliM2M3NzQ0YzAxODRmZTY4NGZjOTlmZGE5MSIsInVzZXJfaWQiOjF9.3ayQ9ofbAOoxcL_ddKJS40HKgL-P23cjddS7u4xHc8s	\N	2025-03-10 15:15:08+08	\N	79daa9b3c7744c0184fe684fc99fda91
2	eyJhbGciOiJIUzI1NiIsInR5cCI6IkpXVCJ9.eyJ0b2tlbl90eXBlIjoicmVmcmVzaCIsImV4cCI6MTc0MTU5NTI5MiwiaWF0IjoxNzM5MDAzMjkyLCJqdGkiOiJjNWRmZGU0OWYwM2I0YjUyYWExNGU1ZDY4OTI3NDEwOSIsInVzZXJfaWQiOjF9.L3utPkdXa-JHkA11nHPD4QUACixeeplTWmbqZPFmqpE	2025-02-08 16:28:12.366002+08	2025-03-10 16:28:12+08	1	c5dfde49f03b4b52aa14e5d689274109
3	eyJhbGciOiJIUzI1NiIsInR5cCI6IkpXVCJ9.eyJ0b2tlbl90eXBlIjoicmVmcmVzaCIsImV4cCI6MTc0MTU5NTM5OSwiaWF0IjoxNzM5MDAzMzk5LCJqdGkiOiJjMTI2YzNjYTA5NDA0NjlmYTM1MTkzMGI4NzM4OTEyYSIsInVzZXJfaWQiOjF9.xjG9VgxgbpCJHFsomRm7MZikaTjSsKbLSPKoqAvfJTA	2025-02-08 16:29:59.558254+08	2025-03-10 16:29:59+08	1	c126c3ca0940469fa351930b8738912a
4	eyJhbGciOiJIUzI1NiIsInR5cCI6IkpXVCJ9.eyJ0b2tlbl90eXBlIjoicmVmcmVzaCIsImV4cCI6MTc0MTU5ODE5NCwiaWF0IjoxNzM5MDA2MTk0LCJqdGkiOiI1MmRiYzM2MmRmOTM0NDIwOWVlNGMwMzgwM2EwMTY0OSIsInVzZXJfaWQiOjF9.hpED9pQ_VhgGzfRN5ky8x_EUv2wa0crcdOfyb_aMfyY	\N	2025-03-10 17:16:34+08	\N	52dbc362df9344209ee4c03803a01649
5	eyJhbGciOiJIUzI1NiIsInR5cCI6IkpXVCJ9.eyJ0b2tlbl90eXBlIjoicmVmcmVzaCIsImV4cCI6MTc0MTU5ODMyNCwiaWF0IjoxNzM5MDA2MzI0LCJqdGkiOiIzYzNkMzA0NjkzOTI0YzgwYmI0NWVlYmU4YmQ5ZTg1OSIsInVzZXJfaWQiOjF9.CWFgRHXo5ySEl9MGidMBKzB-actOG0uEEdoRe-rdPhQ	\N	2025-03-10 17:18:44+08	\N	3c3d304693924c80bb45eebe8bd9e859
6	eyJhbGciOiJIUzI1NiIsInR5cCI6IkpXVCJ9.eyJ0b2tlbl90eXBlIjoicmVmcmVzaCIsImV4cCI6MTc0MTYxNzAxMywiaWF0IjoxNzM5MDI1MDEzLCJqdGkiOiI3NTM5ZmY4ODcyYzc0MzM4ODdhODBmZmU5MDY3NDU3YyIsInVzZXJfaWQiOjF9.XwLVePbCn0w7vHoAErtf8jHIhmyz-evhNZ6fQeqRwYU	\N	2025-03-10 22:30:13+08	\N	7539ff8872c7433887a80ffe9067457c
7	eyJhbGciOiJIUzI1NiIsInR5cCI6IkpXVCJ9.eyJ0b2tlbl90eXBlIjoicmVmcmVzaCIsImV4cCI6MTc0MTYxNzYyMSwiaWF0IjoxNzM5MDI1NjIxLCJqdGkiOiJjMGYzNzFmOGUxZDY0NWI0OWI4N2I2MjhjMjg2ZTk5MiIsInVzZXJfaWQiOjF9.GdiAouqQPdPH4PbaGXofJ_E8msOTKBBMVRVIQsaDJ8A	\N	2025-03-10 22:40:21+08	\N	c0f371f8e1d645b49b87b628c286e992
8	eyJhbGciOiJIUzI1NiIsInR5cCI6IkpXVCJ9.eyJ0b2tlbl90eXBlIjoicmVmcmVzaCIsImV4cCI6MTc0MTYxNzcwOSwiaWF0IjoxNzM5MDI1NzA5LCJqdGkiOiI5OTEzNDBkODM3ZDU0MDBjYjIwNDEyNjY3YWU4Yjk2OSIsInVzZXJfaWQiOjF9.FqqNF3NSZx-btgt-lYV3KHagb1KyUTAJTQtnbTAlFBE	2025-02-08 22:41:49.838697+08	2025-03-10 22:41:49+08	1	991340d837d5400cb20412667ae8b969
9	eyJhbGciOiJIUzI1NiIsInR5cCI6IkpXVCJ9.eyJ0b2tlbl90eXBlIjoicmVmcmVzaCIsImV4cCI6MTc0MTYxNzc5NSwiaWF0IjoxNzM5MDI1Nzk1LCJqdGkiOiI5MDk2ZjY5OWQ5MzA0YzkwOTEyYWIzMGY3NzRlNzkzMyIsInVzZXJfaWQiOjF9.eNrPZzFiRf3orX8n_dxzfNo-LqDpUGg81VAt0EqH1ts	2025-02-08 22:43:15.483795+08	2025-03-10 22:43:15+08	1	9096f699d9304c90912ab30f774e7933
10	eyJhbGciOiJIUzI1NiIsInR5cCI6IkpXVCJ9.eyJ0b2tlbl90eXBlIjoicmVmcmVzaCIsImV4cCI6MTc0MTYxNzg1MCwiaWF0IjoxNzM5MDI1ODUwLCJqdGkiOiJmMThjM2VjMDdiYzY0OTA4YWZjYjJkZTEzOGRhYTJiMyIsInVzZXJfaWQiOjF9.vlKx02c9Qs36nsXjpzhQU9qaFcsGFGW_-DP78-GloGE	2025-02-08 22:44:10.519805+08	2025-03-10 22:44:10+08	1	f18c3ec07bc64908afcb2de138daa2b3
11	eyJhbGciOiJIUzI1NiIsInR5cCI6IkpXVCJ9.eyJ0b2tlbl90eXBlIjoicmVmcmVzaCIsImV4cCI6MTc0MTYxNzg3NiwiaWF0IjoxNzM5MDI1ODc2LCJqdGkiOiJjMGQ0YzE1NGU4MTI0MTAzOTU1Y2VjNmE3OGFhNjYwYSIsInVzZXJfaWQiOjF9.k6adOgRQZPHaNRVk5GShC_GFZ_gB1OP5ACtof9TfLu4	2025-02-08 22:44:36.111825+08	2025-03-10 22:44:36+08	1	c0d4c154e8124103955cec6a78aa660a
12	eyJhbGciOiJIUzI1NiIsInR5cCI6IkpXVCJ9.eyJ0b2tlbl90eXBlIjoicmVmcmVzaCIsImV4cCI6MTc0MTYxNzYzMSwiaWF0IjoxNzM5MDI1NjMxLCJqdGkiOiIwMTFjN2ViZmU0MGI0Y2Y4OWIxZmMxYjlhYTk3NjI0ZiIsInVzZXJfaWQiOjF9.MOFSK71cow2ZGBn2zWSa5lzjSNXdS33gDrO3z3P4GqY	\N	2025-03-10 22:40:31+08	\N	011c7ebfe40b4cf89b1fc1b9aa97624f
13	eyJhbGciOiJIUzI1NiIsInR5cCI6IkpXVCJ9.eyJ0b2tlbl90eXBlIjoicmVmcmVzaCIsImV4cCI6MTc0MTYxODUzMCwiaWF0IjoxNzM5MDI2NTMwLCJqdGkiOiIwYWU1ZDYzYmFmMjc0M2ZiOTkyNWYwODA1OWNmNDkzZiIsInVzZXJfaWQiOjF9.a9maaVFmaPZFYratyJKfCkFNyXAygbQFvvN-s_326eM	\N	2025-03-10 22:55:30+08	\N	0ae5d63baf2743fb9925f08059cf493f
14	eyJhbGciOiJIUzI1NiIsInR5cCI6IkpXVCJ9.eyJ0b2tlbl90eXBlIjoicmVmcmVzaCIsImV4cCI6MTc0MTYyNDU4NiwiaWF0IjoxNzM5MDMyNTg2LCJqdGkiOiI0MTkyYTJhNDQxMDA0OGI3YjJkYjdkNmE0NzA4YTI1ZCIsInVzZXJfaWQiOjF9.F0YSRJ7vqjImn05tooIT09UbbaZOcvezHK3upWWY5k4	2025-02-09 00:36:26.787342+08	2025-03-11 00:36:26+08	1	4192a2a4410048b7b2db7d6a4708a25d
15	eyJhbGciOiJIUzI1NiIsInR5cCI6IkpXVCJ9.eyJ0b2tlbl90eXBlIjoicmVmcmVzaCIsImV4cCI6MTc0MTYyMTA1OSwiaWF0IjoxNzM5MDI5MDU5LCJqdGkiOiJhM2RhYmFjNzM5MGI0OWNhOWUxZmZhNDlkOTMxY2E1NCIsInVzZXJfaWQiOjF9.1Bu_ldQhBDFJBui0RzwU13oenKKXlYWvTR8dCQ5x46I	\N	2025-03-10 23:37:39+08	\N	a3dabac7390b49ca9e1ffa49d931ca54
16	eyJhbGciOiJIUzI1NiIsInR5cCI6IkpXVCJ9.eyJ0b2tlbl90eXBlIjoicmVmcmVzaCIsImV4cCI6MTc0MTYxNTcwNywiaWF0IjoxNzM5MDIzNzA3LCJqdGkiOiJmODllOTM1ZjAzOGU0NTU1YTQyYjgzYjRkMzI4ZDJiOCIsInVzZXJfaWQiOjF9.iK5ut9xitNk7YBvPN42xJAha9TeADYiUzgebRfa1PTg	\N	2025-03-10 22:08:27+08	\N	f89e935f038e4555a42b83b4d328d2b8
17	eyJhbGciOiJIUzI1NiIsInR5cCI6IkpXVCJ9.eyJ0b2tlbl90eXBlIjoicmVmcmVzaCIsImV4cCI6MTc0MTYyNTMwNSwiaWF0IjoxNzM5MDMzMzA1LCJqdGkiOiJmNzFiNTQzMmM2NDA0NGQzYTQwZDFkMWU1OTNkMzMwZCIsInVzZXJfaWQiOjF9.U36TC4fr5aDHymF3wAmspi990eJeH-AjjLw1McUj2M4	2025-02-09 00:48:25.441051+08	2025-03-11 00:48:25+08	1	f71b5432c64044d3a40d1d1e593d330d
18	eyJhbGciOiJIUzI1NiIsInR5cCI6IkpXVCJ9.eyJ0b2tlbl90eXBlIjoicmVmcmVzaCIsImV4cCI6MTc0MTYyNDgwMywiaWF0IjoxNzM5MDMyODAzLCJqdGkiOiI0OWVkYzE3N2MwMmI0ZTM2ODNiNzQ2Yzk4ZjM0YjAzMyIsInVzZXJfaWQiOjF9.yQORzlDvjRiDsVsVXSv8X_5v3m5CU2xrQX7bNAR_aPM	\N	2025-03-11 00:40:03+08	\N	49edc177c02b4e3683b746c98f34b033
19	eyJhbGciOiJIUzI1NiIsInR5cCI6IkpXVCJ9.eyJ0b2tlbl90eXBlIjoicmVmcmVzaCIsImV4cCI6MTc0MTY2NzIxNiwiaWF0IjoxNzM5MDc1MjE2LCJqdGkiOiJlNTFlZjgzNGY1MTQ0ODQwODAzNTBmZTEzZTY1MTUyMCIsInVzZXJfaWQiOjF9.OQBIJzeks7ABI2Sr7IEqYO1SRFQd02aSi9Fe_AkzxsI	2025-02-09 12:26:56.664525+08	2025-03-11 12:26:56+08	1	e51ef834f514484080350fe13e651520
20	eyJhbGciOiJIUzI1NiIsInR5cCI6IkpXVCJ9.eyJ0b2tlbl90eXBlIjoicmVmcmVzaCIsImV4cCI6MTc0MTY2NzQ3OCwiaWF0IjoxNzM5MDc1NDc4LCJqdGkiOiJmOTY1NjAyNGFlMmQ0MWMyYTlhZDFjZDNiMWJhMzM3ZiIsInVzZXJfaWQiOjF9.HzifXNqNhMogDHUK8_Vy7L_YFyKJGB9xulf_g-kvlXM	\N	2025-03-11 12:31:18+08	\N	f9656024ae2d41c2a9ad1cd3b1ba337f
21	eyJhbGciOiJIUzI1NiIsInR5cCI6IkpXVCJ9.eyJ0b2tlbl90eXBlIjoicmVmcmVzaCIsImV4cCI6MTc0MTY2NzQ5NCwiaWF0IjoxNzM5MDc1NDk0LCJqdGkiOiJiMDYzY2MxNWJlYzI0NTNjODM2YTQ3ZTYyYTljYzMyZCIsInVzZXJfaWQiOjF9.4LaY-Mr0_EDuTz2bt6G6lrV-dqzwHeztDfRojfJfGqk	\N	2025-03-11 12:31:34+08	\N	b063cc15bec2453c836a47e62a9cc32d
22	eyJhbGciOiJIUzI1NiIsInR5cCI6IkpXVCJ9.eyJ0b2tlbl90eXBlIjoicmVmcmVzaCIsImV4cCI6MTc0MTY2NzYzOCwiaWF0IjoxNzM5MDc1NjM4LCJqdGkiOiIyMDdhMjkyNzU0YWM0Yjk2YTZiM2VjMjgwNTAwZWRhNiIsInVzZXJfaWQiOjF9.NLnWQQIKs9TtGhfXcgYqvmlLjju3o5ENyVZ8K4QqbPY	\N	2025-03-11 12:33:58+08	\N	207a292754ac4b96a6b3ec280500eda6
23	eyJhbGciOiJIUzI1NiIsInR5cCI6IkpXVCJ9.eyJ0b2tlbl90eXBlIjoicmVmcmVzaCIsImV4cCI6MTc0MTY2NzY0NCwiaWF0IjoxNzM5MDc1NjQ0LCJqdGkiOiJkZmMxNDc1NDVkYjg0ZWNkOTMxZjZmMjA3YWYwNDM2ZSIsInVzZXJfaWQiOjF9.0uLCuTvpFWMJcFw1qoulyTSUzED-cAbJghHSQLk9EIQ	\N	2025-03-11 12:34:04+08	\N	dfc147545db84ecd931f6f207af0436e
24	eyJhbGciOiJIUzI1NiIsInR5cCI6IkpXVCJ9.eyJ0b2tlbl90eXBlIjoicmVmcmVzaCIsImV4cCI6MTc0MTY2ODA3OSwiaWF0IjoxNzM5MDc2MDc5LCJqdGkiOiJmMTZlNjQ0OTQ5MzU0YWM3ODIyODMwZDExYTIzNjcwMiIsInVzZXJfaWQiOjF9.q0uuymFT2EAtGWu_O0ob4R65Tybfsyndj8EWbPfTpp4	\N	2025-03-11 12:41:19+08	\N	f16e644949354ac7822830d11a236702
25	eyJhbGciOiJIUzI1NiIsInR5cCI6IkpXVCJ9.eyJ0b2tlbl90eXBlIjoicmVmcmVzaCIsImV4cCI6MTc0MTY2ODE2MSwiaWF0IjoxNzM5MDc2MTYxLCJqdGkiOiI1ZjhlZThiZThjYzY0NjEyYWVlOGI3ODM1NDM5MWMyOSIsInVzZXJfaWQiOjF9.-S_UGz2sJuXnPV52_YU1GiNMyE6r7h_qfcDRy4qEjGA	\N	2025-03-11 12:42:41+08	\N	5f8ee8be8cc64612aee8b78354391c29
26	eyJhbGciOiJIUzI1NiIsInR5cCI6IkpXVCJ9.eyJ0b2tlbl90eXBlIjoicmVmcmVzaCIsImV4cCI6MTc0MTY2ODMzMCwiaWF0IjoxNzM5MDc2MzMwLCJqdGkiOiI4ZWI3NjJlYWMyZGI0NTIxYWNjMmNkMzMzNTg2OGMwMSIsInVzZXJfaWQiOjF9.S03d8rotpyX4UVLC2S7oGGHS9fe5PsP6BSO5f3GXwes	\N	2025-03-11 12:45:30+08	\N	8eb762eac2db4521acc2cd3335868c01
27	eyJhbGciOiJIUzI1NiIsInR5cCI6IkpXVCJ9.eyJ0b2tlbl90eXBlIjoicmVmcmVzaCIsImV4cCI6MTc0MTY2ODUzNCwiaWF0IjoxNzM5MDc2NTM0LCJqdGkiOiIxYjUzNWJiZTc1MTE0NzJlYjdmMmRjNDA2NTFhOTY3YyIsInVzZXJfaWQiOjF9.W49eK2BgmbDfwjcGymen3zhY0SNdR2WP0naCHvsHbEM	\N	2025-03-11 12:48:54+08	\N	1b535bbe7511472eb7f2dc40651a967c
28	eyJhbGciOiJIUzI1NiIsInR5cCI6IkpXVCJ9.eyJ0b2tlbl90eXBlIjoicmVmcmVzaCIsImV4cCI6MTc0MTY4MjUxMCwiaWF0IjoxNzM5MDkwNTEwLCJqdGkiOiIzOTAzNTJiOTAwZjQ0ZmM3YTBiNWY4YjgyZmE4NmQ3YSIsInVzZXJfaWQiOjF9.Fq_jHOIuQhcd5TdvQpunG3qeYjyhL2Vzh7Z_tLXQ97c	2025-02-09 16:41:50.445844+08	2025-03-11 16:41:50+08	1	390352b900f44fc7a0b5f8b82fa86d7a
29	eyJhbGciOiJIUzI1NiIsInR5cCI6IkpXVCJ9.eyJ0b2tlbl90eXBlIjoicmVmcmVzaCIsImV4cCI6MTc0MTYyNTQzNCwiaWF0IjoxNzM5MDMzNDM0LCJqdGkiOiJjZTI4Y2QwNTIzN2U0NThmYThlOGFhM2RmZjM3Mjg3ZiIsInVzZXJfaWQiOjF9.ZM39NeVTkG20PbMGrsqT3A-FeC58nHLOeby6L8t9t3E	\N	2025-03-11 00:50:34+08	\N	ce28cd05237e458fa8e8aa3dff37287f
30	eyJhbGciOiJIUzI1NiIsInR5cCI6IkpXVCJ9.eyJ0b2tlbl90eXBlIjoicmVmcmVzaCIsImV4cCI6MTc0MTY4NTAwNCwiaWF0IjoxNzM5MDkzMDA0LCJqdGkiOiI5NzVjODMzMGIyODA0NGMxOTAwMTg5MzEwMmQwZmFhOSIsInVzZXJfaWQiOjF9.9deqAUMGU2As6PaWTcMgQe2_IGIpFWhztmif2F6L804	\N	2025-03-11 17:23:24+08	\N	975c8330b28044c19001893102d0faa9
31	eyJhbGciOiJIUzI1NiIsInR5cCI6IkpXVCJ9.eyJ0b2tlbl90eXBlIjoicmVmcmVzaCIsImV4cCI6MTc0MTY4NTM2OCwiaWF0IjoxNzM5MDkzMzY4LCJqdGkiOiI1NDIxYjdlMjZhZjQ0MjIyYjNkNGQwZjgzZGU2ODk3ZSIsInVzZXJfaWQiOjF9.NykUfuEhKXlrxrSGsWXPKQCO9kx_2BMUv6KFj6ZSEtk	\N	2025-03-11 17:29:28+08	\N	5421b7e26af44222b3d4d0f83de6897e
32	eyJhbGciOiJIUzI1NiIsInR5cCI6IkpXVCJ9.eyJ0b2tlbl90eXBlIjoicmVmcmVzaCIsImV4cCI6MTc0MTY4NzQ1MiwiaWF0IjoxNzM5MDk1NDUyLCJqdGkiOiI4YWI4MmJjMGZlMjI0MzhmOWQwM2UxNDQ2Zjg3ZmY1NiIsInVzZXJfaWQiOjF9.RRlDOc_wXp4LkokjJtLv2BODn48LCvtGATSybUMDE_8	\N	2025-03-11 18:04:12+08	\N	8ab82bc0fe22438f9d03e1446f87ff56
33	eyJhbGciOiJIUzI1NiIsInR5cCI6IkpXVCJ9.eyJ0b2tlbl90eXBlIjoicmVmcmVzaCIsImV4cCI6MTc0MTY4NzY5NCwiaWF0IjoxNzM5MDk1Njk0LCJqdGkiOiIwZjIzZTE1YzNhYjE0OWJjOTEzYjc0ODI5ODk0NjNiZCIsInVzZXJfaWQiOjF9.aq-3F2aNwMkmY3CdWTmaFeI_K0HBj1V2Pkxycv_wTh4	\N	2025-03-11 18:08:14+08	\N	0f23e15c3ab149bc913b7482989463bd
34	eyJhbGciOiJIUzI1NiIsInR5cCI6IkpXVCJ9.eyJ0b2tlbl90eXBlIjoicmVmcmVzaCIsImV4cCI6MTc0MTY4OTU2OSwiaWF0IjoxNzM5MDk3NTY5LCJqdGkiOiJjZjAzNjk2MzE2YTQ0OTliYjNmMTJjNjI0Mzg1MWRjYSIsInVzZXJfaWQiOjF9.wYOEIp_ixzbBo23gf83HSSYyyCxMLMNmFKB1jpxphLs	\N	2025-03-11 18:39:29+08	\N	cf03696316a4499bb3f12c6243851dca
35	eyJhbGciOiJIUzI1NiIsInR5cCI6IkpXVCJ9.eyJ0b2tlbl90eXBlIjoicmVmcmVzaCIsImV4cCI6MTc0MTY5MDEyNiwiaWF0IjoxNzM5MDk4MTI2LCJqdGkiOiIwMjM2ZGE2MGQ1MmI0YTNiYTc1Y2IzNTI1YmE5M2JkNCIsInVzZXJfaWQiOjF9.bbLXYa9aD1elpeKTCVOyMa-UCiljE1cmWiw3k-OwJMk	\N	2025-03-11 18:48:46+08	\N	0236da60d52b4a3ba75cb3525ba93bd4
36	eyJhbGciOiJIUzI1NiIsInR5cCI6IkpXVCJ9.eyJ0b2tlbl90eXBlIjoicmVmcmVzaCIsImV4cCI6MTc0MTY5MDUyNiwiaWF0IjoxNzM5MDk4NTI2LCJqdGkiOiJjMGI3MGM1ODM5Zjk0ZmI4OTA3ZjkzOGU4NjVhOGJlYSIsInVzZXJfaWQiOjF9.E2b10id1qalSZD8JuZua5BycAg0GEzAr2KvvaCY6Uj0	\N	2025-03-11 18:55:26+08	\N	c0b70c5839f94fb8907f938e865a8bea
37	eyJhbGciOiJIUzI1NiIsInR5cCI6IkpXVCJ9.eyJ0b2tlbl90eXBlIjoicmVmcmVzaCIsImV4cCI6MTc0MTY5Nzc2NywiaWF0IjoxNzM5MTA1NzY3LCJqdGkiOiI1ZmYwMDUwNTQwMDI0Y2JmOTBjYTk0MGJkYmViYjM0NCIsInVzZXJfaWQiOjF9.tsBd9nf-I8DsX50EawtSUzCytg-Lh5RHtxvEzjjN0p0	\N	2025-03-11 20:56:07+08	\N	5ff0050540024cbf90ca940bdbebb344
38	eyJhbGciOiJIUzI1NiIsInR5cCI6IkpXVCJ9.eyJ0b2tlbl90eXBlIjoicmVmcmVzaCIsImV4cCI6MTc0MTY5Nzk2OCwiaWF0IjoxNzM5MTA1OTY4LCJqdGkiOiJjNGEyYjJkOWIwOGQ0OWQ1YjA2MWY2MmU1YWEzOTkyMyIsInVzZXJfaWQiOjF9.Q0f5rhNVSIYnOvsDJkhuf862K5PLVlKs4h0V2J04scg	\N	2025-03-11 20:59:28+08	\N	c4a2b2d9b08d49d5b061f62e5aa39923
39	eyJhbGciOiJIUzI1NiIsInR5cCI6IkpXVCJ9.eyJ0b2tlbl90eXBlIjoicmVmcmVzaCIsImV4cCI6MTc0MTY5ODY3OSwiaWF0IjoxNzM5MTA2Njc5LCJqdGkiOiIxYmZjN2MzODk4NzI0N2M3YmFjZmVlYjgwZGIxYzZmNCIsInVzZXJfaWQiOjF9.Kr-tcccHJY3wKG2Bd7XeKxWY-Eu3PVs8rPt0pc47JgI	\N	2025-03-11 21:11:19+08	\N	1bfc7c38987247c7bacfeeb80db1c6f4
40	eyJhbGciOiJIUzI1NiIsInR5cCI6IkpXVCJ9.eyJ0b2tlbl90eXBlIjoicmVmcmVzaCIsImV4cCI6MTc0MTY2ODYxOCwiaWF0IjoxNzM5MDc2NjE4LCJqdGkiOiIyNzU4OTEzYTE3NzI0MTliODgzZmRkNjkwOGNmYjcxMCIsInVzZXJfaWQiOjF9.St0gNqSfhzFfFrO8thdEC8Nv4OeA-zTC131hl0lG4hA	\N	2025-03-11 12:50:18+08	\N	2758913a1772419b883fdd6908cfb710
41	eyJhbGciOiJIUzI1NiIsInR5cCI6IkpXVCJ9.eyJ0b2tlbl90eXBlIjoicmVmcmVzaCIsImV4cCI6MTc0MTcxNjg0MiwiaWF0IjoxNzM5MTI0ODQyLCJqdGkiOiI3MTgxMzk1MGI2M2Y0YmIyOGRkNzk5YzkwNTUwYzUzYSIsInVzZXJfaWQiOjF9.0NTWjQB11kzVsCn2GPRo74zb_y7as62B-OB339GK0bQ	\N	2025-03-12 02:14:02+08	\N	71813950b63f4bb28dd799c90550c53a
42	eyJhbGciOiJIUzI1NiIsInR5cCI6IkpXVCJ9.eyJ0b2tlbl90eXBlIjoicmVmcmVzaCIsImV4cCI6MTc0MTcxNzA1MywiaWF0IjoxNzM5MTI1MDUzLCJqdGkiOiI0NmIxNmY5MjY5MTQ0YjAxOTVhNTk1MTIwOThjMjcyMiIsInVzZXJfaWQiOjF9.4e5pIWhF-7wqqHPAWlCojh1HwhU5XjMvSwkAFi0hsK4	\N	2025-03-12 02:17:33+08	\N	46b16f9269144b0195a59512098c2722
43	eyJhbGciOiJIUzI1NiIsInR5cCI6IkpXVCJ9.eyJ0b2tlbl90eXBlIjoicmVmcmVzaCIsImV4cCI6MTc0MTcxNzIxMSwiaWF0IjoxNzM5MTI1MjExLCJqdGkiOiJiYjU4MjcxODM5NDU0YTIzOTQwMTI3NzVkNjA1NThiMSIsInVzZXJfaWQiOjF9.TA_acLlq62on7tswYED_bZp9-INCbUSBo1RCv8tGjhc	\N	2025-03-12 02:20:11+08	\N	bb58271839454a2394012775d60558b1
44	eyJhbGciOiJIUzI1NiIsInR5cCI6IkpXVCJ9.eyJ0b2tlbl90eXBlIjoicmVmcmVzaCIsImV4cCI6MTc0MTcxNzM1OCwiaWF0IjoxNzM5MTI1MzU4LCJqdGkiOiJhY2RiZmNhNWEwMTM0YmFiYTllYjJmM2EwODg5NWYzOSIsInVzZXJfaWQiOjF9.fA3Ac1p6WzimNLYr9h2zea8wzEmyJiG9kD8LxyieRbE	\N	2025-03-12 02:22:38+08	\N	acdbfca5a0134baba9eb2f3a08895f39
45	eyJhbGciOiJIUzI1NiIsInR5cCI6IkpXVCJ9.eyJ0b2tlbl90eXBlIjoicmVmcmVzaCIsImV4cCI6MTc0MTcxNzUwMSwiaWF0IjoxNzM5MTI1NTAxLCJqdGkiOiJlOGJlNTQ3N2RhZGQ0MDJlOWVjMDIxNGJmZmUzYjYzMyIsInVzZXJfaWQiOjF9.bAjIoG8Pb8b1kDOZjv5fXC5WOmzxzZN3yNOIR2p7Fe4	\N	2025-03-12 02:25:01+08	\N	e8be5477dadd402e9ec0214bffe3b633
46	eyJhbGciOiJIUzI1NiIsInR5cCI6IkpXVCJ9.eyJ0b2tlbl90eXBlIjoicmVmcmVzaCIsImV4cCI6MTc0MTcxNzY3NSwiaWF0IjoxNzM5MTI1Njc1LCJqdGkiOiI5NWJmZTczYzVlMjQ0NWFhOTQ4MmIzNTAyZjAyZTRlOSIsInVzZXJfaWQiOjF9.0mrowpvftMROXg9eshNFt5kPkBa-ZanRPbARpBuIvEg	\N	2025-03-12 02:27:55+08	\N	95bfe73c5e2445aa9482b3502f02e4e9
47	eyJhbGciOiJIUzI1NiIsInR5cCI6IkpXVCJ9.eyJ0b2tlbl90eXBlIjoicmVmcmVzaCIsImV4cCI6MTc0MTcxNzczNywiaWF0IjoxNzM5MTI1NzM3LCJqdGkiOiIwZDllN2EwZjcxYTY0MWQwOTllYzk5YTVhZDMxOTE4OCIsInVzZXJfaWQiOjF9.oWXzhaXL1z7uO9YwIAItmKiERX4nTBc_q2mV2DZ9ePg	\N	2025-03-12 02:28:57+08	\N	0d9e7a0f71a641d099ec99a5ad319188
48	eyJhbGciOiJIUzI1NiIsInR5cCI6IkpXVCJ9.eyJ0b2tlbl90eXBlIjoicmVmcmVzaCIsImV4cCI6MTc0MTcxNzgwMCwiaWF0IjoxNzM5MTI1ODAwLCJqdGkiOiI2MTc1NmMyMjQwOGU0YWVmYmMwYmMxZTA1NjNlNDljZiIsInVzZXJfaWQiOjF9.1WJxh6iNdQzNGuIH6Ca7yOT6lGV2xLO5FrkkOtOm_Js	\N	2025-03-12 02:30:00+08	\N	61756c22408e4aefbc0bc1e0563e49cf
49	eyJhbGciOiJIUzI1NiIsInR5cCI6IkpXVCJ9.eyJ0b2tlbl90eXBlIjoicmVmcmVzaCIsImV4cCI6MTc0MTcxNzk1NCwiaWF0IjoxNzM5MTI1OTU0LCJqdGkiOiIyMDY3ZDdhMjE2Y2M0YzNlYjhjOWVmZWY4ZTcxNTRhYyIsInVzZXJfaWQiOjF9.b_tfVxhW2nvdqcZYn8XZbq5MJGVWy7CAH4bgSlsDU5k	\N	2025-03-12 02:32:34+08	\N	2067d7a216cc4c3eb8c9efef8e7154ac
50	eyJhbGciOiJIUzI1NiIsInR5cCI6IkpXVCJ9.eyJ0b2tlbl90eXBlIjoicmVmcmVzaCIsImV4cCI6MTc0MTcxODAyNywiaWF0IjoxNzM5MTI2MDI3LCJqdGkiOiIxZTUxMThjZDBjMGI0NjhkYTI2NTFhYWRkOGI0NWE0MyIsInVzZXJfaWQiOjF9.qIpWPYYVYFQB_OiMeZPrjC3jaDicO7xGfmBhquTiiw0	\N	2025-03-12 02:33:47+08	\N	1e5118cd0c0b468da2651aadd8b45a43
51	eyJhbGciOiJIUzI1NiIsInR5cCI6IkpXVCJ9.eyJ0b2tlbl90eXBlIjoicmVmcmVzaCIsImV4cCI6MTc0MTcxODI0MCwiaWF0IjoxNzM5MTI2MjQwLCJqdGkiOiI1NWE0YzE1NDBkYTY0NDdlYjBkNDZhMjhjNzRhODhjMyIsInVzZXJfaWQiOjF9.wi0OnYYXkBpcAbS_-qSFpgFLSerFft-n7dFGwVTw58A	\N	2025-03-12 02:37:20+08	\N	55a4c1540da6447eb0d46a28c74a88c3
52	eyJhbGciOiJIUzI1NiIsInR5cCI6IkpXVCJ9.eyJ0b2tlbl90eXBlIjoicmVmcmVzaCIsImV4cCI6MTc0MTcxODQ5NywiaWF0IjoxNzM5MTI2NDk3LCJqdGkiOiI2NDUzNGFiNWJjZTg0ZWRkYWU2NjMzMWZhNmNjZTY2MyIsInVzZXJfaWQiOjF9.eJYMDfF_g0tftBx-hnAPECDTtteH9zqNzJ_l7EzneV4	\N	2025-03-12 02:41:37+08	\N	64534ab5bce84eddae66331fa6cce663
53	eyJhbGciOiJIUzI1NiIsInR5cCI6IkpXVCJ9.eyJ0b2tlbl90eXBlIjoicmVmcmVzaCIsImV4cCI6MTc0MTcxOTcxMSwiaWF0IjoxNzM5MTI3NzExLCJqdGkiOiJlYzAyODdlY2YwYzc0Mjk3YTBkMTc3NmNjZWQ2NGIyYyIsInVzZXJfaWQiOjF9.GPiSaPEazNTmtCmrxx5Yc4PuGOrTMwpyD9eDCkIum28	\N	2025-03-12 03:01:51+08	\N	ec0287ecf0c74297a0d1776cced64b2c
54	eyJhbGciOiJIUzI1NiIsInR5cCI6IkpXVCJ9.eyJ0b2tlbl90eXBlIjoicmVmcmVzaCIsImV4cCI6MTc0MTcxOTgwMCwiaWF0IjoxNzM5MTI3ODAwLCJqdGkiOiJlZmZmYjMxODNmZDY0YjcwOTljNDc5NzYyYTFkOTNkYSIsInVzZXJfaWQiOjF9.m80jsYcXJIfDakOqpqz1Vd0Tj3biff8hyv0DD-Mbjyo	\N	2025-03-12 03:03:20+08	\N	efffb3183fd64b7099c479762a1d93da
55	eyJhbGciOiJIUzI1NiIsInR5cCI6IkpXVCJ9.eyJ0b2tlbl90eXBlIjoicmVmcmVzaCIsImV4cCI6MTc0MTcyMDY0NSwiaWF0IjoxNzM5MTI4NjQ1LCJqdGkiOiI3ZDRjNDkyZGNjZmU0MGMyYWQzYjE2ZmYxY2FlYzgxNSIsInVzZXJfaWQiOjF9.eBb1vsVykzY_FP7dMCqsywQTJXHc0MLloI2HCgQvl3k	\N	2025-03-12 03:17:25+08	\N	7d4c492dccfe40c2ad3b16ff1caec815
56	eyJhbGciOiJIUzI1NiIsInR5cCI6IkpXVCJ9.eyJ0b2tlbl90eXBlIjoicmVmcmVzaCIsImV4cCI6MTc0MTcyMTg4NiwiaWF0IjoxNzM5MTI5ODg2LCJqdGkiOiJiMWMwZTczMDNkMWU0ZGNmOTRiOGU3MDllMjAxNGNiMiIsInVzZXJfaWQiOjF9.1VNHf0hlF-gklmj2Q6KNSNNAgzX7JJEY_90_khUMQA8	\N	2025-03-12 03:38:06+08	\N	b1c0e7303d1e4dcf94b8e709e2014cb2
57	eyJhbGciOiJIUzI1NiIsInR5cCI6IkpXVCJ9.eyJ0b2tlbl90eXBlIjoicmVmcmVzaCIsImV4cCI6MTc0MTcyMjMyOCwiaWF0IjoxNzM5MTMwMzI4LCJqdGkiOiJlNTBiMmExNWMzMTk0N2RmYmQ1NGVkYjllMDRjY2YxYiIsInVzZXJfaWQiOjF9.1SfFed1lXHsn2d7tyKCBc3rIMLvm1bJoy0YkcjdBzkE	\N	2025-03-12 03:45:28+08	\N	e50b2a15c31947dfbd54edb9e04ccf1b
58	eyJhbGciOiJIUzI1NiIsInR5cCI6IkpXVCJ9.eyJ0b2tlbl90eXBlIjoicmVmcmVzaCIsImV4cCI6MTc0MTcyMjQ4NCwiaWF0IjoxNzM5MTMwNDg0LCJqdGkiOiIxNmNhMDgxZmY5ZmU0NzJhYWI3Mjc2NWMyZjlhMmVjNSIsInVzZXJfaWQiOjF9.mT9I3-NUgnl7evtoWEiquI4soT9jLnTtLKy3fiFPVqs	\N	2025-03-12 03:48:04+08	\N	16ca081ff9fe472aab72765c2f9a2ec5
59	eyJhbGciOiJIUzI1NiIsInR5cCI6IkpXVCJ9.eyJ0b2tlbl90eXBlIjoicmVmcmVzaCIsImV4cCI6MTc0MTcyMjUwOCwiaWF0IjoxNzM5MTMwNTA4LCJqdGkiOiJlOGQ0MTc0NTU2M2I0ZTNkYmQ2YjZiZTA2NDU1NGU5OSIsInVzZXJfaWQiOjF9.0f4aNEDFzOK_rCprk033DT61vJYClHYqv2YUaY7dtAg	\N	2025-03-12 03:48:28+08	\N	e8d41745563b4e3dbd6b6be064554e99
60	eyJhbGciOiJIUzI1NiIsInR5cCI6IkpXVCJ9.eyJ0b2tlbl90eXBlIjoicmVmcmVzaCIsImV4cCI6MTc0MTY5ODg0OCwiaWF0IjoxNzM5MTA2ODQ4LCJqdGkiOiIyYjk2N2I4Mjg0NjQ0ZjZhYTA2NmM4YmZkMTc1MmQ0NSIsInVzZXJfaWQiOjF9.XK9_gKmysvGPPs4Mfa3bYqI6uBCF97Nm-Mh8mq7N21Q	\N	2025-03-11 21:14:08+08	\N	2b967b8284644f6aa066c8bfd1752d45
61	eyJhbGciOiJIUzI1NiIsInR5cCI6IkpXVCJ9.eyJ0b2tlbl90eXBlIjoicmVmcmVzaCIsImV4cCI6MTc0MTc2Njk4MSwiaWF0IjoxNzM5MTc0OTgxLCJqdGkiOiJjODhmMWJiYjRjYTk0YmQ0OTQyZTA1MjAwMDlhZThhNyIsInVzZXJfaWQiOjF9.J6ilReTMclyOVhavSGpJFRmZzrPJZmTSHuPZSi4nrmU	\N	2025-03-12 16:09:41+08	\N	c88f1bbb4ca94bd4942e0520009ae8a7
62	eyJhbGciOiJIUzI1NiIsInR5cCI6IkpXVCJ9.eyJ0b2tlbl90eXBlIjoicmVmcmVzaCIsImV4cCI6MTc0MTc4ODA3NCwiaWF0IjoxNzM5MTk2MDc0LCJqdGkiOiI2YzMzMTc1YzRiZmM0ZDc2YmY4MmYzOGE0NzI0MmE2MCIsInVzZXJfaWQiOjF9.RE0u1KQ-rilBfl5dlPV-AhjTFsDf4qhK3m6zJBMVJ8k	\N	2025-03-12 22:01:14+08	\N	6c33175c4bfc4d76bf82f38a47242a60
63	eyJhbGciOiJIUzI1NiIsInR5cCI6IkpXVCJ9.eyJ0b2tlbl90eXBlIjoicmVmcmVzaCIsImV4cCI6MTc0MTc4ODEwNCwiaWF0IjoxNzM5MTk2MTA0LCJqdGkiOiI0MWJmNTMxMWUwNmU0NjExODU1OTc1MjVlMTA5ZDA3NCIsInVzZXJfaWQiOjF9.0fVjgkvQ0nekILxxbY35qPy3KuQzz5Aw6xqEmldRoIc	\N	2025-03-12 22:01:44+08	\N	41bf5311e06e461185597525e109d074
64	eyJhbGciOiJIUzI1NiIsInR5cCI6IkpXVCJ9.eyJ0b2tlbl90eXBlIjoicmVmcmVzaCIsImV4cCI6MTc0MTc4ODQwNCwiaWF0IjoxNzM5MTk2NDA0LCJqdGkiOiIzNzRlY2RhYWMwMzI0Y2ExOTZhNmZhM2FjMWM1MmI1ZiIsInVzZXJfaWQiOjF9.TWjbjrF-vS4pu6f22oQiqMm44-l2Uzz0zCoIkg8YVSo	\N	2025-03-12 22:06:44+08	\N	374ecdaac0324ca196a6fa3ac1c52b5f
65	eyJhbGciOiJIUzI1NiIsInR5cCI6IkpXVCJ9.eyJ0b2tlbl90eXBlIjoicmVmcmVzaCIsImV4cCI6MTc0MTc4ODQ0NywiaWF0IjoxNzM5MTk2NDQ3LCJqdGkiOiI5NDQ3NjgyODIzZmE0OWZkODYzODM4YzZmNzQzZDgxZSIsInVzZXJfaWQiOjF9.nNQy_eiC89cTDMoWw_6CkE4uVXomvk2f_jA55b3wsEw	\N	2025-03-12 22:07:27+08	\N	9447682823fa49fd863838c6f743d81e
66	eyJhbGciOiJIUzI1NiIsInR5cCI6IkpXVCJ9.eyJ0b2tlbl90eXBlIjoicmVmcmVzaCIsImV4cCI6MTc0MTc4ODUzNSwiaWF0IjoxNzM5MTk2NTM1LCJqdGkiOiI1Y2UzNDc1N2ViMTA0NTAxOGIxYWUxMmE5MDYwODFjNSIsInVzZXJfaWQiOjF9.EaQxRD0os12TqZCcwAyl1GeE5CXpftlof1HAX2C0KOE	\N	2025-03-12 22:08:55+08	\N	5ce34757eb1045018b1ae12a906081c5
67	eyJhbGciOiJIUzI1NiIsInR5cCI6IkpXVCJ9.eyJ0b2tlbl90eXBlIjoicmVmcmVzaCIsImV4cCI6MTc0MTc4ODU5OSwiaWF0IjoxNzM5MTk2NTk5LCJqdGkiOiJiNGZmMGEyNTJmNGU0NDE1YjY3YTQwNWVmMTYzMjRiZiIsInVzZXJfaWQiOjF9.CFiT4dMAZPHAd4IQaMIBxJACxQ-IvDucIdOgbss6F1o	\N	2025-03-12 22:09:59+08	\N	b4ff0a252f4e4415b67a405ef16324bf
68	eyJhbGciOiJIUzI1NiIsInR5cCI6IkpXVCJ9.eyJ0b2tlbl90eXBlIjoicmVmcmVzaCIsImV4cCI6MTc0MTc4ODY0MywiaWF0IjoxNzM5MTk2NjQzLCJqdGkiOiJlNWU3MDU4MTM1NmE0MGU0YTJmYmY2ZTBjOTA4ZWY2MCIsInVzZXJfaWQiOjF9.QsBUncMGhYKtaDosXB5LI_G02Ao7dvEzgy8tYWOvbso	\N	2025-03-12 22:10:43+08	\N	e5e70581356a40e4a2fbf6e0c908ef60
69	eyJhbGciOiJIUzI1NiIsInR5cCI6IkpXVCJ9.eyJ0b2tlbl90eXBlIjoicmVmcmVzaCIsImV4cCI6MTc0MTc5MDUxMywiaWF0IjoxNzM5MTk4NTEzLCJqdGkiOiI4ZjYwOTE0MmVlMzQ0ZjM3YThmZWNmZDg5ZTIxZTNhNCIsInVzZXJfaWQiOjF9.7K6G5BhIbsUimICPhlQtkE9s6tlqRqui5CVw54hhkIc	\N	2025-03-12 22:41:53+08	\N	8f609142ee344f37a8fecfd89e21e3a4
70	eyJhbGciOiJIUzI1NiIsInR5cCI6IkpXVCJ9.eyJ0b2tlbl90eXBlIjoicmVmcmVzaCIsImV4cCI6MTc0MTc5MDU3NiwiaWF0IjoxNzM5MTk4NTc2LCJqdGkiOiIzNTAwNzI5NzgxMzQ0NzNmOGYwNWMzMDZjNjcwZTNhYyIsInVzZXJfaWQiOjF9.-0KxyAg0-TFX1XokA8pbyvo69iWUMa8LJmYkN4pNO_o	\N	2025-03-12 22:42:56+08	\N	350072978134473f8f05c306c670e3ac
71	eyJhbGciOiJIUzI1NiIsInR5cCI6IkpXVCJ9.eyJ0b2tlbl90eXBlIjoicmVmcmVzaCIsImV4cCI6MTc0MTc5MDY3MiwiaWF0IjoxNzM5MTk4NjcyLCJqdGkiOiJmMzMyM2ZkZWVhMDY0NWM3OGE5MmNiODYzNTgzOWRiYiIsInVzZXJfaWQiOjF9.J2Dd0zmGUjNI7ZVRYSLvRqfuIDoNlCYSswXH_Nacn-s	\N	2025-03-12 22:44:32+08	\N	f3323fdeea0645c78a92cb8635839dbb
72	eyJhbGciOiJIUzI1NiIsInR5cCI6IkpXVCJ9.eyJ0b2tlbl90eXBlIjoicmVmcmVzaCIsImV4cCI6MTc0MTc5MDgwMiwiaWF0IjoxNzM5MTk4ODAyLCJqdGkiOiIzNGRlNTVlMzk2NWU0ZjkxYTI3YmRlNjIyNDU1NTYzZiIsInVzZXJfaWQiOjF9.Gq2cSSWRjVjNWlfEPaS3Oriac1EFMXa4yWLPkLeRUZg	\N	2025-03-12 22:46:42+08	\N	34de55e3965e4f91a27bde622455563f
73	eyJhbGciOiJIUzI1NiIsInR5cCI6IkpXVCJ9.eyJ0b2tlbl90eXBlIjoicmVmcmVzaCIsImV4cCI6MTc0MTc5MTM3MywiaWF0IjoxNzM5MTk5MzczLCJqdGkiOiI3YjM2OTE2OWJiZWQ0NGY1YTU1ZTYyMGQ3ZjY1NzM5NSIsInVzZXJfaWQiOjF9.USHdC-gveKZEfves_XuhzTCw6ZGtYN3Vbe42dKP8Q8Y	\N	2025-03-12 22:56:13+08	\N	7b369169bbed44f5a55e620d7f657395
74	eyJhbGciOiJIUzI1NiIsInR5cCI6IkpXVCJ9.eyJ0b2tlbl90eXBlIjoicmVmcmVzaCIsImV4cCI6MTc0MTc5MTM4NiwiaWF0IjoxNzM5MTk5Mzg2LCJqdGkiOiI0Yjc4MThjYzQxMDA0NjVkYjk5MzU5Nzk2M2NmMDMyNiIsInVzZXJfaWQiOjF9.kU0t7g46QtfQwQaUQw1gX7YC7gzW1raXHzqs_VHgY0c	\N	2025-03-12 22:56:26+08	\N	4b7818cc4100465db993597963cf0326
75	eyJhbGciOiJIUzI1NiIsInR5cCI6IkpXVCJ9.eyJ0b2tlbl90eXBlIjoicmVmcmVzaCIsImV4cCI6MTc0MTc5MTQwMiwiaWF0IjoxNzM5MTk5NDAyLCJqdGkiOiI2ZWQwMzMwOGEwNzQ0Y2Y1YTM2OTI0YzIzNGZhNWU1NiIsInVzZXJfaWQiOjF9.zm32lL42_TmfIT-k_Oz25QgaJ9JJHN0QzisQ68dE82g	\N	2025-03-12 22:56:42+08	\N	6ed03308a0744cf5a36924c234fa5e56
76	eyJhbGciOiJIUzI1NiIsInR5cCI6IkpXVCJ9.eyJ0b2tlbl90eXBlIjoicmVmcmVzaCIsImV4cCI6MTc0MTc5MTU4NSwiaWF0IjoxNzM5MTk5NTg1LCJqdGkiOiI5YjgzMTk1MzdlNDE0NTA4YmJkMDA5ZmI0NTVmN2YxZCIsInVzZXJfaWQiOjF9.XoxA2ULrlq3ecroxYFNmdlGoXM2eBitFmRwjhl8o4ko	\N	2025-03-12 22:59:45+08	\N	9b8319537e414508bbd009fb455f7f1d
77	eyJhbGciOiJIUzI1NiIsInR5cCI6IkpXVCJ9.eyJ0b2tlbl90eXBlIjoicmVmcmVzaCIsImV4cCI6MTc0MTc5MTY0MywiaWF0IjoxNzM5MTk5NjQzLCJqdGkiOiI2NmE0ZDFlNWE0OGI0YTNiOTgwNTZhMDhmMTJiZDkwOSIsInVzZXJfaWQiOjF9.AUCrhzEjOGz5xkDkofIp4Okt5H-Jv_ZxOdPkkGlrtwk	\N	2025-03-12 23:00:43+08	\N	66a4d1e5a48b4a3b98056a08f12bd909
78	eyJhbGciOiJIUzI1NiIsInR5cCI6IkpXVCJ9.eyJ0b2tlbl90eXBlIjoicmVmcmVzaCIsImV4cCI6MTc0MTc5MTY2NywiaWF0IjoxNzM5MTk5NjY3LCJqdGkiOiJkZTdkNjk4ODJmN2E0MzVmYTViOWQzN2UzN2EwYTUwMiIsInVzZXJfaWQiOjF9.fVYmqvH050EX_O4IhHZV88T-O53y-kVuXTv2VXKMaT8	\N	2025-03-12 23:01:07+08	\N	de7d69882f7a435fa5b9d37e37a0a502
79	eyJhbGciOiJIUzI1NiIsInR5cCI6IkpXVCJ9.eyJ0b2tlbl90eXBlIjoicmVmcmVzaCIsImV4cCI6MTc0MTc5MTc1MCwiaWF0IjoxNzM5MTk5NzUwLCJqdGkiOiIwYTI4NzZmMDZmMDQ0ZjU2ODAyMWI4YjJmOGI3OWMzNiIsInVzZXJfaWQiOjF9.cefsjfhjcfgmgtXd4tyG-GNxgJCXWo190qxNDER7ux0	\N	2025-03-12 23:02:30+08	\N	0a2876f06f044f568021b8b2f8b79c36
80	eyJhbGciOiJIUzI1NiIsInR5cCI6IkpXVCJ9.eyJ0b2tlbl90eXBlIjoicmVmcmVzaCIsImV4cCI6MTc0MTc5MTg0OSwiaWF0IjoxNzM5MTk5ODQ5LCJqdGkiOiI2N2M0MmJiOTFiNTM0ZGQ2OGVhZTA2OTQzZjNhYmE4MiIsInVzZXJfaWQiOjF9.M2X00n96fQm4uVay5Bbz7vkYKCzZa7kOVpvHrQhfCpU	\N	2025-03-12 23:04:09+08	\N	67c42bb91b534dd68eae06943f3aba82
81	eyJhbGciOiJIUzI1NiIsInR5cCI6IkpXVCJ9.eyJ0b2tlbl90eXBlIjoicmVmcmVzaCIsImV4cCI6MTc0MTc5MTkyMCwiaWF0IjoxNzM5MTk5OTIwLCJqdGkiOiI4MzVjODcyNTFlYjE0ZDk3YTNiYWY3NDQ1YzQ3YzkxOCIsInVzZXJfaWQiOjF9.Ri0hMnc57T3z2Ruj_-rIlKPx6FQhXrEzzmeJS1O008E	\N	2025-03-12 23:05:20+08	\N	835c87251eb14d97a3baf7445c47c918
82	eyJhbGciOiJIUzI1NiIsInR5cCI6IkpXVCJ9.eyJ0b2tlbl90eXBlIjoicmVmcmVzaCIsImV4cCI6MTc0MTc5MTk3MywiaWF0IjoxNzM5MTk5OTczLCJqdGkiOiI0YWNkZGQ1N2U1ZjE0M2RmOTVjYmI1ZGM1ZTE5YzBlNiIsInVzZXJfaWQiOjF9.0DiIQTufVcJ9DpsbzJpHybHrsAwhli--IUFXBPYGmRI	\N	2025-03-12 23:06:13+08	\N	4acddd57e5f143df95cbb5dc5e19c0e6
83	eyJhbGciOiJIUzI1NiIsInR5cCI6IkpXVCJ9.eyJ0b2tlbl90eXBlIjoicmVmcmVzaCIsImV4cCI6MTc0MTc5Mjg0OSwiaWF0IjoxNzM5MjAwODQ5LCJqdGkiOiJjYmUwOWUyYTllNDc0MjgyYTU2MjBiZTUyYzdmMWE2NSIsInVzZXJfaWQiOjF9.PPekfKDyaJJSPuBJN3b5-rd5Psl78_QMw3P2MhjKKwI	\N	2025-03-12 23:20:49+08	\N	cbe09e2a9e474282a5620be52c7f1a65
84	eyJhbGciOiJIUzI1NiIsInR5cCI6IkpXVCJ9.eyJ0b2tlbl90eXBlIjoicmVmcmVzaCIsImV4cCI6MTc0MTc5MzA4NSwiaWF0IjoxNzM5MjAxMDg1LCJqdGkiOiIxY2Q2Yzc0MGQ5NjA0NTU3YjQ5ZDY0ZTJhMjc5MzYwOCIsInVzZXJfaWQiOjF9.u1B0EhmQGTuY7cI62Vnt-OFtvFIoqEz7OAoEf6htsP4	\N	2025-03-12 23:24:45+08	\N	1cd6c740d9604557b49d64e2a2793608
85	eyJhbGciOiJIUzI1NiIsInR5cCI6IkpXVCJ9.eyJ0b2tlbl90eXBlIjoicmVmcmVzaCIsImV4cCI6MTc0MTc5MzE3MywiaWF0IjoxNzM5MjAxMTczLCJqdGkiOiIxZGYwNjk2M2Y3Y2E0ZDJkYTYxMTQ4Y2VlOWVjMjcwOCIsInVzZXJfaWQiOjF9.dLs13xhAk874j_u693JxCddyCkmCiaHUTGNqXXPCcVY	\N	2025-03-12 23:26:13+08	\N	1df06963f7ca4d2da61148cee9ec2708
86	eyJhbGciOiJIUzI1NiIsInR5cCI6IkpXVCJ9.eyJ0b2tlbl90eXBlIjoicmVmcmVzaCIsImV4cCI6MTc0MTc5MzIyMiwiaWF0IjoxNzM5MjAxMjIyLCJqdGkiOiI4YTNlMmIxOWY4ZDY0YmY0YTI4MjFlYjk2Njk0MjU4YSIsInVzZXJfaWQiOjF9.fXX-1MOCoEI5Lnit6oOJQJoplfYj70WR2FI1tC8Gzqo	\N	2025-03-12 23:27:02+08	\N	8a3e2b19f8d64bf4a2821eb96694258a
87	eyJhbGciOiJIUzI1NiIsInR5cCI6IkpXVCJ9.eyJ0b2tlbl90eXBlIjoicmVmcmVzaCIsImV4cCI6MTc0MTc5MzI1OCwiaWF0IjoxNzM5MjAxMjU4LCJqdGkiOiI3YWNlYjUxYzYxYjM0YWNlOTk5NzI5MWZmYTBiZDhhMSIsInVzZXJfaWQiOjF9.yS0q1MWEraW0X19C0IRiKB6SUvDlw2YboP-zCH9v7HA	\N	2025-03-12 23:27:38+08	\N	7aceb51c61b34ace9997291ffa0bd8a1
88	eyJhbGciOiJIUzI1NiIsInR5cCI6IkpXVCJ9.eyJ0b2tlbl90eXBlIjoicmVmcmVzaCIsImV4cCI6MTc0MTc5MzI5MywiaWF0IjoxNzM5MjAxMjkzLCJqdGkiOiIxYmZhMDJjODMyZTI0OGVjYTExNTZjY2FhYjU5ZWM1MyIsInVzZXJfaWQiOjF9.vA0SFXDO3pOVhRS4fyJ6yC_67Vc4cUZKZve5SRSTxvs	\N	2025-03-12 23:28:13+08	\N	1bfa02c832e248eca1156ccaab59ec53
89	eyJhbGciOiJIUzI1NiIsInR5cCI6IkpXVCJ9.eyJ0b2tlbl90eXBlIjoicmVmcmVzaCIsImV4cCI6MTc0MTc5Mzc0MSwiaWF0IjoxNzM5MjAxNzQxLCJqdGkiOiJlZmIxZjM3N2IyNWU0OGFiYjc2M2FlZGVkMGUxODE5ZiIsInVzZXJfaWQiOjF9.9XVelyoGzadOGMNyj1lXE3gkdwlZyhu5sq4Dgsk1JZ0	\N	2025-03-12 23:35:41+08	\N	efb1f377b25e48abb763aeded0e1819f
90	eyJhbGciOiJIUzI1NiIsInR5cCI6IkpXVCJ9.eyJ0b2tlbl90eXBlIjoicmVmcmVzaCIsImV4cCI6MTc0MTc5NTEzMCwiaWF0IjoxNzM5MjAzMTMwLCJqdGkiOiI2OWNhMWMyZGQyMzI0YTU2YjBlYWI5NzAxMDA2ZmU1MCIsInVzZXJfaWQiOjF9.MS3tFEvCk4br8LwOrcPLTfnrKwK-Y5m8A1KS-rtrh8I	2025-02-10 23:58:50.910574+08	2025-03-12 23:58:50+08	1	69ca1c2dd2324a56b0eab9701006fe50
91	eyJhbGciOiJIUzI1NiIsInR5cCI6IkpXVCJ9.eyJ0b2tlbl90eXBlIjoicmVmcmVzaCIsImV4cCI6MTc0MTc5Mzc2NCwiaWF0IjoxNzM5MjAxNzY0LCJqdGkiOiI0NTQ2ZDExYWFkNDE0MWNlOTQ1ZDJhYmM3MDAxN2E0NyIsInVzZXJfaWQiOjF9.pCI4fqZluQL7XDJJ-4nQLuDWf3pMRSXkpY4VorGJvGg	\N	2025-03-12 23:36:04+08	\N	4546d11aad4141ce945d2abc70017a47
92	eyJhbGciOiJIUzI1NiIsInR5cCI6IkpXVCJ9.eyJ0b2tlbl90eXBlIjoicmVmcmVzaCIsImV4cCI6MTc0MTc5NjE2MCwiaWF0IjoxNzM5MjA0MTYwLCJqdGkiOiIxYjEwZjIwZDY5MGM0M2U3YmMzY2EyNzliOGE3MjAwNCIsInVzZXJfaWQiOjF9.0EXZcFI8Oq8FDXgdPog5yKry7usyLo6vCBID9eVtCdA	\N	2025-03-13 00:16:00+08	\N	1b10f20d690c43e7bc3ca279b8a72004
93	eyJhbGciOiJIUzI1NiIsInR5cCI6IkpXVCJ9.eyJ0b2tlbl90eXBlIjoicmVmcmVzaCIsImV4cCI6MTc0MTc5NjY3NCwiaWF0IjoxNzM5MjA0Njc0LCJqdGkiOiIwMzNjZDg4N2E5ZTA0ODc5ODlhMWVhMDc5NTY3OWU5OCIsInVzZXJfaWQiOjF9.r4Stpt2tmKOuqROa_2b8CuI6A9fYwFvMQaS7PXTexuw	\N	2025-03-13 00:24:34+08	\N	033cd887a9e0487989a1ea0795679e98
94	eyJhbGciOiJIUzI1NiIsInR5cCI6IkpXVCJ9.eyJ0b2tlbl90eXBlIjoicmVmcmVzaCIsImV4cCI6MTc0MTc5NzM5NSwiaWF0IjoxNzM5MjA1Mzk1LCJqdGkiOiIzYTU5NzY5ZDEyZmM0MDUxYTZlMDIzOGFmMzI3OWE3ZiIsInVzZXJfaWQiOjF9.SFfYKegw9clvpSA_JFjzCFUuFxqjv3zb9yL5hhEMXAo	\N	2025-03-13 00:36:35+08	\N	3a59769d12fc4051a6e0238af3279a7f
95	eyJhbGciOiJIUzI1NiIsInR5cCI6IkpXVCJ9.eyJ0b2tlbl90eXBlIjoicmVmcmVzaCIsImV4cCI6MTc0MTc5NzUxMCwiaWF0IjoxNzM5MjA1NTEwLCJqdGkiOiI3NjU3ZWI5ZDNhZmQ0MjI5ODI5NWIzMWUxODFjY2RmNyIsInVzZXJfaWQiOjF9.GSjqaDRTmzuni9ciIVpxHtcMpMb63Br-Ysqg-23eZwA	\N	2025-03-13 00:38:30+08	\N	7657eb9d3afd42298295b31e181ccdf7
96	eyJhbGciOiJIUzI1NiIsInR5cCI6IkpXVCJ9.eyJ0b2tlbl90eXBlIjoicmVmcmVzaCIsImV4cCI6MTc0MTc5NzY2NSwiaWF0IjoxNzM5MjA1NjY1LCJqdGkiOiJkNzA1MzBmODFhMTM0Y2VjYTk4M2M1MzQ3YWM1ZWNkOCIsInVzZXJfaWQiOjF9.rhU0PMlTylDl_EaHUDgUAQDQVPPcY8M8xdqJv__oNxA	\N	2025-03-13 00:41:05+08	\N	d70530f81a134ceca983c5347ac5ecd8
97	eyJhbGciOiJIUzI1NiIsInR5cCI6IkpXVCJ9.eyJ0b2tlbl90eXBlIjoicmVmcmVzaCIsImV4cCI6MTc0MTc5NzcyNywiaWF0IjoxNzM5MjA1NzI3LCJqdGkiOiI3ZTU5YTcwNTA0NTk0ZTI3ODk1MWE1OWE4MTVkNmI0NSIsInVzZXJfaWQiOjF9.WVrdopXJPaewB11rfHjyJMvqFvs7iGZ9tPiRuZzzlQg	\N	2025-03-13 00:42:07+08	\N	7e59a70504594e278951a59a815d6b45
98	eyJhbGciOiJIUzI1NiIsInR5cCI6IkpXVCJ9.eyJ0b2tlbl90eXBlIjoicmVmcmVzaCIsImV4cCI6MTc0MTc5Nzg4MiwiaWF0IjoxNzM5MjA1ODgyLCJqdGkiOiIxYzA4OWNlYjU2ZTk0NmY3YWE2MDI2NWM2MTNjZjk0ZSIsInVzZXJfaWQiOjF9.vmGDt4iZFti5j002aSzcEHdWWyO2q5E4w1BX5n4yH0Y	\N	2025-03-13 00:44:42+08	\N	1c089ceb56e946f7aa60265c613cf94e
99	eyJhbGciOiJIUzI1NiIsInR5cCI6IkpXVCJ9.eyJ0b2tlbl90eXBlIjoicmVmcmVzaCIsImV4cCI6MTc0MTc5Nzk1OSwiaWF0IjoxNzM5MjA1OTU5LCJqdGkiOiJiMWIxMzE0NDY4NTU0M2M0YTZjM2NiZmU3MzUzOWI4MSIsInVzZXJfaWQiOjF9.U8CAJHd4FGAPI0DhK75mjq4DuNglxgtoCgwpcdE_Res	\N	2025-03-13 00:45:59+08	\N	b1b13144685543c4a6c3cbfe73539b81
100	eyJhbGciOiJIUzI1NiIsInR5cCI6IkpXVCJ9.eyJ0b2tlbl90eXBlIjoicmVmcmVzaCIsImV4cCI6MTc0MTc5ODAxNywiaWF0IjoxNzM5MjA2MDE3LCJqdGkiOiI0NmVkMzk2MmQ3NDc0MzJjYmMwNTQxZDJkMDYyMWJkMCIsInVzZXJfaWQiOjF9.eYem-byQ_n4sW7F3LpbO96c8BlP7_D7V286NOAHCDy0	\N	2025-03-13 00:46:57+08	\N	46ed3962d747432cbc0541d2d0621bd0
101	eyJhbGciOiJIUzI1NiIsInR5cCI6IkpXVCJ9.eyJ0b2tlbl90eXBlIjoicmVmcmVzaCIsImV4cCI6MTc0MTc5ODAzMywiaWF0IjoxNzM5MjA2MDMzLCJqdGkiOiIwMTVhZGI3Njk0Nzk0YzFkYTVmZTQ5NzY0YmI3YzQwOCIsInVzZXJfaWQiOjF9.5Arvk1QK02xwIMI4IZM25ZL1DPZDFnftKnzoPfbu200	\N	2025-03-13 00:47:13+08	\N	015adb7694794c1da5fe49764bb7c408
102	eyJhbGciOiJIUzI1NiIsInR5cCI6IkpXVCJ9.eyJ0b2tlbl90eXBlIjoicmVmcmVzaCIsImV4cCI6MTc0MTc5ODA1NiwiaWF0IjoxNzM5MjA2MDU2LCJqdGkiOiI4MjY3NzZmMjE5OGI0NTFiYjk3MmQ5YjU0MDFjNjI5MyIsInVzZXJfaWQiOjF9.KnhEZI8L1VbYfXkizBT6tTKgb_S2g7skCTUbqUxrD80	\N	2025-03-13 00:47:36+08	\N	826776f2198b451bb972d9b5401c6293
103	eyJhbGciOiJIUzI1NiIsInR5cCI6IkpXVCJ9.eyJ0b2tlbl90eXBlIjoicmVmcmVzaCIsImV4cCI6MTc0MTc5ODEzMiwiaWF0IjoxNzM5MjA2MTMyLCJqdGkiOiJiMGVlMDkwZDAyMzg0ZTVhOTRiMDlmYTlkYmE5OWYzNyIsInVzZXJfaWQiOjF9.Tvn4Pnsj2aMWcjByTuupeK7ta_0rOaGY7mY5VM_9hhM	\N	2025-03-13 00:48:52+08	\N	b0ee090d02384e5a94b09fa9dba99f37
104	eyJhbGciOiJIUzI1NiIsInR5cCI6IkpXVCJ9.eyJ0b2tlbl90eXBlIjoicmVmcmVzaCIsImV4cCI6MTc0MTc5ODE2NywiaWF0IjoxNzM5MjA2MTY3LCJqdGkiOiJjOGMzZTJkZGQ5NGQ0MDY5YTk0MTNmZTE2NmE3YThkMCIsInVzZXJfaWQiOjF9.52P_hBwvOSlpZ8PmjZ23OL3BJB4Q9bk367YBzVkX1XY	\N	2025-03-13 00:49:27+08	\N	c8c3e2ddd94d4069a9413fe166a7a8d0
105	eyJhbGciOiJIUzI1NiIsInR5cCI6IkpXVCJ9.eyJ0b2tlbl90eXBlIjoicmVmcmVzaCIsImV4cCI6MTc0MTc5ODE4OSwiaWF0IjoxNzM5MjA2MTg5LCJqdGkiOiJjMjRiZDg3YmM4NjI0ODY2OTM4MTEyNDhkNWNmYTE5NiIsInVzZXJfaWQiOjF9.FGNl1bH9ZhF_NMbkL6TIdnntsFxpKlvsOnItRRX28Co	\N	2025-03-13 00:49:49+08	\N	c24bd87bc862486693811248d5cfa196
106	eyJhbGciOiJIUzI1NiIsInR5cCI6IkpXVCJ9.eyJ0b2tlbl90eXBlIjoicmVmcmVzaCIsImV4cCI6MTc0MTc5ODI0NywiaWF0IjoxNzM5MjA2MjQ3LCJqdGkiOiI0ZGIyYTg5YTNiOTA0YTA5OWNmMWI3MDgyMGY2MjljNiIsInVzZXJfaWQiOjF9.5uf-0AETcNXB7uXumlW42cGZfSdmnJW2MWsN9gQ5aU0	\N	2025-03-13 00:50:47+08	\N	4db2a89a3b904a099cf1b70820f629c6
107	eyJhbGciOiJIUzI1NiIsInR5cCI6IkpXVCJ9.eyJ0b2tlbl90eXBlIjoicmVmcmVzaCIsImV4cCI6MTc0MTc5ODI4NSwiaWF0IjoxNzM5MjA2Mjg1LCJqdGkiOiJjYzE2NzY0OTJlMzM0Y2Y4OTY5YzdkMDVmMTYwNmRlMCIsInVzZXJfaWQiOjF9.Tgp7Ix_VyjnW7XY6ZPyyvtRDlAlS0ontlFw3MYyWI_I	\N	2025-03-13 00:51:25+08	\N	cc1676492e334cf8969c7d05f1606de0
108	eyJhbGciOiJIUzI1NiIsInR5cCI6IkpXVCJ9.eyJ0b2tlbl90eXBlIjoicmVmcmVzaCIsImV4cCI6MTc0MTc5ODI5OCwiaWF0IjoxNzM5MjA2Mjk4LCJqdGkiOiI3ODc5YzU0YzliYjY0YWQ1ODA3YzBhZWZlYzI0MGNlYSIsInVzZXJfaWQiOjF9.UOb5c0gD4KlY3mdQLnbwKsZYSDTMtlMw2y0doHDYCJo	\N	2025-03-13 00:51:38+08	\N	7879c54c9bb64ad5807c0aefec240cea
109	eyJhbGciOiJIUzI1NiIsInR5cCI6IkpXVCJ9.eyJ0b2tlbl90eXBlIjoicmVmcmVzaCIsImV4cCI6MTc0MTc5ODMyMSwiaWF0IjoxNzM5MjA2MzIxLCJqdGkiOiI2MjNjZWE2M2E4YWM0MjgwOWZlYjAwY2U4M2Q0MWE0YiIsInVzZXJfaWQiOjF9.epXHcBfBfAtGo4fyDu82-qBi8Q2crOBnC1Z9wzi8cEc	\N	2025-03-13 00:52:01+08	\N	623cea63a8ac42809feb00ce83d41a4b
110	eyJhbGciOiJIUzI1NiIsInR5cCI6IkpXVCJ9.eyJ0b2tlbl90eXBlIjoicmVmcmVzaCIsImV4cCI6MTc0MTc5ODQxNiwiaWF0IjoxNzM5MjA2NDE2LCJqdGkiOiIwYzNkMjMzODk3YWE0ZGNhOTY1M2ViZGI4YTdhNTBmZiIsInVzZXJfaWQiOjF9.4pog8HS-4ES6GrBN4HmSWRHeiezjptk4BNUARH8Q6lY	\N	2025-03-13 00:53:36+08	\N	0c3d233897aa4dca9653ebdb8a7a50ff
111	eyJhbGciOiJIUzI1NiIsInR5cCI6IkpXVCJ9.eyJ0b2tlbl90eXBlIjoicmVmcmVzaCIsImV4cCI6MTc0MTc5ODQzOSwiaWF0IjoxNzM5MjA2NDM5LCJqdGkiOiI4N2UzNWUzNWNjYjU0ODAwYmZmMTRjMzYzMGNjYTA5NyIsInVzZXJfaWQiOjF9.da94Hn1iECaJnHB2fUV15KBgsJZh7bdD4ps8eaTCsAg	\N	2025-03-13 00:53:59+08	\N	87e35e35ccb54800bff14c3630cca097
112	eyJhbGciOiJIUzI1NiIsInR5cCI6IkpXVCJ9.eyJ0b2tlbl90eXBlIjoicmVmcmVzaCIsImV4cCI6MTc0MTc5ODQ3MCwiaWF0IjoxNzM5MjA2NDcwLCJqdGkiOiI4OGZjM2Q1YjE5MDg0NTYzOGRjNGU0NTczODUzMDc4NyIsInVzZXJfaWQiOjF9.XijwYh4Wnrwgy-N-tYoJqifuk1CSLK0dPC7iQMWwqS0	\N	2025-03-13 00:54:30+08	\N	88fc3d5b190845638dc4e45738530787
113	eyJhbGciOiJIUzI1NiIsInR5cCI6IkpXVCJ9.eyJ0b2tlbl90eXBlIjoicmVmcmVzaCIsImV4cCI6MTc0MTc5ODUwNywiaWF0IjoxNzM5MjA2NTA3LCJqdGkiOiI1MzU0ZDQ2NWQ4ZTM0ZjE5YjYzZDk2MzE5NDAwZTEwZCIsInVzZXJfaWQiOjF9.IVfpIwzFeRQVLwFNR_pmcTnFkTHfHV-uxUU6i-1GfQQ	\N	2025-03-13 00:55:07+08	\N	5354d465d8e34f19b63d96319400e10d
114	eyJhbGciOiJIUzI1NiIsInR5cCI6IkpXVCJ9.eyJ0b2tlbl90eXBlIjoicmVmcmVzaCIsImV4cCI6MTc0MTc5ODUxNywiaWF0IjoxNzM5MjA2NTE3LCJqdGkiOiI2Nzc3Yzg5YzhhMDc0MTU0OWE2MmMxMGM4YWEzMTlhYyIsInVzZXJfaWQiOjF9.C3I__KzSDXPqMTHWCPIpDNV7U7IT3m_s2tntt_96Odk	\N	2025-03-13 00:55:17+08	\N	6777c89c8a0741549a62c10c8aa319ac
115	eyJhbGciOiJIUzI1NiIsInR5cCI6IkpXVCJ9.eyJ0b2tlbl90eXBlIjoicmVmcmVzaCIsImV4cCI6MTc0MTc5ODUyNiwiaWF0IjoxNzM5MjA2NTI2LCJqdGkiOiJiNzc2MDBkYjEyMWQ0YWVjOTA4NDViZjVkY2UyNDE2NyIsInVzZXJfaWQiOjF9.LOO2IEQgfhwmMO1zUJ8PC-_G3tCeCAaU3-aGnqBDAiI	\N	2025-03-13 00:55:26+08	\N	b77600db121d4aec90845bf5dce24167
116	eyJhbGciOiJIUzI1NiIsInR5cCI6IkpXVCJ9.eyJ0b2tlbl90eXBlIjoicmVmcmVzaCIsImV4cCI6MTc0MTc5ODU0NSwiaWF0IjoxNzM5MjA2NTQ1LCJqdGkiOiI5ZDIyZjI3MzRiNWQ0NjhjOGQ3ZTA5NTYyNjZiOGU3NyIsInVzZXJfaWQiOjF9.EXfKiza_H-tYn-KTXzQoTT_KTsZmY2fDegC-VCc1XaE	\N	2025-03-13 00:55:45+08	\N	9d22f2734b5d468c8d7e0956266b8e77
117	eyJhbGciOiJIUzI1NiIsInR5cCI6IkpXVCJ9.eyJ0b2tlbl90eXBlIjoicmVmcmVzaCIsImV4cCI6MTc0MTc5ODU5NSwiaWF0IjoxNzM5MjA2NTk1LCJqdGkiOiI4MWUxMTFmMWI0NjY0OTQ4ODNlMjk4Yjk0YjgwNjU3ZCIsInVzZXJfaWQiOjF9.lRxX_Is_l2idAdlUUSYm1mTrrc1FT8zJKB2gyfiO5Rk	\N	2025-03-13 00:56:35+08	\N	81e111f1b466494883e298b94b80657d
118	eyJhbGciOiJIUzI1NiIsInR5cCI6IkpXVCJ9.eyJ0b2tlbl90eXBlIjoicmVmcmVzaCIsImV4cCI6MTc0MTc5ODYxNSwiaWF0IjoxNzM5MjA2NjE1LCJqdGkiOiJmNjIyYWE1YTIxYzA0NzRiYjMyNjBhNjkyNDgxZjRjYiIsInVzZXJfaWQiOjF9.qU5qcBOekFStCZLTY7OPkCSlUG0lmfhg-E3GSIj4noQ	\N	2025-03-13 00:56:55+08	\N	f622aa5a21c0474bb3260a692481f4cb
119	eyJhbGciOiJIUzI1NiIsInR5cCI6IkpXVCJ9.eyJ0b2tlbl90eXBlIjoicmVmcmVzaCIsImV4cCI6MTc0MTc5ODc2NSwiaWF0IjoxNzM5MjA2NzY1LCJqdGkiOiI0MTM4ZWQ2ODY4Njc0OWEzOTYyMzc5YjZmMmVmMzI2NiIsInVzZXJfaWQiOjF9.uZVQ4oZBkrYu4wvnWpUjikfHh_6RL3GQQ_JxsL5yjzw	\N	2025-03-13 00:59:25+08	\N	4138ed68686749a3962379b6f2ef3266
120	eyJhbGciOiJIUzI1NiIsInR5cCI6IkpXVCJ9.eyJ0b2tlbl90eXBlIjoicmVmcmVzaCIsImV4cCI6MTc0MTc5ODc5NiwiaWF0IjoxNzM5MjA2Nzk2LCJqdGkiOiJhYmJjNDVkZTRmMDA0MWM2YTE5MzVmYzE5MDdkYTk1ZiIsInVzZXJfaWQiOjF9.xc6EeVPdU9v5LfJA1-qkJ6Y7CksbBrNAPGyEmKmJiIk	\N	2025-03-13 00:59:56+08	\N	abbc45de4f0041c6a1935fc1907da95f
121	eyJhbGciOiJIUzI1NiIsInR5cCI6IkpXVCJ9.eyJ0b2tlbl90eXBlIjoicmVmcmVzaCIsImV4cCI6MTc0MTc5ODgxMywiaWF0IjoxNzM5MjA2ODEzLCJqdGkiOiI2NTU5ZTkyNmU1MDU0YTRiYjBkZWZhMTI0MTYxMGU2OSIsInVzZXJfaWQiOjF9.tA9zvkv3a6KY_4ZnxylQ-DeND61pzUcHPeYScV4romU	\N	2025-03-13 01:00:13+08	\N	6559e926e5054a4bb0defa1241610e69
122	eyJhbGciOiJIUzI1NiIsInR5cCI6IkpXVCJ9.eyJ0b2tlbl90eXBlIjoicmVmcmVzaCIsImV4cCI6MTc0MTc5ODgzNywiaWF0IjoxNzM5MjA2ODM3LCJqdGkiOiIzYWVjMTQ3ZTU3M2U0NjE5ODkyNjk2MzRiMTMxMzlmMyIsInVzZXJfaWQiOjF9.iUAW1FE05nED65rkHU4wjQwyddIoiIonO5r6BHK4tH0	\N	2025-03-13 01:00:37+08	\N	3aec147e573e461989269634b13139f3
123	eyJhbGciOiJIUzI1NiIsInR5cCI6IkpXVCJ9.eyJ0b2tlbl90eXBlIjoicmVmcmVzaCIsImV4cCI6MTc0MTc5OTIwMiwiaWF0IjoxNzM5MjA3MjAyLCJqdGkiOiJjM2MwMDUyYzE4Mzc0YzU4OTY4OWU3YTk0NWI4MjQ4YSIsInVzZXJfaWQiOjF9.CAbcE6QGd4tNDT65GVdvvJ6KqH3Z216r4IVdRbBUTAo	\N	2025-03-13 01:06:42+08	\N	c3c0052c18374c589689e7a945b8248a
124	eyJhbGciOiJIUzI1NiIsInR5cCI6IkpXVCJ9.eyJ0b2tlbl90eXBlIjoicmVmcmVzaCIsImV4cCI6MTc0MTc5OTQ3OSwiaWF0IjoxNzM5MjA3NDc5LCJqdGkiOiI0ZDNhODBiYmZkZWU0OWE4OWUxZmJjZDI3MTMyMDU4NSIsInVzZXJfaWQiOjF9.oToceV9jX_EWJGcLjasxWDp0lNrApePqiqHDYQTBONU	\N	2025-03-13 01:11:19+08	\N	4d3a80bbfdee49a89e1fbcd271320585
125	eyJhbGciOiJIUzI1NiIsInR5cCI6IkpXVCJ9.eyJ0b2tlbl90eXBlIjoicmVmcmVzaCIsImV4cCI6MTc0MTc5OTY2NSwiaWF0IjoxNzM5MjA3NjY1LCJqdGkiOiI1MTU1NTQ5YWFhNmM0MDcwODk3NjEzNWRiOWM1ODhhOCIsInVzZXJfaWQiOjF9.rvwpzIRqAMgWl4jeBJ_3cWJUYh-eE8vk3RqV6BmJwLo	\N	2025-03-13 01:14:25+08	\N	5155549aaa6c40708976135db9c588a8
126	eyJhbGciOiJIUzI1NiIsInR5cCI6IkpXVCJ9.eyJ0b2tlbl90eXBlIjoicmVmcmVzaCIsImV4cCI6MTc0MTgwMDAxMiwiaWF0IjoxNzM5MjA4MDEyLCJqdGkiOiI3ZTc3NDA3ZjNlODA0NzJiOTE5NDU2ZDI2ODQ2NTViZiIsInVzZXJfaWQiOjF9.U65E7crA6jHdY7aLCw5StnljAy-uO4IJRaICZ1oajY4	\N	2025-03-13 01:20:12+08	\N	7e77407f3e80472b919456d2684655bf
127	eyJhbGciOiJIUzI1NiIsInR5cCI6IkpXVCJ9.eyJ0b2tlbl90eXBlIjoicmVmcmVzaCIsImV4cCI6MTc0MTgzNzI3OCwiaWF0IjoxNzM5MjQ1Mjc4LCJqdGkiOiJlYjhlOTAzMDJlOWM0YWQ0YTZjOTdjYTc4YWQ0ZjkyZCIsInVzZXJfaWQiOjF9.Ljisq7UP0YPoaxwOJDDqd7sgfjjuX3VShmd011MfDeY	\N	2025-03-13 11:41:18+08	\N	eb8e90302e9c4ad4a6c97ca78ad4f92d
128	eyJhbGciOiJIUzI1NiIsInR5cCI6IkpXVCJ9.eyJ0b2tlbl90eXBlIjoicmVmcmVzaCIsImV4cCI6MTc0MTgzOTIxMCwiaWF0IjoxNzM5MjQ3MjEwLCJqdGkiOiIxNDgzYjYyMDU0ZDg0MGU4OGEyMzUzMjg3M2MxZmE4NyIsInVzZXJfaWQiOjF9.heUNgMRZTm2YcOgHmZrOPdIbp6sBwebe8Z8swP27OYw	\N	2025-03-13 12:13:30+08	\N	1483b62054d840e88a23532873c1fa87
129	eyJhbGciOiJIUzI1NiIsInR5cCI6IkpXVCJ9.eyJ0b2tlbl90eXBlIjoicmVmcmVzaCIsImV4cCI6MTc0MTgzOTI4MywiaWF0IjoxNzM5MjQ3MjgzLCJqdGkiOiJlNDE4MDhhNDI2NmY0ODMwYWU2MjcwM2UzNDNiMGMxNyIsInVzZXJfaWQiOjF9.f83qdBKkubgi64L0p7yvQJb--7C1UiJFxotqTQiNgoE	\N	2025-03-13 12:14:43+08	\N	e41808a4266f4830ae62703e343b0c17
130	eyJhbGciOiJIUzI1NiIsInR5cCI6IkpXVCJ9.eyJ0b2tlbl90eXBlIjoicmVmcmVzaCIsImV4cCI6MTc0MTg0ODQ5NiwiaWF0IjoxNzM5MjU2NDk2LCJqdGkiOiIzNzUzMDEzZTdjNmE0OTRkYTAzMDkxY2ViODYwN2MwMyIsInVzZXJfaWQiOjF9.WQAIP9ghQfc7t3OB9JJVHIdwHG5vHLVDpqE47awhZQk	\N	2025-03-13 14:48:16+08	\N	3753013e7c6a494da03091ceb8607c03
131	eyJhbGciOiJIUzI1NiIsInR5cCI6IkpXVCJ9.eyJ0b2tlbl90eXBlIjoicmVmcmVzaCIsImV4cCI6MTc0MTg3NTE4MywiaWF0IjoxNzM5MjgzMTgzLCJqdGkiOiJjNzY4YzliZjViOWE0ZjQwOGNmMGEzNjJmZTliZjJkMCIsInVzZXJfaWQiOjF9.z_0WmsNWVFdoQRIcbQuNGi6_QnBhk1OrGakfUoTiigA	\N	2025-03-13 22:13:03+08	\N	c768c9bf5b9a4f408cf0a362fe9bf2d0
132	eyJhbGciOiJIUzI1NiIsInR5cCI6IkpXVCJ9.eyJ0b2tlbl90eXBlIjoicmVmcmVzaCIsImV4cCI6MTc0MTg4MTg5MSwiaWF0IjoxNzM5Mjg5ODkxLCJqdGkiOiI4N2JkNDE2MTBhNGU0YWQ1YWNjMmQ3ZGNiMTZiZmZjNiIsInVzZXJfaWQiOjF9.OMnMyDd9pGe3m5ROIna5xSajokO_YprvBmLE8SbkjKk	\N	2025-03-14 00:04:51+08	\N	87bd41610a4e4ad5acc2d7dcb16bffc6
133	eyJhbGciOiJIUzI1NiIsInR5cCI6IkpXVCJ9.eyJ0b2tlbl90eXBlIjoicmVmcmVzaCIsImV4cCI6MTc0MTg4NTI5NiwiaWF0IjoxNzM5MjkzMjk2LCJqdGkiOiI3YmI4NGFhYmMyYWI0MDkwYjY2ZDZhNzY4MThhMDU3MyIsInVzZXJfaWQiOjF9.l9ZGrQp7SRsaMfOIdwkqsJ8pCaer8bUn5MQHx-8Ef4s	\N	2025-03-14 01:01:36+08	\N	7bb84aabc2ab4090b66d6a76818a0573
134	eyJhbGciOiJIUzI1NiIsInR5cCI6IkpXVCJ9.eyJ0b2tlbl90eXBlIjoicmVmcmVzaCIsImV4cCI6MTc0MTg4NTQzNiwiaWF0IjoxNzM5MjkzNDM2LCJqdGkiOiJlMmUyODQ0YTQ2YTk0ODZkYjY5MzY2ZjY0YWFhYWFlNiIsInVzZXJfaWQiOjF9.qYVw5RHkwVesbtgRouX5X_36q6vonmjFcS4iy0TDtiM	\N	2025-03-14 01:03:56+08	\N	e2e2844a46a9486db69366f64aaaaae6
135	eyJhbGciOiJIUzI1NiIsInR5cCI6IkpXVCJ9.eyJ0b2tlbl90eXBlIjoicmVmcmVzaCIsImV4cCI6MTc0MTg4NTc0OCwiaWF0IjoxNzM5MjkzNzQ4LCJqdGkiOiIzNTgzNWM4MTA5Yzc0YzczOTIyY2Q1NjFkMDgzMjMyYiIsInVzZXJfaWQiOjF9.ecc9wFe3Ib4mwdluofeF8xuKaJd-q1RriibDOqKdWMA	\N	2025-03-14 01:09:08+08	\N	35835c8109c74c73922cd561d083232b
136	eyJhbGciOiJIUzI1NiIsInR5cCI6IkpXVCJ9.eyJ0b2tlbl90eXBlIjoicmVmcmVzaCIsImV4cCI6MTc0MTg4NjE3MywiaWF0IjoxNzM5Mjk0MTczLCJqdGkiOiJmMTIxOTQyMzliZjA0OWZjOTQ5MTI2OTBiMTA2MDg0YSIsInVzZXJfaWQiOjF9.1NRe9AHPNZA69t2r8_W-ZrJD9WZl6akm_VSOfvAVt-A	\N	2025-03-14 01:16:13+08	\N	f12194239bf049fc94912690b106084a
137	eyJhbGciOiJIUzI1NiIsInR5cCI6IkpXVCJ9.eyJ0b2tlbl90eXBlIjoicmVmcmVzaCIsImV4cCI6MTc0MTk0MDgzNSwiaWF0IjoxNzM5MzQ4ODM1LCJqdGkiOiI5MzM3YTA1NDUwMDg0MGM1YmYzODQ4ZDg0YmI0ZmRlNCIsInVzZXJfaWQiOjF9._wQfsQDf7yoaWa0LzZOg8CYZ878tk3wjNfUFoj0IkGc	\N	2025-03-14 16:27:15+08	\N	9337a054500840c5bf3848d84bb4fde4
138	eyJhbGciOiJIUzI1NiIsInR5cCI6IkpXVCJ9.eyJ0b2tlbl90eXBlIjoicmVmcmVzaCIsImV4cCI6MTc0MTk0MDk3NSwiaWF0IjoxNzM5MzQ4OTc1LCJqdGkiOiIxODk1M2JjZmM2NjA0YjJmYmM4ZWJiOGVmYjE5NjRiMCIsInVzZXJfaWQiOjF9.qbxUsPsIp4obP6Mak3Gklx0TvSZKfaKdHpMhXSC7s5U	\N	2025-03-14 16:29:35+08	\N	18953bcfc6604b2fbc8ebb8efb1964b0
139	eyJhbGciOiJIUzI1NiIsInR5cCI6IkpXVCJ9.eyJ0b2tlbl90eXBlIjoicmVmcmVzaCIsImV4cCI6MTc0MTk0MTEwOCwiaWF0IjoxNzM5MzQ5MTA4LCJqdGkiOiI3YjIzZjc3YzExMmI0NjcxOWM4MGZlZmY3MjNkZmVkYyIsInVzZXJfaWQiOjF9.96TX2fR4gX5CK5h5QZftPzN9Ao6tO5bOeg7h9hTiJ4s	\N	2025-03-14 16:31:48+08	\N	7b23f77c112b46719c80feff723dfedc
140	eyJhbGciOiJIUzI1NiIsInR5cCI6IkpXVCJ9.eyJ0b2tlbl90eXBlIjoicmVmcmVzaCIsImV4cCI6MTc0MTk0MTE0MCwiaWF0IjoxNzM5MzQ5MTQwLCJqdGkiOiI4NGVmMzc5NDcwMmM0NmQ4OWUwYTFkNzg0NmQ1MjNmNyIsInVzZXJfaWQiOjF9.gdU1s5YrRMhfaK7HCZVjqyjIoBQPF2IrnX-lVdGN3ZE	\N	2025-03-14 16:32:20+08	\N	84ef3794702c46d89e0a1d7846d523f7
141	eyJhbGciOiJIUzI1NiIsInR5cCI6IkpXVCJ9.eyJ0b2tlbl90eXBlIjoicmVmcmVzaCIsImV4cCI6MTc0MTk0MTI2OSwiaWF0IjoxNzM5MzQ5MjY5LCJqdGkiOiJiMzI1MmE2YmZjZjg0YmVlYmFmZDI4ZGFmY2Y5MjA4YiIsInVzZXJfaWQiOjF9.ZGMzNIEGe1YLG4WiwYRKgwPhlf_5Mlqxo0yF_PyH6HI	\N	2025-03-14 16:34:29+08	\N	b3252a6bfcf84beebafd28dafcf9208b
142	eyJhbGciOiJIUzI1NiIsInR5cCI6IkpXVCJ9.eyJ0b2tlbl90eXBlIjoicmVmcmVzaCIsImV4cCI6MTc0MTk0MjY4MSwiaWF0IjoxNzM5MzUwNjgxLCJqdGkiOiI2ZjU4NGNhYTUzMGE0NDA4YWMyZTA2ZjdhM2QzOWRjYSIsInVzZXJfaWQiOjF9.mH7pUS7T3NlBHmaOYJwlv4AIZiVrGiqxFJpo5u1vCpU	2025-02-12 16:58:01.348125+08	2025-03-14 16:58:01+08	1	6f584caa530a4408ac2e06f7a3d39dca
143	eyJhbGciOiJIUzI1NiIsInR5cCI6IkpXVCJ9.eyJ0b2tlbl90eXBlIjoicmVmcmVzaCIsImV4cCI6MTc0MTk0MTYxOSwiaWF0IjoxNzM5MzQ5NjE5LCJqdGkiOiI5M2M3NzU2NjRlMmY0Y2QxOGEzNTYyNjE1YWQ3YmE3ZCIsInVzZXJfaWQiOjF9.MpDIsb2z9fTlFzm25Nz_bhgZQtUyCUA2tGouCWXBvHw	\N	2025-03-14 16:40:19+08	\N	93c775664e2f4cd18a3562615ad7ba7d
144	eyJhbGciOiJIUzI1NiIsInR5cCI6IkpXVCJ9.eyJ0b2tlbl90eXBlIjoicmVmcmVzaCIsImV4cCI6MTc0MTk0MzM5NSwiaWF0IjoxNzM5MzUxMzk1LCJqdGkiOiI5NjQxMDFkZjg1NDc0NzMxOWY4ZTJhNjlkMWVhMTFhMiIsInVzZXJfaWQiOjF9.ps5bQgVXOzg6NEZf7B3a-ghNdRorvHkALXBcUmJal9A	\N	2025-03-14 17:09:55+08	\N	964101df854747319f8e2a69d1ea11a2
145	eyJhbGciOiJIUzI1NiIsInR5cCI6IkpXVCJ9.eyJ0b2tlbl90eXBlIjoicmVmcmVzaCIsImV4cCI6MTc0MTk0MzQ2MywiaWF0IjoxNzM5MzUxNDYzLCJqdGkiOiIyOGFhZDczYmZlMzE0NjY2ODI0ZWM0N2ZlZDVkZjg2NCIsInVzZXJfaWQiOjF9.nOsjVvJGZ3jU9M7DAihO9emNB1lDESQsJEkp43Wed7Y	\N	2025-03-14 17:11:03+08	\N	28aad73bfe314666824ec47fed5df864
146	eyJhbGciOiJIUzI1NiIsInR5cCI6IkpXVCJ9.eyJ0b2tlbl90eXBlIjoicmVmcmVzaCIsImV4cCI6MTc0MTk0NDMwMSwiaWF0IjoxNzM5MzUyMzAxLCJqdGkiOiI0ZjE0YjM1MGZkNDA0ZDdhOWNlMmQ5ZWZhMjI2NjAxNiIsInVzZXJfaWQiOjF9.kxmVvWFauDp8UQYDtad2L7bGJsz4kZ9mBIP3lcTdITs	\N	2025-03-14 17:25:01+08	\N	4f14b350fd404d7a9ce2d9efa2266016
147	eyJhbGciOiJIUzI1NiIsInR5cCI6IkpXVCJ9.eyJ0b2tlbl90eXBlIjoicmVmcmVzaCIsImV4cCI6MTc0MTk0NDMxMiwiaWF0IjoxNzM5MzUyMzEyLCJqdGkiOiI3OWNiNTU0YmRlMjY0YmZjOTBjMTIwODM5Zjk1ZDA2NyIsInVzZXJfaWQiOjF9.Gr1w2E1nm9Wm2lEiBPO_ng7fURgrfikySh5PKHdCGLA	\N	2025-03-14 17:25:12+08	\N	79cb554bde264bfc90c120839f95d067
148	eyJhbGciOiJIUzI1NiIsInR5cCI6IkpXVCJ9.eyJ0b2tlbl90eXBlIjoicmVmcmVzaCIsImV4cCI6MTc0MTk0NDMyOCwiaWF0IjoxNzM5MzUyMzI4LCJqdGkiOiIzNzU4ODQ3NTcwZTQ0MzEyODA1Y2M1OWI5N2ZiZDY1YiIsInVzZXJfaWQiOjF9.2GCt_pjQA3SkaOySR2r3q1z5CbDJ0_O13CnX_DVkqbA	\N	2025-03-14 17:25:28+08	\N	3758847570e44312805cc59b97fbd65b
149	eyJhbGciOiJIUzI1NiIsInR5cCI6IkpXVCJ9.eyJ0b2tlbl90eXBlIjoicmVmcmVzaCIsImV4cCI6MTc0MTk0NDM2NCwiaWF0IjoxNzM5MzUyMzY0LCJqdGkiOiJhZTQ5NzBmNWQxYTY0ODU4YjRiODU2NzllNjJjNDEyZCIsInVzZXJfaWQiOjF9.RUpvtvegY9iqjTZQBxwhsUxElIS_QmvP4iTzvRX6jys	\N	2025-03-14 17:26:04+08	\N	ae4970f5d1a64858b4b85679e62c412d
150	eyJhbGciOiJIUzI1NiIsInR5cCI6IkpXVCJ9.eyJ0b2tlbl90eXBlIjoicmVmcmVzaCIsImV4cCI6MTc0MTk0NDM4MiwiaWF0IjoxNzM5MzUyMzgyLCJqdGkiOiI1NWM4NThkYzE5YTA0ZDdjYWI5ODJiZTFmOGNjMGI1OCIsInVzZXJfaWQiOjF9.T5ytiiuUKh7p2emZpO78iYa52CBz7s_Z68WIfbr2oAA	\N	2025-03-14 17:26:22+08	\N	55c858dc19a04d7cab982be1f8cc0b58
151	eyJhbGciOiJIUzI1NiIsInR5cCI6IkpXVCJ9.eyJ0b2tlbl90eXBlIjoicmVmcmVzaCIsImV4cCI6MTc0MTk0NDM5NiwiaWF0IjoxNzM5MzUyMzk2LCJqdGkiOiI1YWYxYmQ3ZDE4MmQ0YzU3YWIzMGYxMmQ5ZTkzNDc4OSIsInVzZXJfaWQiOjF9.nK6vO8bf4Pl4gNw16jOabcwxwe5yJRO7gn0dH_6y-Rg	\N	2025-03-14 17:26:36+08	\N	5af1bd7d182d4c57ab30f12d9e934789
152	eyJhbGciOiJIUzI1NiIsInR5cCI6IkpXVCJ9.eyJ0b2tlbl90eXBlIjoicmVmcmVzaCIsImV4cCI6MTc0MTk0NDM5NywiaWF0IjoxNzM5MzUyMzk3LCJqdGkiOiJhYTBmYTIzZDI3Mjc0ZGFmYmM0NzlmZTMyYzE0ZWRlZCIsInVzZXJfaWQiOjF9.0hMoo3MF3f59tJYo3ALfWk6ns22FaLVWXqfoJe92kRQ	\N	2025-03-14 17:26:37+08	\N	aa0fa23d27274dafbc479fe32c14eded
153	eyJhbGciOiJIUzI1NiIsInR5cCI6IkpXVCJ9.eyJ0b2tlbl90eXBlIjoicmVmcmVzaCIsImV4cCI6MTc0MTk0NDQwOSwiaWF0IjoxNzM5MzUyNDA5LCJqdGkiOiIyYTg4ZDcyZTVlOWE0MzM2YjJiMGRjZThkYTZlNmJiZiIsInVzZXJfaWQiOjF9.VPQkkoAZQlI1b1Te2uXnLKc6Bpl3AZKXk9y5Xzrttm0	\N	2025-03-14 17:26:49+08	\N	2a88d72e5e9a4336b2b0dce8da6e6bbf
154	eyJhbGciOiJIUzI1NiIsInR5cCI6IkpXVCJ9.eyJ0b2tlbl90eXBlIjoicmVmcmVzaCIsImV4cCI6MTc0MTk0NDQyMiwiaWF0IjoxNzM5MzUyNDIyLCJqdGkiOiIxNjc1YTJkYThkYmU0ODM0OWFjNDNmZTFiY2E3MTA5NSIsInVzZXJfaWQiOjF9.gGmauxbwvmghkTZyj0zXd72-nMzG1VwRHwitOCmZvaQ	\N	2025-03-14 17:27:02+08	\N	1675a2da8dbe48349ac43fe1bca71095
155	eyJhbGciOiJIUzI1NiIsInR5cCI6IkpXVCJ9.eyJ0b2tlbl90eXBlIjoicmVmcmVzaCIsImV4cCI6MTc0MTk0NDQ1MiwiaWF0IjoxNzM5MzUyNDUyLCJqdGkiOiIxZGY5YzlkNGJlMTY0YTBlODU2MjBiYWFjZDQyZjk0NSIsInVzZXJfaWQiOjF9.3n1sm5bTjhwk8Sd1d5-R7ooXesmf7SnKLD9xGLT1zFI	\N	2025-03-14 17:27:32+08	\N	1df9c9d4be164a0e85620baacd42f945
156	eyJhbGciOiJIUzI1NiIsInR5cCI6IkpXVCJ9.eyJ0b2tlbl90eXBlIjoicmVmcmVzaCIsImV4cCI6MTc0MTk0NDQ3MywiaWF0IjoxNzM5MzUyNDczLCJqdGkiOiIyNWMzOWIzZmY5ODU0ZjAxOTIxMDZjOTkwNTI5MzliZCIsInVzZXJfaWQiOjF9.bnIh8SkaHja0gyT9LsnEPeNW2IKiAO_59Eb8phzT328	\N	2025-03-14 17:27:53+08	\N	25c39b3ff9854f0192106c99052939bd
157	eyJhbGciOiJIUzI1NiIsInR5cCI6IkpXVCJ9.eyJ0b2tlbl90eXBlIjoicmVmcmVzaCIsImV4cCI6MTc0MTk0NDQ4NywiaWF0IjoxNzM5MzUyNDg3LCJqdGkiOiIyMzAwZmFlZDdkOWU0YjBhYTc1ODYyZjk3Nzc3MTIwZiIsInVzZXJfaWQiOjF9.KaWALYh-vv3G1isoBSnvgwCXuYbzgPnssDzT09bip9Y	\N	2025-03-14 17:28:07+08	\N	2300faed7d9e4b0aa75862f97777120f
158	eyJhbGciOiJIUzI1NiIsInR5cCI6IkpXVCJ9.eyJ0b2tlbl90eXBlIjoicmVmcmVzaCIsImV4cCI6MTc0MTk0NDQ5NSwiaWF0IjoxNzM5MzUyNDk1LCJqdGkiOiJhZjI3NWE3NGFlNjE0N2UzYTkzMTNiOGQ1MDdjZjlmOCIsInVzZXJfaWQiOjF9.T8YA9c03qOGRaTcXgBFx78BRmmVx-Pic5ufPCyz4-5Q	\N	2025-03-14 17:28:15+08	\N	af275a74ae6147e3a9313b8d507cf9f8
159	eyJhbGciOiJIUzI1NiIsInR5cCI6IkpXVCJ9.eyJ0b2tlbl90eXBlIjoicmVmcmVzaCIsImV4cCI6MTc0MTk0NDUxNCwiaWF0IjoxNzM5MzUyNTE0LCJqdGkiOiI5MmRmNDEyN2NkZTk0MGU3YjExOTNkMzEyYjc3MmIxYyIsInVzZXJfaWQiOjF9.73qI9coVCLbS4OliQDb11AaMOwuLo8th82Z2X1Aeues	\N	2025-03-14 17:28:34+08	\N	92df4127cde940e7b1193d312b772b1c
160	eyJhbGciOiJIUzI1NiIsInR5cCI6IkpXVCJ9.eyJ0b2tlbl90eXBlIjoicmVmcmVzaCIsImV4cCI6MTc0MTk0NDUxOCwiaWF0IjoxNzM5MzUyNTE4LCJqdGkiOiJlY2Q4Y2Q2YzFmZDg0NWJkOTFlNDY1ZmYyMTNhNzc0ZSIsInVzZXJfaWQiOjF9.fyhXYeEJUonOEA3skT6i0NlNciPjZW4X45Y4xYayODI	\N	2025-03-14 17:28:38+08	\N	ecd8cd6c1fd845bd91e465ff213a774e
161	eyJhbGciOiJIUzI1NiIsInR5cCI6IkpXVCJ9.eyJ0b2tlbl90eXBlIjoicmVmcmVzaCIsImV4cCI6MTc0MTk0NDUyMywiaWF0IjoxNzM5MzUyNTIzLCJqdGkiOiJjN2ViYmQzODMzZDE0OWQwYWI0OTI0MTkwNTU3MGEyNyIsInVzZXJfaWQiOjF9.XDwJS1k_X4tWB9plBaeHeVFaHauJMgCKbCG-sMvln0M	\N	2025-03-14 17:28:43+08	\N	c7ebbd3833d149d0ab49241905570a27
162	eyJhbGciOiJIUzI1NiIsInR5cCI6IkpXVCJ9.eyJ0b2tlbl90eXBlIjoicmVmcmVzaCIsImV4cCI6MTc0MTk0NDUyNiwiaWF0IjoxNzM5MzUyNTI2LCJqdGkiOiIwZTRjOWE5OTNmZGE0ZWIxOTE3MjllMDk5ZjM5MzVmYSIsInVzZXJfaWQiOjF9.nb7jw6bVXbOGR-eA5kmxq0wUQw2PEi1NdfNqAmGhzTU	\N	2025-03-14 17:28:46+08	\N	0e4c9a993fda4eb191729e099f3935fa
163	eyJhbGciOiJIUzI1NiIsInR5cCI6IkpXVCJ9.eyJ0b2tlbl90eXBlIjoicmVmcmVzaCIsImV4cCI6MTc0MTk0NDUzOCwiaWF0IjoxNzM5MzUyNTM4LCJqdGkiOiJhNmU0YzZkODFjMDU0ODMwYTZmZWEzMDZhYWExYzk0YyIsInVzZXJfaWQiOjF9.2QAcCcPNR_uxhByoD0BAvThVt-8ZKn3t2rVE_tLRf4M	\N	2025-03-14 17:28:58+08	\N	a6e4c6d81c054830a6fea306aaa1c94c
164	eyJhbGciOiJIUzI1NiIsInR5cCI6IkpXVCJ9.eyJ0b2tlbl90eXBlIjoicmVmcmVzaCIsImV4cCI6MTc0MTk0NDU0OSwiaWF0IjoxNzM5MzUyNTQ5LCJqdGkiOiJiMmI4NzY4MGE5NTE0MjgzODI3YzQ2ZmFkMjQyZTEwYSIsInVzZXJfaWQiOjF9.WK2_-ln-FvbVU95Vd4x3MZqwi5QMBXdEfdkMyODqrNw	\N	2025-03-14 17:29:09+08	\N	b2b87680a9514283827c46fad242e10a
165	eyJhbGciOiJIUzI1NiIsInR5cCI6IkpXVCJ9.eyJ0b2tlbl90eXBlIjoicmVmcmVzaCIsImV4cCI6MTc0MTk0NDU1MiwiaWF0IjoxNzM5MzUyNTUyLCJqdGkiOiJmOTE3NDQ2NGIwMDA0ZjllODIxODAwZTI2MDQ3MmIxNyIsInVzZXJfaWQiOjF9.--2ftqHM3tX8V5uWEJVogSp2G3XiwnsbTzifnSIcEH8	\N	2025-03-14 17:29:12+08	\N	f9174464b0004f9e821800e260472b17
166	eyJhbGciOiJIUzI1NiIsInR5cCI6IkpXVCJ9.eyJ0b2tlbl90eXBlIjoicmVmcmVzaCIsImV4cCI6MTc0MTk0NDU2MCwiaWF0IjoxNzM5MzUyNTYwLCJqdGkiOiI1YTAzY2JlMGUyYTI0MmZjYjNkZmVlYWI3ODQ0YTNlMiIsInVzZXJfaWQiOjF9.iLzH3IN4G8rkV4_iof1fUCp8jdJ7WUp4bxxtOVLkdsM	\N	2025-03-14 17:29:20+08	\N	5a03cbe0e2a242fcb3dfeeab7844a3e2
167	eyJhbGciOiJIUzI1NiIsInR5cCI6IkpXVCJ9.eyJ0b2tlbl90eXBlIjoicmVmcmVzaCIsImV4cCI6MTc0MTk0NDU3NiwiaWF0IjoxNzM5MzUyNTc2LCJqdGkiOiJmMTgxZWI3ZmNjOTA0MDFmYmVjN2FhOTlhZTkwNmQ1NSIsInVzZXJfaWQiOjF9.4EUSlU7chBS2MxCffopc5OxNASPK7gmpOw1rRSxltMw	\N	2025-03-14 17:29:36+08	\N	f181eb7fcc90401fbec7aa99ae906d55
168	eyJhbGciOiJIUzI1NiIsInR5cCI6IkpXVCJ9.eyJ0b2tlbl90eXBlIjoicmVmcmVzaCIsImV4cCI6MTc0MTk0NDU3OSwiaWF0IjoxNzM5MzUyNTc5LCJqdGkiOiI1MjAyMDI1ZDIwYTY0YzFmYTU3NTgwYmUwOGQzNjIwNyIsInVzZXJfaWQiOjF9.atViQMJBEy8kzHS4zaFPhYaI0rCSFPvN25tCs7ZL0J4	\N	2025-03-14 17:29:39+08	\N	5202025d20a64c1fa57580be08d36207
169	eyJhbGciOiJIUzI1NiIsInR5cCI6IkpXVCJ9.eyJ0b2tlbl90eXBlIjoicmVmcmVzaCIsImV4cCI6MTc0MTk0NDYzNCwiaWF0IjoxNzM5MzUyNjM0LCJqdGkiOiI2YTNmMTlmZGQzYTg0NDI0ODU0MTIwOWEzOGNlNzQyYiIsInVzZXJfaWQiOjF9.eF3J1_CKAoK_sczzN9tyQ9mEqxGQipjI3i8V7TzT1Co	\N	2025-03-14 17:30:34+08	\N	6a3f19fdd3a844248541209a38ce742b
170	eyJhbGciOiJIUzI1NiIsInR5cCI6IkpXVCJ9.eyJ0b2tlbl90eXBlIjoicmVmcmVzaCIsImV4cCI6MTc0MTk0NDYzOSwiaWF0IjoxNzM5MzUyNjM5LCJqdGkiOiIxMDhlOGI1MzMzMWY0YTNmYWY1MTBhYWY3YWExODY2NyIsInVzZXJfaWQiOjF9.6TORu-XItUCsOFx80IvxunluFOAIGDclEaNnYJhf84o	\N	2025-03-14 17:30:39+08	\N	108e8b53331f4a3faf510aaf7aa18667
171	eyJhbGciOiJIUzI1NiIsInR5cCI6IkpXVCJ9.eyJ0b2tlbl90eXBlIjoicmVmcmVzaCIsImV4cCI6MTc0MTk0NDY1MSwiaWF0IjoxNzM5MzUyNjUxLCJqdGkiOiIyZjNiOGJhNjNkOGI0MzMwODQ0ZWJjYzJmOWZiYzFkZCIsInVzZXJfaWQiOjF9.FK4sgbOcGmM5yIHNQgsFZvv-63eJE2ulsWl9XZAKXyk	\N	2025-03-14 17:30:51+08	\N	2f3b8ba63d8b4330844ebcc2f9fbc1dd
172	eyJhbGciOiJIUzI1NiIsInR5cCI6IkpXVCJ9.eyJ0b2tlbl90eXBlIjoicmVmcmVzaCIsImV4cCI6MTc0MTk0NDY2MywiaWF0IjoxNzM5MzUyNjYzLCJqdGkiOiI4YTAxNjE2NmVlZTQ0ZjhmOTZjOTExYmQwZjMxYzI5NCIsInVzZXJfaWQiOjF9.yMYEa0waFoPH3-2YkFKm--ejvkw9-OOtxrV3vGe7kRM	\N	2025-03-14 17:31:03+08	\N	8a016166eee44f8f96c911bd0f31c294
173	eyJhbGciOiJIUzI1NiIsInR5cCI6IkpXVCJ9.eyJ0b2tlbl90eXBlIjoicmVmcmVzaCIsImV4cCI6MTc0MTk0NDY2NywiaWF0IjoxNzM5MzUyNjY3LCJqdGkiOiJjODRkMjUzNzkwNjE0YmQ5YWFhM2QzNTZkMzE1NzYxZSIsInVzZXJfaWQiOjF9.SSu_GjhZ7HPPoUlPyG9G4pqUxULjNgt_kGqnYCEr49s	\N	2025-03-14 17:31:07+08	\N	c84d253790614bd9aaa3d356d315761e
174	eyJhbGciOiJIUzI1NiIsInR5cCI6IkpXVCJ9.eyJ0b2tlbl90eXBlIjoicmVmcmVzaCIsImV4cCI6MTc0MTk0NDY5MywiaWF0IjoxNzM5MzUyNjkzLCJqdGkiOiIyNmFiY2IwODgwOWM0ZWEwYmM2MTFmOTNiOGY5N2JiZCIsInVzZXJfaWQiOjF9.Ht9hnggYdP-EcBGtSQyvyUHNwrbKcF-GW6RfUKvLbQ8	\N	2025-03-14 17:31:33+08	\N	26abcb08809c4ea0bc611f93b8f97bbd
175	eyJhbGciOiJIUzI1NiIsInR5cCI6IkpXVCJ9.eyJ0b2tlbl90eXBlIjoicmVmcmVzaCIsImV4cCI6MTc0MTk0NDcxMSwiaWF0IjoxNzM5MzUyNzExLCJqdGkiOiIzYTAwMmZlZTEyY2Q0ODc1YjI3YjQ1NmYwNjNmOWZkYyIsInVzZXJfaWQiOjF9.jCrpSGlDRRzlmw86vEUd7Oq7GXBFzfoaOTYKX63GZfs	\N	2025-03-14 17:31:51+08	\N	3a002fee12cd4875b27b456f063f9fdc
176	eyJhbGciOiJIUzI1NiIsInR5cCI6IkpXVCJ9.eyJ0b2tlbl90eXBlIjoicmVmcmVzaCIsImV4cCI6MTc0MTk0NDcyOCwiaWF0IjoxNzM5MzUyNzI4LCJqdGkiOiI4ZDdiZDk5MWQwMDU0ODI0OTFhNzI1Yzc4YmNhODVkOSIsInVzZXJfaWQiOjF9.v4MjRWnIRCbdSjZyhdjX11MDYecPU46Bx8dJqCrOH2U	\N	2025-03-14 17:32:08+08	\N	8d7bd991d005482491a725c78bca85d9
177	eyJhbGciOiJIUzI1NiIsInR5cCI6IkpXVCJ9.eyJ0b2tlbl90eXBlIjoicmVmcmVzaCIsImV4cCI6MTc0MTk0NDkwMCwiaWF0IjoxNzM5MzUyOTAwLCJqdGkiOiIwOGMxNGZhZjJiMjk0ZDI0OTBkMTJkNzdmNGIzNDRlYyIsInVzZXJfaWQiOjF9.HuW41JRv-_gNYGdwJMsjUyRfIZbH5xmy_nnRJojxICc	\N	2025-03-14 17:35:00+08	\N	08c14faf2b294d2490d12d77f4b344ec
178	eyJhbGciOiJIUzI1NiIsInR5cCI6IkpXVCJ9.eyJ0b2tlbl90eXBlIjoicmVmcmVzaCIsImV4cCI6MTc0MTk0NDk0MiwiaWF0IjoxNzM5MzUyOTQyLCJqdGkiOiJlZWE4NGIwNDViYjE0MGMwOGNlYTg0YzQ3MDcwMjllOCIsInVzZXJfaWQiOjF9.3GwHjrTpDHrhcZ8iWOVvBE5Zfh5Vh4B8ai2Rx5efMyY	\N	2025-03-14 17:35:42+08	\N	eea84b045bb140c08cea84c4707029e8
179	eyJhbGciOiJIUzI1NiIsInR5cCI6IkpXVCJ9.eyJ0b2tlbl90eXBlIjoicmVmcmVzaCIsImV4cCI6MTc0MTk0NDk1MCwiaWF0IjoxNzM5MzUyOTUwLCJqdGkiOiJlMjIzOGUzZmQyMWI0MzVlODUyZDcyYjUyOGY1YWU5OCIsInVzZXJfaWQiOjF9.okoS93NT6Kw2gCsnkoIXj4pejklXRcN6EINLsgbpNRU	\N	2025-03-14 17:35:50+08	\N	e2238e3fd21b435e852d72b528f5ae98
180	eyJhbGciOiJIUzI1NiIsInR5cCI6IkpXVCJ9.eyJ0b2tlbl90eXBlIjoicmVmcmVzaCIsImV4cCI6MTc0MTk0NDk1MywiaWF0IjoxNzM5MzUyOTUzLCJqdGkiOiI0ZmYyNTkzMmU5NWI0NTVjYjdhODQ2YWQzOTAwMjQ4MyIsInVzZXJfaWQiOjF9.gJ-_KFVhX_nr0wuuihRHydxO_NNlwv2pJ2nTxhIFsCc	\N	2025-03-14 17:35:53+08	\N	4ff25932e95b455cb7a846ad39002483
181	eyJhbGciOiJIUzI1NiIsInR5cCI6IkpXVCJ9.eyJ0b2tlbl90eXBlIjoicmVmcmVzaCIsImV4cCI6MTc0MTk0NDk3MywiaWF0IjoxNzM5MzUyOTczLCJqdGkiOiIzY2Q4ZmJlMDM4Y2Q0YmMyOTc2OTE0NmY2ZGFkNWZmNyIsInVzZXJfaWQiOjF9.p3muivR6uSG1u95yFu_ycF5TnH6gJCbmT8RL6d2M9EQ	\N	2025-03-14 17:36:13+08	\N	3cd8fbe038cd4bc29769146f6dad5ff7
182	eyJhbGciOiJIUzI1NiIsInR5cCI6IkpXVCJ9.eyJ0b2tlbl90eXBlIjoicmVmcmVzaCIsImV4cCI6MTc0MTk0NTAzNywiaWF0IjoxNzM5MzUzMDM3LCJqdGkiOiJkNzE3NTY3NmI1YWQ0OTMyYmJjNjA0YmVjM2RkMTg1OCIsInVzZXJfaWQiOjF9.aVbfA_5zu7fLMAsUw-ws0RI01yUxBy2JB6AwQWCbg3g	\N	2025-03-14 17:37:17+08	\N	d7175676b5ad4932bbc604bec3dd1858
183	eyJhbGciOiJIUzI1NiIsInR5cCI6IkpXVCJ9.eyJ0b2tlbl90eXBlIjoicmVmcmVzaCIsImV4cCI6MTc0MTk0NTA3OCwiaWF0IjoxNzM5MzUzMDc4LCJqdGkiOiIxMDkwYzYxM2NkMzU0ZTVmODJhYzk4MTA2YmE0Zjk0OCIsInVzZXJfaWQiOjF9.Ef5sNDJRVtW00oYEueAuUNGNGYcTJ9O8xZwbIKwKsIU	\N	2025-03-14 17:37:58+08	\N	1090c613cd354e5f82ac98106ba4f948
184	eyJhbGciOiJIUzI1NiIsInR5cCI6IkpXVCJ9.eyJ0b2tlbl90eXBlIjoicmVmcmVzaCIsImV4cCI6MTc0MTk0NTA5MCwiaWF0IjoxNzM5MzUzMDkwLCJqdGkiOiJmZTIyOWU1NGIzNWU0MGRjODY3NTQzNmQ4ZTBjMjQyNiIsInVzZXJfaWQiOjF9.wmrFsQ8LQBf9BL0161Dyaiw9yxgIMNeEhH9seLpFxnQ	\N	2025-03-14 17:38:10+08	\N	fe229e54b35e40dc8675436d8e0c2426
185	eyJhbGciOiJIUzI1NiIsInR5cCI6IkpXVCJ9.eyJ0b2tlbl90eXBlIjoicmVmcmVzaCIsImV4cCI6MTc0MTk0NTEwOCwiaWF0IjoxNzM5MzUzMTA4LCJqdGkiOiI1NjE0YTJjNWI1ODU0OTViYWI2NDIzMzc4ZmVkN2E3YyIsInVzZXJfaWQiOjF9.3iDoqJ32wDtqM7TxYgpUulYEEzozxE_yXtfioKb7vfs	\N	2025-03-14 17:38:28+08	\N	5614a2c5b585495bab6423378fed7a7c
186	eyJhbGciOiJIUzI1NiIsInR5cCI6IkpXVCJ9.eyJ0b2tlbl90eXBlIjoicmVmcmVzaCIsImV4cCI6MTc0MTk0NTEyMCwiaWF0IjoxNzM5MzUzMTIwLCJqdGkiOiJjNThkYTRkMGQ1NTk0M2RmOTZkMjI3NWFkMDljZDRmMiIsInVzZXJfaWQiOjF9.sK4Rw2-ntdmo1FVEfjmgWrhZGeUNhc4f_mUFpTPUDU8	\N	2025-03-14 17:38:40+08	\N	c58da4d0d55943df96d2275ad09cd4f2
187	eyJhbGciOiJIUzI1NiIsInR5cCI6IkpXVCJ9.eyJ0b2tlbl90eXBlIjoicmVmcmVzaCIsImV4cCI6MTc0MTk0NTE0MCwiaWF0IjoxNzM5MzUzMTQwLCJqdGkiOiJiNjhkZThlOWZjYjc0ZjA1YjdmODQwMmZmYTM3YWI0NSIsInVzZXJfaWQiOjF9.bXYePv_TZsdZcVT_541Vvvt3uvOrvdOt8ruRYFFxmQQ	\N	2025-03-14 17:39:00+08	\N	b68de8e9fcb74f05b7f8402ffa37ab45
188	eyJhbGciOiJIUzI1NiIsInR5cCI6IkpXVCJ9.eyJ0b2tlbl90eXBlIjoicmVmcmVzaCIsImV4cCI6MTc0MTk0NTE0OCwiaWF0IjoxNzM5MzUzMTQ4LCJqdGkiOiIzYmU5N2Q2NjAwNTU0NDZlODhlNWQyYzBmYWNhNTJlOSIsInVzZXJfaWQiOjF9.ys9sOB2Ah80JSRuOeA8g8kwmAc1BYOEUAES8yt0r3LE	\N	2025-03-14 17:39:08+08	\N	3be97d660055446e88e5d2c0faca52e9
189	eyJhbGciOiJIUzI1NiIsInR5cCI6IkpXVCJ9.eyJ0b2tlbl90eXBlIjoicmVmcmVzaCIsImV4cCI6MTc0MTk0NTE4NywiaWF0IjoxNzM5MzUzMTg3LCJqdGkiOiJmZTM2NmExYjQ4M2Q0N2ZjYWNiMDM2ZmUzOWM5ZGQ5MSIsInVzZXJfaWQiOjF9.ZJvxtCesZ_RsfEAQsiKGuUjTguWjdeVEX__US8_Jxik	\N	2025-03-14 17:39:47+08	\N	fe366a1b483d47fcacb036fe39c9dd91
190	eyJhbGciOiJIUzI1NiIsInR5cCI6IkpXVCJ9.eyJ0b2tlbl90eXBlIjoicmVmcmVzaCIsImV4cCI6MTc0MTk0NTIwNiwiaWF0IjoxNzM5MzUzMjA2LCJqdGkiOiI2Y2I3ZWE1Yzc1MjM0Yjk3OTI0ZjIxMzhlMjg5Y2IzOSIsInVzZXJfaWQiOjF9.I7y07cH6L32DqvvgQAJBG9nEJUp7beGMSQExonitzgo	\N	2025-03-14 17:40:06+08	\N	6cb7ea5c75234b97924f2138e289cb39
191	eyJhbGciOiJIUzI1NiIsInR5cCI6IkpXVCJ9.eyJ0b2tlbl90eXBlIjoicmVmcmVzaCIsImV4cCI6MTc0MTk0NTIxOCwiaWF0IjoxNzM5MzUzMjE4LCJqdGkiOiIwZWE3ZWM3NGU5NDU0ZWVkYTRkNjk1YjI2NTk4NGJmMiIsInVzZXJfaWQiOjF9.iBrVJoiNKhxU45Bi-Wf6E7f71u07WY9R81OYY_U54tE	\N	2025-03-14 17:40:18+08	\N	0ea7ec74e9454eeda4d695b265984bf2
192	eyJhbGciOiJIUzI1NiIsInR5cCI6IkpXVCJ9.eyJ0b2tlbl90eXBlIjoicmVmcmVzaCIsImV4cCI6MTc0MTk0NTI2NywiaWF0IjoxNzM5MzUzMjY3LCJqdGkiOiI3NmMxY2YzYmI3NmI0YjdmOThlNWE5MWZiNWRjYzhhYyIsInVzZXJfaWQiOjF9.w6llpuOcEKQAMOAkP1XTDSJWXemCcaUKjDkaBUGWr9Q	\N	2025-03-14 17:41:07+08	\N	76c1cf3bb76b4b7f98e5a91fb5dcc8ac
193	eyJhbGciOiJIUzI1NiIsInR5cCI6IkpXVCJ9.eyJ0b2tlbl90eXBlIjoicmVmcmVzaCIsImV4cCI6MTc0MTk0NTI5MCwiaWF0IjoxNzM5MzUzMjkwLCJqdGkiOiI3YTQ2YmQwZTJmNmU0MWJkYTE1OGUwZDFhMDBkNzVlMSIsInVzZXJfaWQiOjF9.Zxti2Re4mzuaw-ZT5nzW7E0-yg-kOaJq6GUdXEyNrH4	\N	2025-03-14 17:41:30+08	\N	7a46bd0e2f6e41bda158e0d1a00d75e1
194	eyJhbGciOiJIUzI1NiIsInR5cCI6IkpXVCJ9.eyJ0b2tlbl90eXBlIjoicmVmcmVzaCIsImV4cCI6MTc0MTk0NTI5NCwiaWF0IjoxNzM5MzUzMjk0LCJqdGkiOiJlMDEyMDk2NjJjNGU0NDMxYTdlMzNjNGFlNWQ3MmIyNCIsInVzZXJfaWQiOjF9.HKGh10TOaP41TzCOlXPzxVJ7kuDSFYI05fMml4Wqmlg	\N	2025-03-14 17:41:34+08	\N	e01209662c4e4431a7e33c4ae5d72b24
195	eyJhbGciOiJIUzI1NiIsInR5cCI6IkpXVCJ9.eyJ0b2tlbl90eXBlIjoicmVmcmVzaCIsImV4cCI6MTc0MTk0NTM0OCwiaWF0IjoxNzM5MzUzMzQ4LCJqdGkiOiI3OTYxMzJhZDUxYzg0MWI2OGZhNWE3MWIwOTVjNTJiNiIsInVzZXJfaWQiOjF9.yEzr9dVPgQPvnhU1Ek7a9jYPB_XLryQnWbWRMiBAJJA	\N	2025-03-14 17:42:28+08	\N	796132ad51c841b68fa5a71b095c52b6
196	eyJhbGciOiJIUzI1NiIsInR5cCI6IkpXVCJ9.eyJ0b2tlbl90eXBlIjoicmVmcmVzaCIsImV4cCI6MTc0MTk0NTM1MiwiaWF0IjoxNzM5MzUzMzUyLCJqdGkiOiIxNTA3NmVjNjljM2E0YTVjODc5N2E5MzEzMzliYjgzYyIsInVzZXJfaWQiOjF9.5wLYT-UXOkU5w20-Gxm_qcZsVEtQC4Vw0GNAAmznSLE	\N	2025-03-14 17:42:32+08	\N	15076ec69c3a4a5c8797a931339bb83c
197	eyJhbGciOiJIUzI1NiIsInR5cCI6IkpXVCJ9.eyJ0b2tlbl90eXBlIjoicmVmcmVzaCIsImV4cCI6MTc0MTk0NTM1NiwiaWF0IjoxNzM5MzUzMzU2LCJqdGkiOiJiYzBlYTE2MTA2Zjg0Y2YzOTkzNDc5MDJiNjcwZTlkYSIsInVzZXJfaWQiOjF9.TQf_dYhhK5LxL6SMwaXnEzY-D1PFCraW689i0wdcnxM	\N	2025-03-14 17:42:36+08	\N	bc0ea16106f84cf399347902b670e9da
198	eyJhbGciOiJIUzI1NiIsInR5cCI6IkpXVCJ9.eyJ0b2tlbl90eXBlIjoicmVmcmVzaCIsImV4cCI6MTc0MTk0NTM2NSwiaWF0IjoxNzM5MzUzMzY1LCJqdGkiOiJkMWNlM2ZkMTAzOGY0N2Q3OTE5MTk1YWM0MmE5MjYxMCIsInVzZXJfaWQiOjF9.43iLkAOhHksoXbVWUBRLq-mfYYGvm6m4RliAuHvc0lY	\N	2025-03-14 17:42:45+08	\N	d1ce3fd1038f47d7919195ac42a92610
199	eyJhbGciOiJIUzI1NiIsInR5cCI6IkpXVCJ9.eyJ0b2tlbl90eXBlIjoicmVmcmVzaCIsImV4cCI6MTc0MTk0NTM5MSwiaWF0IjoxNzM5MzUzMzkxLCJqdGkiOiI0ZWI5MWEyZjQ4YjE0NDA5YTMwZGQwNjU3Nzg1ODBkMyIsInVzZXJfaWQiOjF9.LykTe9cGO3MIyEdVMonodB7qWQeIOh5Xghhpf199QsY	\N	2025-03-14 17:43:11+08	\N	4eb91a2f48b14409a30dd065778580d3
200	eyJhbGciOiJIUzI1NiIsInR5cCI6IkpXVCJ9.eyJ0b2tlbl90eXBlIjoicmVmcmVzaCIsImV4cCI6MTc0MTk0NTQyOCwiaWF0IjoxNzM5MzUzNDI4LCJqdGkiOiI4Y2U0OTFmNjVjYmI0MTc3YmY1NTEyNzU0YzYxNTRkOSIsInVzZXJfaWQiOjF9.rLMCvQZwgdTftaaSGAAfkHwFnbUnlyhgJ_a4oji3sEM	\N	2025-03-14 17:43:48+08	\N	8ce491f65cbb4177bf5512754c6154d9
201	eyJhbGciOiJIUzI1NiIsInR5cCI6IkpXVCJ9.eyJ0b2tlbl90eXBlIjoicmVmcmVzaCIsImV4cCI6MTc0MTk0NTQzOCwiaWF0IjoxNzM5MzUzNDM4LCJqdGkiOiI2MmJkNmFiMGE3MTU0YTBkOTU2MmY0N2Y0M2VlNzNkZSIsInVzZXJfaWQiOjF9.QVytnxu_MKsw2eKLKnx_Rq_ciLWOxtiwvnR6Ex7xM0A	\N	2025-03-14 17:43:58+08	\N	62bd6ab0a7154a0d9562f47f43ee73de
202	eyJhbGciOiJIUzI1NiIsInR5cCI6IkpXVCJ9.eyJ0b2tlbl90eXBlIjoicmVmcmVzaCIsImV4cCI6MTc0MTk0NTQ4MCwiaWF0IjoxNzM5MzUzNDgwLCJqdGkiOiIzNmIyMzI3YWQ3NmI0MmE5YmVkMDlkZjI3ZjA1MTZiMyIsInVzZXJfaWQiOjF9.dchKiQT3FA_hVqAdGlFRXv4Mlly9SgBcsFwBTNaqCdc	\N	2025-03-14 17:44:40+08	\N	36b2327ad76b42a9bed09df27f0516b3
203	eyJhbGciOiJIUzI1NiIsInR5cCI6IkpXVCJ9.eyJ0b2tlbl90eXBlIjoicmVmcmVzaCIsImV4cCI6MTc0MTk0NTUzNCwiaWF0IjoxNzM5MzUzNTM0LCJqdGkiOiIwZmJhMmRlMDZkMmM0ZWQ5OGU5YzRiZmZhMmQ0M2U4NiIsInVzZXJfaWQiOjF9.UxoI1IqKsEYfxzV3lVXz6uwVH5El10poToQFZPhDp1I	\N	2025-03-14 17:45:34+08	\N	0fba2de06d2c4ed98e9c4bffa2d43e86
204	eyJhbGciOiJIUzI1NiIsInR5cCI6IkpXVCJ9.eyJ0b2tlbl90eXBlIjoicmVmcmVzaCIsImV4cCI6MTc0MTk0NTU0NSwiaWF0IjoxNzM5MzUzNTQ1LCJqdGkiOiJjOTZkZTA3YzQzM2Q0YmViYWVmMWM0M2I4ZjVlMzg2YiIsInVzZXJfaWQiOjF9.0wD-_W5vlA3d4i7T3FdvZ5TsQ3SFvujBlF3nFxqc7_o	\N	2025-03-14 17:45:45+08	\N	c96de07c433d4bebaef1c43b8f5e386b
205	eyJhbGciOiJIUzI1NiIsInR5cCI6IkpXVCJ9.eyJ0b2tlbl90eXBlIjoicmVmcmVzaCIsImV4cCI6MTc0MTk0NTU1MSwiaWF0IjoxNzM5MzUzNTUxLCJqdGkiOiIyMTRmZTVmMGUwZDU0Njk3YjM3OTczNDVlYjkyNDBhOSIsInVzZXJfaWQiOjF9.T2WT0avvOnmgS5ybUSKSmZvX4VBnwDPt-dEhSqR1ltU	\N	2025-03-14 17:45:51+08	\N	214fe5f0e0d54697b3797345eb9240a9
206	eyJhbGciOiJIUzI1NiIsInR5cCI6IkpXVCJ9.eyJ0b2tlbl90eXBlIjoicmVmcmVzaCIsImV4cCI6MTc0MTk0NTU5OSwiaWF0IjoxNzM5MzUzNTk5LCJqdGkiOiJkYWU1MmFkNDEyZWU0YTlmOWYzOGEyMWEwY2U5YjkxZSIsInVzZXJfaWQiOjF9.u70gnxdrvb9zChKTIrHqE-Xx5UsI97m4LgC42BwqYU4	\N	2025-03-14 17:46:39+08	\N	dae52ad412ee4a9f9f38a21a0ce9b91e
207	eyJhbGciOiJIUzI1NiIsInR5cCI6IkpXVCJ9.eyJ0b2tlbl90eXBlIjoicmVmcmVzaCIsImV4cCI6MTc0MTk0NjE5OSwiaWF0IjoxNzM5MzU0MTk5LCJqdGkiOiJhMGRiMDQ1OTI2OTE0MzFkODc3NWYwYmVkZmYzZDg4YyIsInVzZXJfaWQiOjF9.2SajwL8V5DSRt-xEZiLTW8LW68pDK2VEgYs8r3rc7AM	\N	2025-03-14 17:56:39+08	\N	a0db04592691431d8775f0bedff3d88c
208	eyJhbGciOiJIUzI1NiIsInR5cCI6IkpXVCJ9.eyJ0b2tlbl90eXBlIjoicmVmcmVzaCIsImV4cCI6MTc0MTk0NjI0OSwiaWF0IjoxNzM5MzU0MjQ5LCJqdGkiOiJmZDliZmYwYmU5Y2M0MDc0YTg3NDMwNWU2YTExNTM3MiIsInVzZXJfaWQiOjF9.5b3mXUWMf-WVdgD8P_R-yZV722hZmLVyLud4U-JN9j8	\N	2025-03-14 17:57:29+08	\N	fd9bff0be9cc4074a874305e6a115372
209	eyJhbGciOiJIUzI1NiIsInR5cCI6IkpXVCJ9.eyJ0b2tlbl90eXBlIjoicmVmcmVzaCIsImV4cCI6MTc0MTk0NjI2MiwiaWF0IjoxNzM5MzU0MjYyLCJqdGkiOiJmMGJiZDE0ZWMyMjI0NDE1YjQwMGQ0ZTJiOTY5NzEwMSIsInVzZXJfaWQiOjF9.Zzz6rPqUl_6Jo8snb4n2u_hvaQ278qj1ngezAHSKtkU	\N	2025-03-14 17:57:42+08	\N	f0bbd14ec2224415b400d4e2b9697101
210	eyJhbGciOiJIUzI1NiIsInR5cCI6IkpXVCJ9.eyJ0b2tlbl90eXBlIjoicmVmcmVzaCIsImV4cCI6MTc0MTk0NjI5NCwiaWF0IjoxNzM5MzU0Mjk0LCJqdGkiOiI2NmJiZDNlMzc4NGM0YjcwOGZmMTU5YzAyOGM5OGIzNyIsInVzZXJfaWQiOjF9.EOSN2r2yeYZAnkaTd6iET_ZzRfU66Nm0Ij0E-QBZuS4	\N	2025-03-14 17:58:14+08	\N	66bbd3e3784c4b708ff159c028c98b37
211	eyJhbGciOiJIUzI1NiIsInR5cCI6IkpXVCJ9.eyJ0b2tlbl90eXBlIjoicmVmcmVzaCIsImV4cCI6MTc0MTk0NjMyNywiaWF0IjoxNzM5MzU0MzI3LCJqdGkiOiI1YWNjODI2YWY3Yzg0OGU1OGYxZTg3Yjg2ZDMwYmQ0YiIsInVzZXJfaWQiOjF9.lUa2V-U2zIwmtIYtfRIxU8yd2MMulaftFTeD8zmwFAI	\N	2025-03-14 17:58:47+08	\N	5acc826af7c848e58f1e87b86d30bd4b
212	eyJhbGciOiJIUzI1NiIsInR5cCI6IkpXVCJ9.eyJ0b2tlbl90eXBlIjoicmVmcmVzaCIsImV4cCI6MTc0MTk0NjM3NSwiaWF0IjoxNzM5MzU0Mzc1LCJqdGkiOiI0NzI1NDI0MjQ5YWE0Mjg2YTIyODVlYWI4ZTcyYmNkZSIsInVzZXJfaWQiOjF9.MmgLZ8TuCugGfCbW7jRVkJQq9UisTtuObs7g4be8FKM	\N	2025-03-14 17:59:35+08	\N	4725424249aa4286a2285eab8e72bcde
213	eyJhbGciOiJIUzI1NiIsInR5cCI6IkpXVCJ9.eyJ0b2tlbl90eXBlIjoicmVmcmVzaCIsImV4cCI6MTc0MTk0NjQwMywiaWF0IjoxNzM5MzU0NDAzLCJqdGkiOiIwYzg5ZDZiNjZiZjc0Mjc5OTQ5ZTFmMjI0NDk0NDgxMCIsInVzZXJfaWQiOjF9.jsr5r6g_2-7bmLC0pAAdz0OdJibe9qdrV6h2Wg1MYNY	\N	2025-03-14 18:00:03+08	\N	0c89d6b66bf74279949e1f2244944810
214	eyJhbGciOiJIUzI1NiIsInR5cCI6IkpXVCJ9.eyJ0b2tlbl90eXBlIjoicmVmcmVzaCIsImV4cCI6MTc0MTk0NjQ2NSwiaWF0IjoxNzM5MzU0NDY1LCJqdGkiOiI5ZGYxNWI4YWEwMTU0Zjk2ODI2MDJlMjA4MTBjNDQ4OCIsInVzZXJfaWQiOjF9.zfPoALhOlTmGW1T7uJpWbrSwjBhmKGigbcRWUowbHH0	\N	2025-03-14 18:01:05+08	\N	9df15b8aa0154f9682602e20810c4488
215	eyJhbGciOiJIUzI1NiIsInR5cCI6IkpXVCJ9.eyJ0b2tlbl90eXBlIjoicmVmcmVzaCIsImV4cCI6MTc0MTk0NjQ4NCwiaWF0IjoxNzM5MzU0NDg0LCJqdGkiOiI3MmI2ZmNiZWU0NDg0YjE4OGM0YTlhOTg0ZTIzOTA2YyIsInVzZXJfaWQiOjF9.5FPUg5oMeeDx5jtkEWAgnMgAK1uG2LHr39KPWIct2WY	\N	2025-03-14 18:01:24+08	\N	72b6fcbee4484b188c4a9a984e23906c
216	eyJhbGciOiJIUzI1NiIsInR5cCI6IkpXVCJ9.eyJ0b2tlbl90eXBlIjoicmVmcmVzaCIsImV4cCI6MTc0MTk0NjU0MywiaWF0IjoxNzM5MzU0NTQzLCJqdGkiOiI2MTI3Yjc3ZWVkZTk0YjUwOGVkODk2NGE3OTc0YTgzNSIsInVzZXJfaWQiOjF9.z5agqQlAaL4oJ68QsFUQ75omzFL5kWOOLxO1pN20_4w	\N	2025-03-14 18:02:23+08	\N	6127b77eede94b508ed8964a7974a835
217	eyJhbGciOiJIUzI1NiIsInR5cCI6IkpXVCJ9.eyJ0b2tlbl90eXBlIjoicmVmcmVzaCIsImV4cCI6MTc0MTk0NjU2MCwiaWF0IjoxNzM5MzU0NTYwLCJqdGkiOiJiMTViNTM2Nzg2YTU0MzAwYjZhMGZkOGRjNTdjNTNlMCIsInVzZXJfaWQiOjF9.eAB7Fq_w3qX1oU-8SKe7KOtRxV8QlTrX2y_kvMBKCMk	\N	2025-03-14 18:02:40+08	\N	b15b536786a54300b6a0fd8dc57c53e0
218	eyJhbGciOiJIUzI1NiIsInR5cCI6IkpXVCJ9.eyJ0b2tlbl90eXBlIjoicmVmcmVzaCIsImV4cCI6MTc0MTk0NjU2OCwiaWF0IjoxNzM5MzU0NTY4LCJqdGkiOiI5NDk4MTZlOWUyYmM0ZmIzOWM0ZDgxOTlhZWQzNzZhMCIsInVzZXJfaWQiOjF9.XLMFxQJZeOIFq-EKYh4e97194ywHGecq3XhPw7TZTjU	\N	2025-03-14 18:02:48+08	\N	949816e9e2bc4fb39c4d8199aed376a0
219	eyJhbGciOiJIUzI1NiIsInR5cCI6IkpXVCJ9.eyJ0b2tlbl90eXBlIjoicmVmcmVzaCIsImV4cCI6MTc0MTk0NjYwMSwiaWF0IjoxNzM5MzU0NjAxLCJqdGkiOiJjMjUzOTg3Y2ViNjY0ZTE5Yjc3NmZiNGFlZmZkZTY5YyIsInVzZXJfaWQiOjF9.9RFIdfmLYNsL7pYXnF-va9Xpg9LCPVAfmKQqYUP0gI0	\N	2025-03-14 18:03:21+08	\N	c253987ceb664e19b776fb4aeffde69c
220	eyJhbGciOiJIUzI1NiIsInR5cCI6IkpXVCJ9.eyJ0b2tlbl90eXBlIjoicmVmcmVzaCIsImV4cCI6MTc0MTk0NjY0OCwiaWF0IjoxNzM5MzU0NjQ4LCJqdGkiOiJiMjViZTliMWRmNTQ0NTVkOTdjYjM3NDExMjFhZDA1YyIsInVzZXJfaWQiOjF9.c2Gd-9NTNQToAXBze-70oru3ctusDjBLoAGuNM7QasU	\N	2025-03-14 18:04:08+08	\N	b25be9b1df54455d97cb3741121ad05c
221	eyJhbGciOiJIUzI1NiIsInR5cCI6IkpXVCJ9.eyJ0b2tlbl90eXBlIjoicmVmcmVzaCIsImV4cCI6MTc0MTk0NjY1NSwiaWF0IjoxNzM5MzU0NjU1LCJqdGkiOiI0Nzg3MzliZWNmMjc0MjFhYTcyZjIxMDQ1ZDNlOTEwNSIsInVzZXJfaWQiOjF9._Grq70jumRkHFo-q5XH9mg-uDzuKyAfZhytyRWOdI4M	\N	2025-03-14 18:04:15+08	\N	478739becf27421aa72f21045d3e9105
222	eyJhbGciOiJIUzI1NiIsInR5cCI6IkpXVCJ9.eyJ0b2tlbl90eXBlIjoicmVmcmVzaCIsImV4cCI6MTc0MTk0Njc0NywiaWF0IjoxNzM5MzU0NzQ3LCJqdGkiOiJmYjZmMjY3MGQxMGQ0ODA0OTU2YmVmMzZiMzc2NWZlZCIsInVzZXJfaWQiOjF9.q4r_klZlrozCSk0J0_xYuR1W4f4AbwbnYedYDiEoDmk	\N	2025-03-14 18:05:47+08	\N	fb6f2670d10d4804956bef36b3765fed
223	eyJhbGciOiJIUzI1NiIsInR5cCI6IkpXVCJ9.eyJ0b2tlbl90eXBlIjoicmVmcmVzaCIsImV4cCI6MTc0MTk0Njc3OSwiaWF0IjoxNzM5MzU0Nzc5LCJqdGkiOiJhZDNiNDVmMTM5ZWY0ZjJmODBkNDcwMmViNGVjNzFmNCIsInVzZXJfaWQiOjF9.fLG312OsgnOPzhbkM3t2SkPffj91LE3gHYBEjb6OWqA	\N	2025-03-14 18:06:19+08	\N	ad3b45f139ef4f2f80d4702eb4ec71f4
224	eyJhbGciOiJIUzI1NiIsInR5cCI6IkpXVCJ9.eyJ0b2tlbl90eXBlIjoicmVmcmVzaCIsImV4cCI6MTc0MTk0Njc4NSwiaWF0IjoxNzM5MzU0Nzg1LCJqdGkiOiIwMGM3NGZiMmFjYWM0ZDQxOTZlYjZhZmI3ZWQzODg0YSIsInVzZXJfaWQiOjF9.8cSD4O-6dM_xFy-Aivp-SIvGjYiHwYflbpW9CBvgPLo	\N	2025-03-14 18:06:25+08	\N	00c74fb2acac4d4196eb6afb7ed3884a
225	eyJhbGciOiJIUzI1NiIsInR5cCI6IkpXVCJ9.eyJ0b2tlbl90eXBlIjoicmVmcmVzaCIsImV4cCI6MTc0MTk0Njg0MCwiaWF0IjoxNzM5MzU0ODQwLCJqdGkiOiIyNDFkNWIxYzk1MDE0ZGI3OGExOWQ4YTlmM2E3MGVmOSIsInVzZXJfaWQiOjF9.tyoRdR0wOY4KyoCA4xPJDjjFulZTz9A8HurrIkdJBVY	\N	2025-03-14 18:07:20+08	\N	241d5b1c95014db78a19d8a9f3a70ef9
226	eyJhbGciOiJIUzI1NiIsInR5cCI6IkpXVCJ9.eyJ0b2tlbl90eXBlIjoicmVmcmVzaCIsImV4cCI6MTc0MTk0Njg0MywiaWF0IjoxNzM5MzU0ODQzLCJqdGkiOiJlNjlmN2UxY2MzOGM0NThkOTk5NmMxMzAxNmJkN2I4NyIsInVzZXJfaWQiOjF9.HwNWpEpXpPBZadLca_9S0U4871cjPC5DlVYqXfv2Pu8	\N	2025-03-14 18:07:23+08	\N	e69f7e1cc38c458d9996c13016bd7b87
227	eyJhbGciOiJIUzI1NiIsInR5cCI6IkpXVCJ9.eyJ0b2tlbl90eXBlIjoicmVmcmVzaCIsImV4cCI6MTc0MTk0Njg2OCwiaWF0IjoxNzM5MzU0ODY4LCJqdGkiOiJjNzYwYTc2OGU1NTI0MjQzOTVmYjZmYzkxNDU2ZDVjMiIsInVzZXJfaWQiOjF9.GFF9PSWuVSJiZBzmrxrLr6kqGhMHjqGL3OKbmYrlbb8	\N	2025-03-14 18:07:48+08	\N	c760a768e552424395fb6fc91456d5c2
228	eyJhbGciOiJIUzI1NiIsInR5cCI6IkpXVCJ9.eyJ0b2tlbl90eXBlIjoicmVmcmVzaCIsImV4cCI6MTc0MTk0Njg3NCwiaWF0IjoxNzM5MzU0ODc0LCJqdGkiOiI5MDRmMGIwOTNjMGY0OGQyYTNmYmE0NGUyZWE4NmYzNyIsInVzZXJfaWQiOjF9.4OBAUDZk-PjoCPQ4wvJcBCdzV9vQUQoiqRfgbu4DiAg	\N	2025-03-14 18:07:54+08	\N	904f0b093c0f48d2a3fba44e2ea86f37
229	eyJhbGciOiJIUzI1NiIsInR5cCI6IkpXVCJ9.eyJ0b2tlbl90eXBlIjoicmVmcmVzaCIsImV4cCI6MTc0MTk0Njg3OCwiaWF0IjoxNzM5MzU0ODc4LCJqdGkiOiI5YTg0ZGEyNDlhODY0MDMyOGUyYzM5OTA2MmZiYzZlOCIsInVzZXJfaWQiOjF9.Y9h5q0kL6vn5v_hQ2QJrWtE2IMx_OWuQmt8JaawUDpk	\N	2025-03-14 18:07:58+08	\N	9a84da249a8640328e2c399062fbc6e8
230	eyJhbGciOiJIUzI1NiIsInR5cCI6IkpXVCJ9.eyJ0b2tlbl90eXBlIjoicmVmcmVzaCIsImV4cCI6MTc0MTk0Njg4NiwiaWF0IjoxNzM5MzU0ODg2LCJqdGkiOiI3NWQ1ZGQ1YTdkMWQ0OGQ1YjY3NDY5MDRkODUxOThhMyIsInVzZXJfaWQiOjF9.aPRdHs_Z4MqvRK22FLBnLP6LSmsQg-Kahu1_1gt5-zg	\N	2025-03-14 18:08:06+08	\N	75d5dd5a7d1d48d5b6746904d85198a3
231	eyJhbGciOiJIUzI1NiIsInR5cCI6IkpXVCJ9.eyJ0b2tlbl90eXBlIjoicmVmcmVzaCIsImV4cCI6MTc0MTk0NjkwMiwiaWF0IjoxNzM5MzU0OTAyLCJqdGkiOiJiMGNiYmEzZjYzM2Q0NWIzYmUyNjhmMTgwY2FiNDYxMiIsInVzZXJfaWQiOjF9.F8X23GebN7HeyyHblw-hvpuIU1A6y-EAm20DiH-aFKg	\N	2025-03-14 18:08:22+08	\N	b0cbba3f633d45b3be268f180cab4612
232	eyJhbGciOiJIUzI1NiIsInR5cCI6IkpXVCJ9.eyJ0b2tlbl90eXBlIjoicmVmcmVzaCIsImV4cCI6MTc0MTk0NjkwNiwiaWF0IjoxNzM5MzU0OTA2LCJqdGkiOiI0ZTlkNDkzZDU2ZDk0ZTMwYWQxMzNjMTA2OWE0NWNjYiIsInVzZXJfaWQiOjF9.mR3FjWCZMjj2ZptErYoUcBOJ8NLHO7Vo6Ditk05AoM4	\N	2025-03-14 18:08:26+08	\N	4e9d493d56d94e30ad133c1069a45ccb
233	eyJhbGciOiJIUzI1NiIsInR5cCI6IkpXVCJ9.eyJ0b2tlbl90eXBlIjoicmVmcmVzaCIsImV4cCI6MTc0MTk0NjkxMiwiaWF0IjoxNzM5MzU0OTEyLCJqdGkiOiI5ZDljY2E5NGJlOTc0MzU5ODkxYWRkZjBjNWU1YjEzNyIsInVzZXJfaWQiOjF9.F8rqjTC1vJga_fgfqPYWc3Nz9ZGVlsX9lB57UAYOJfE	\N	2025-03-14 18:08:32+08	\N	9d9cca94be974359891addf0c5e5b137
234	eyJhbGciOiJIUzI1NiIsInR5cCI6IkpXVCJ9.eyJ0b2tlbl90eXBlIjoicmVmcmVzaCIsImV4cCI6MTc0MTk0NjkxNiwiaWF0IjoxNzM5MzU0OTE2LCJqdGkiOiI3YTMwNjdhNGQ5ZTA0MDVjYWFkNmQ4MzRhOTJmNjI4YiIsInVzZXJfaWQiOjF9.PV4o0lq8wFMW6sDIs_kqdO2PzzftsJwpJqEz92QmuJo	\N	2025-03-14 18:08:36+08	\N	7a3067a4d9e0405caad6d834a92f628b
235	eyJhbGciOiJIUzI1NiIsInR5cCI6IkpXVCJ9.eyJ0b2tlbl90eXBlIjoicmVmcmVzaCIsImV4cCI6MTc0MTk0NjkyMiwiaWF0IjoxNzM5MzU0OTIyLCJqdGkiOiI4MmFhYzQ3ZjU1OWE0YmQzOWYwMTI0YTY4MTlhNzFiMyIsInVzZXJfaWQiOjF9.73ymb-YCQnRchUMojtSy4f270_UfGehlNkfRbYAm84s	\N	2025-03-14 18:08:42+08	\N	82aac47f559a4bd39f0124a6819a71b3
236	eyJhbGciOiJIUzI1NiIsInR5cCI6IkpXVCJ9.eyJ0b2tlbl90eXBlIjoicmVmcmVzaCIsImV4cCI6MTc0MTk0NjkyNywiaWF0IjoxNzM5MzU0OTI3LCJqdGkiOiI3MWQ4NGVhOTVmYzA0M2U2YjhmZmYwNTE0MDY5YzVmNyIsInVzZXJfaWQiOjF9.zaLpI0NnBv128J9jIJSKIi-cAh4D9BDiEQQ1mRr0xeA	\N	2025-03-14 18:08:47+08	\N	71d84ea95fc043e6b8fff0514069c5f7
237	eyJhbGciOiJIUzI1NiIsInR5cCI6IkpXVCJ9.eyJ0b2tlbl90eXBlIjoicmVmcmVzaCIsImV4cCI6MTc0MTk0NjkzNiwiaWF0IjoxNzM5MzU0OTM2LCJqdGkiOiI5ZTgyMmQ4ZGFlOTE0MTU4OTE3YjZhOTgxNzY3YmFlMCIsInVzZXJfaWQiOjF9.Ud1ulH6DaZV0h1TJmJZpct4IcULFnulV7gc5mgeqyw4	\N	2025-03-14 18:08:56+08	\N	9e822d8dae914158917b6a981767bae0
238	eyJhbGciOiJIUzI1NiIsInR5cCI6IkpXVCJ9.eyJ0b2tlbl90eXBlIjoicmVmcmVzaCIsImV4cCI6MTc0MTk0Njk1MiwiaWF0IjoxNzM5MzU0OTUyLCJqdGkiOiI4ZDY0YmQzZWYyZTI0NzU4OGE3NmJkYmJkN2U1NWE1YSIsInVzZXJfaWQiOjF9.6gQyleE5ql3MS06YcRHiY-BbplrYHRkm9DZjxefYQk0	\N	2025-03-14 18:09:12+08	\N	8d64bd3ef2e247588a76bdbbd7e55a5a
239	eyJhbGciOiJIUzI1NiIsInR5cCI6IkpXVCJ9.eyJ0b2tlbl90eXBlIjoicmVmcmVzaCIsImV4cCI6MTc0MTk0Njk3OSwiaWF0IjoxNzM5MzU0OTc5LCJqdGkiOiJhYTFjZDgxYjRjODc0ZTQ3YmM3Mjg5YTQ4MWVmN2IxZSIsInVzZXJfaWQiOjF9.YXESU1MGn-PLgAE8Yd0HD0JwL74dJHK4Ys9CRWkA0OI	\N	2025-03-14 18:09:39+08	\N	aa1cd81b4c874e47bc7289a481ef7b1e
240	eyJhbGciOiJIUzI1NiIsInR5cCI6IkpXVCJ9.eyJ0b2tlbl90eXBlIjoicmVmcmVzaCIsImV4cCI6MTc0MTk0Njk4NiwiaWF0IjoxNzM5MzU0OTg2LCJqdGkiOiIyOWQwYWQzNDcyMmQ0ZTY5YTgyY2Y1MjliYWU4ZGI0MiIsInVzZXJfaWQiOjF9.qjc7Q94UAcwaWWfYe0pvWZ5LkklSwf5tNtrNmfvP0Y4	\N	2025-03-14 18:09:46+08	\N	29d0ad34722d4e69a82cf529bae8db42
241	eyJhbGciOiJIUzI1NiIsInR5cCI6IkpXVCJ9.eyJ0b2tlbl90eXBlIjoicmVmcmVzaCIsImV4cCI6MTc0MTk0Njk5OSwiaWF0IjoxNzM5MzU0OTk5LCJqdGkiOiI4ZDhhOGNhY2QwZWQ0ZTNiOWUyZmYyZjc2OTU4OWY5ZCIsInVzZXJfaWQiOjF9._5W9lxXgPNwZ6fZii-dJa0T6HzqAKp-zOZxXamqc0vk	\N	2025-03-14 18:09:59+08	\N	8d8a8cacd0ed4e3b9e2ff2f769589f9d
242	eyJhbGciOiJIUzI1NiIsInR5cCI6IkpXVCJ9.eyJ0b2tlbl90eXBlIjoicmVmcmVzaCIsImV4cCI6MTc0MTk0NzAxOSwiaWF0IjoxNzM5MzU1MDE5LCJqdGkiOiJhMWQ4MDUyMjZkMWU0ZjQ1Yjc5NmM2MDMyMjBkNzI0MyIsInVzZXJfaWQiOjF9.x_A5Pv1Tcfbi2-NcgTC61rnbSj1RNnNLpHxeMr8ye54	\N	2025-03-14 18:10:19+08	\N	a1d805226d1e4f45b796c603220d7243
243	eyJhbGciOiJIUzI1NiIsInR5cCI6IkpXVCJ9.eyJ0b2tlbl90eXBlIjoicmVmcmVzaCIsImV4cCI6MTc0MTk0NzAzOCwiaWF0IjoxNzM5MzU1MDM4LCJqdGkiOiI3NjRhN2Y3MWRiZWU0ODgwYThlZDc5ZmNjYzAyNTFiZSIsInVzZXJfaWQiOjF9.Ze0qcXwus8YDsL1a8-nshwZmUvqIhW8YYkj4nZaTukU	\N	2025-03-14 18:10:38+08	\N	764a7f71dbee4880a8ed79fccc0251be
244	eyJhbGciOiJIUzI1NiIsInR5cCI6IkpXVCJ9.eyJ0b2tlbl90eXBlIjoicmVmcmVzaCIsImV4cCI6MTc0MTk0NzA4NSwiaWF0IjoxNzM5MzU1MDg1LCJqdGkiOiJjZDIwYjU3MjliN2E0NWU0OGNlM2EyMDJiNjBlZWFjNiIsInVzZXJfaWQiOjF9.e2Ty0vLfANP5ZnC1L4roculFu1gfIDLADWFYQqS91TY	\N	2025-03-14 18:11:25+08	\N	cd20b5729b7a45e48ce3a202b60eeac6
245	eyJhbGciOiJIUzI1NiIsInR5cCI6IkpXVCJ9.eyJ0b2tlbl90eXBlIjoicmVmcmVzaCIsImV4cCI6MTc0MTk0NzA5MSwiaWF0IjoxNzM5MzU1MDkxLCJqdGkiOiJmYTU5MzBkMTM1NjI0MmI2YTgxNTVlNzQzMGI0OTQwMyIsInVzZXJfaWQiOjF9.ZN3WVszhpkjgufNbFoiqFcy0G3gsrj3KqZ6kk99Gtio	\N	2025-03-14 18:11:31+08	\N	fa5930d1356242b6a8155e7430b49403
246	eyJhbGciOiJIUzI1NiIsInR5cCI6IkpXVCJ9.eyJ0b2tlbl90eXBlIjoicmVmcmVzaCIsImV4cCI6MTc0MTk0NzEwMiwiaWF0IjoxNzM5MzU1MTAyLCJqdGkiOiI4MzQ2YTJhNzNmNzE0MDhmOGYxYjhkZmE1MTE4NWE2YyIsInVzZXJfaWQiOjF9._8SLYDLIke8w8sQYKfFNP77v7PnKT8MztltwjcjlA0w	\N	2025-03-14 18:11:42+08	\N	8346a2a73f71408f8f1b8dfa51185a6c
247	eyJhbGciOiJIUzI1NiIsInR5cCI6IkpXVCJ9.eyJ0b2tlbl90eXBlIjoicmVmcmVzaCIsImV4cCI6MTc0MTk0NzEwNiwiaWF0IjoxNzM5MzU1MTA2LCJqdGkiOiI1ZjI5YzQ3ZDg1NDY0ZGJmYWRjZGVmZjg3NDRmNTdlMCIsInVzZXJfaWQiOjF9._IXNL6iiWgR-W0nTnj-Kshl6tmzW60kzaRgIym4bvNA	\N	2025-03-14 18:11:46+08	\N	5f29c47d85464dbfadcdeff8744f57e0
248	eyJhbGciOiJIUzI1NiIsInR5cCI6IkpXVCJ9.eyJ0b2tlbl90eXBlIjoicmVmcmVzaCIsImV4cCI6MTc0MTk0NzExNiwiaWF0IjoxNzM5MzU1MTE2LCJqdGkiOiJhYjI2YTBjYzQ4YjA0OGJhOWUxM2JjMjcwZDNmNjQ4ZCIsInVzZXJfaWQiOjF9.l1sE2DhBtJWINw1-o8CPBYJI6Lz_SRGJacIhe5yrDb8	\N	2025-03-14 18:11:56+08	\N	ab26a0cc48b048ba9e13bc270d3f648d
249	eyJhbGciOiJIUzI1NiIsInR5cCI6IkpXVCJ9.eyJ0b2tlbl90eXBlIjoicmVmcmVzaCIsImV4cCI6MTc0MTk0NzEyMywiaWF0IjoxNzM5MzU1MTIzLCJqdGkiOiI2MTc1Mjk4MDNkYTM0NjI4OTFhZWY1NzY5ODM2Yjg4MyIsInVzZXJfaWQiOjF9.FmbiIhEOynZFk37Ki_sJtf2ggUEYC42b-0EQO_A91nc	\N	2025-03-14 18:12:03+08	\N	617529803da3462891aef5769836b883
250	eyJhbGciOiJIUzI1NiIsInR5cCI6IkpXVCJ9.eyJ0b2tlbl90eXBlIjoicmVmcmVzaCIsImV4cCI6MTc0MTk0NzE0MCwiaWF0IjoxNzM5MzU1MTQwLCJqdGkiOiJlZmEyNDJjOWRmYWU0ZGQyOWM0ZDQ1NjVmNmE3ODVlNSIsInVzZXJfaWQiOjF9.9EGmxPMlwafImdb-4eoqhAnSAXmrOkKuopVA2AvoydQ	\N	2025-03-14 18:12:20+08	\N	efa242c9dfae4dd29c4d4565f6a785e5
251	eyJhbGciOiJIUzI1NiIsInR5cCI6IkpXVCJ9.eyJ0b2tlbl90eXBlIjoicmVmcmVzaCIsImV4cCI6MTc0MTk0NzE3MiwiaWF0IjoxNzM5MzU1MTcyLCJqdGkiOiIzMmI4MGIyZDUyN2E0YmQ0YjUzZjMyZWY2YTEwNjA1YSIsInVzZXJfaWQiOjF9.yGm4UrVBiq1nWxdyavXQ5v0qKiA1Zcip8qJZ95L-84w	\N	2025-03-14 18:12:52+08	\N	32b80b2d527a4bd4b53f32ef6a10605a
252	eyJhbGciOiJIUzI1NiIsInR5cCI6IkpXVCJ9.eyJ0b2tlbl90eXBlIjoicmVmcmVzaCIsImV4cCI6MTc0MTk0NzE3NiwiaWF0IjoxNzM5MzU1MTc2LCJqdGkiOiJkZDhkZDE4YjE0MTg0OGFmODEzOGUyOTRmMmU3OWViZiIsInVzZXJfaWQiOjF9.ycH9bWG5htSnyDvRXQo4pQbUWK0q0Fbep1Wt8h80nWY	\N	2025-03-14 18:12:56+08	\N	dd8dd18b141848af8138e294f2e79ebf
253	eyJhbGciOiJIUzI1NiIsInR5cCI6IkpXVCJ9.eyJ0b2tlbl90eXBlIjoicmVmcmVzaCIsImV4cCI6MTc0MTk0NzE4MSwiaWF0IjoxNzM5MzU1MTgxLCJqdGkiOiIxYTU5OTBlOTE1MzI0MGI4ODlhODU3NWQzNThhZjFhNSIsInVzZXJfaWQiOjF9.hELMfcG5MH7Bzj9hgtCJNO7qWiI_6VfBeGrL-jINAuk	\N	2025-03-14 18:13:01+08	\N	1a5990e9153240b889a8575d358af1a5
254	eyJhbGciOiJIUzI1NiIsInR5cCI6IkpXVCJ9.eyJ0b2tlbl90eXBlIjoicmVmcmVzaCIsImV4cCI6MTc0MTk0NzI2MCwiaWF0IjoxNzM5MzU1MjYwLCJqdGkiOiJhYjk3ZDM0NmE2NmU0MjYyOTcxYTQ3OTU0OTdlODQyYSIsInVzZXJfaWQiOjF9.t7JkShkKRL8IP_yh3HqFkEawzkrbOfZxv40gfUaoX-M	\N	2025-03-14 18:14:20+08	\N	ab97d346a66e4262971a4795497e842a
255	eyJhbGciOiJIUzI1NiIsInR5cCI6IkpXVCJ9.eyJ0b2tlbl90eXBlIjoicmVmcmVzaCIsImV4cCI6MTc0MTk0NzI2NiwiaWF0IjoxNzM5MzU1MjY2LCJqdGkiOiJkMDMyOWNkZTVjZGE0ZGY3OTM0ZmRjZjkyYTJmZWI4OSIsInVzZXJfaWQiOjF9.bioRjBTC_7jgiE1lCfPAM49PH8d_6M08A9zbbhXL06w	\N	2025-03-14 18:14:26+08	\N	d0329cde5cda4df7934fdcf92a2feb89
256	eyJhbGciOiJIUzI1NiIsInR5cCI6IkpXVCJ9.eyJ0b2tlbl90eXBlIjoicmVmcmVzaCIsImV4cCI6MTc0MTk0NzMxMiwiaWF0IjoxNzM5MzU1MzEyLCJqdGkiOiI1Y2NhNzcxNjViZDY0NDEwYTE2OGNlYWM2MmNlYmMyMiIsInVzZXJfaWQiOjF9.FcVmaaBJxKzar7oXDt0h6F0b0Mp4X6L3LHWfDLBmQEw	\N	2025-03-14 18:15:12+08	\N	5cca77165bd64410a168ceac62cebc22
257	eyJhbGciOiJIUzI1NiIsInR5cCI6IkpXVCJ9.eyJ0b2tlbl90eXBlIjoicmVmcmVzaCIsImV4cCI6MTc0MTk0NzMzMiwiaWF0IjoxNzM5MzU1MzMyLCJqdGkiOiIyYmIwMjZlOGRlZDY0MDFjODM1MjhlZWQwZDJiMzAzYSIsInVzZXJfaWQiOjF9.cc_oRGs5O0RG_IHGLJ0xQ5-TxmuaWyyWcZoN2iBi_Ak	\N	2025-03-14 18:15:32+08	\N	2bb026e8ded6401c83528eed0d2b303a
258	eyJhbGciOiJIUzI1NiIsInR5cCI6IkpXVCJ9.eyJ0b2tlbl90eXBlIjoicmVmcmVzaCIsImV4cCI6MTc0MTk0NzM3OSwiaWF0IjoxNzM5MzU1Mzc5LCJqdGkiOiJmNTdhNTkxNjJjZDE0NDA5YWMxOGVjMTIxM2Q0ODUzMyIsInVzZXJfaWQiOjF9.teHD9-mQgLfQrIwU8JjjCYOxkJ6vGyGZ4CXOJstXNyc	\N	2025-03-14 18:16:19+08	\N	f57a59162cd14409ac18ec1213d48533
259	eyJhbGciOiJIUzI1NiIsInR5cCI6IkpXVCJ9.eyJ0b2tlbl90eXBlIjoicmVmcmVzaCIsImV4cCI6MTc0MTk0NzQwNCwiaWF0IjoxNzM5MzU1NDA0LCJqdGkiOiIzOGMwZjNjM2VkZTM0MmZkOWM4NWYyOWI0MTg1OTI2ZiIsInVzZXJfaWQiOjF9.5lHLQrYZX6qVQSijdeRUlRToea1NDGbkUN0GaM_PGww	\N	2025-03-14 18:16:44+08	\N	38c0f3c3ede342fd9c85f29b4185926f
260	eyJhbGciOiJIUzI1NiIsInR5cCI6IkpXVCJ9.eyJ0b2tlbl90eXBlIjoicmVmcmVzaCIsImV4cCI6MTc0MTk0ODMzMiwiaWF0IjoxNzM5MzU2MzMyLCJqdGkiOiI1OWJkZTI1ZjVhNGQ0MDc2OGMyMTAwN2IwYmZkYmNmZSIsInVzZXJfaWQiOjF9.kGJtZVCw4ADK5Fkd3OspMPHXjDo6CVXZ-nXRM7iW1aU	\N	2025-03-14 18:32:12+08	\N	59bde25f5a4d40768c21007b0bfdbcfe
261	eyJhbGciOiJIUzI1NiIsInR5cCI6IkpXVCJ9.eyJ0b2tlbl90eXBlIjoicmVmcmVzaCIsImV4cCI6MTc0MTk0ODM3NCwiaWF0IjoxNzM5MzU2Mzc0LCJqdGkiOiI0ZWIxNDM2NzAwZGI0Y2NhYTc1MWVjY2JmMGJjZjEyZiIsInVzZXJfaWQiOjF9.9_27Q7_9lNWQYoK-Dl4SzBneMBp11GTDG86EH82NeVw	\N	2025-03-14 18:32:54+08	\N	4eb1436700db4ccaa751eccbf0bcf12f
262	eyJhbGciOiJIUzI1NiIsInR5cCI6IkpXVCJ9.eyJ0b2tlbl90eXBlIjoicmVmcmVzaCIsImV4cCI6MTc0MTk0ODU5MSwiaWF0IjoxNzM5MzU2NTkxLCJqdGkiOiJmMjk5NzkyNGMzOGI0M2QwODJkNmQ2NWIwMGNmNDRhOCIsInVzZXJfaWQiOjF9.IYoqd47QI1vIq0zWNNQvbC-QxAPz-8MzPT-XItrTT38	\N	2025-03-14 18:36:31+08	\N	f2997924c38b43d082d6d65b00cf44a8
263	eyJhbGciOiJIUzI1NiIsInR5cCI6IkpXVCJ9.eyJ0b2tlbl90eXBlIjoicmVmcmVzaCIsImV4cCI6MTc0MTk0ODY1OSwiaWF0IjoxNzM5MzU2NjU5LCJqdGkiOiI0MTIyMzg1Mjk4Yzk0N2MwOGUzNWI1YWM5NTY4NTM2NCIsInVzZXJfaWQiOjF9.PSAn6Qbb2v2IO4slhXtiDJF_7p8nAhasgJKrYyvois8	\N	2025-03-14 18:37:39+08	\N	4122385298c947c08e35b5ac95685364
264	eyJhbGciOiJIUzI1NiIsInR5cCI6IkpXVCJ9.eyJ0b2tlbl90eXBlIjoicmVmcmVzaCIsImV4cCI6MTc0MTk0ODY3NiwiaWF0IjoxNzM5MzU2Njc2LCJqdGkiOiI3NzBmZDU5ZWQ2Y2I0ZGMyYTIwYTZhMGU1NjE4YjM4MSIsInVzZXJfaWQiOjF9.bLzq-9kTV4XFA6tom6Olhhf2QZoXTrZjJCyrwxxTlII	\N	2025-03-14 18:37:56+08	\N	770fd59ed6cb4dc2a20a6a0e5618b381
265	eyJhbGciOiJIUzI1NiIsInR5cCI6IkpXVCJ9.eyJ0b2tlbl90eXBlIjoicmVmcmVzaCIsImV4cCI6MTc0MTk0ODY4NSwiaWF0IjoxNzM5MzU2Njg1LCJqdGkiOiJiMzQ5OWEwMDc3YWU0NDNjOTEzZGUwMDRmMjcxMGZmMSIsInVzZXJfaWQiOjF9.wk-tAssuZFuBz0hkPwjgN0VfhZp_AHbCyVnWFw9tBGE	\N	2025-03-14 18:38:05+08	\N	b3499a0077ae443c913de004f2710ff1
266	eyJhbGciOiJIUzI1NiIsInR5cCI6IkpXVCJ9.eyJ0b2tlbl90eXBlIjoicmVmcmVzaCIsImV4cCI6MTc0MTk0ODgwNiwiaWF0IjoxNzM5MzU2ODA2LCJqdGkiOiJjZjhlMDE3YTZjYmY0MGRjOWUxNjllZDUwMWUyZTNkZSIsInVzZXJfaWQiOjF9.X2Uz5UILrqmc8P4KWB1wT-ceYLWX7MoH5IwIT1FwbLY	\N	2025-03-14 18:40:06+08	\N	cf8e017a6cbf40dc9e169ed501e2e3de
267	eyJhbGciOiJIUzI1NiIsInR5cCI6IkpXVCJ9.eyJ0b2tlbl90eXBlIjoicmVmcmVzaCIsImV4cCI6MTc0MTk0ODg0NiwiaWF0IjoxNzM5MzU2ODQ2LCJqdGkiOiI3MjJiYmNkZTYxNmM0NDhlYWRmMjdiODA5OTIzOWRjNiIsInVzZXJfaWQiOjF9.cCXbLVte0jMeeliYT6pmTv1299wGHKnKL0AWJAyZr6E	\N	2025-03-14 18:40:46+08	\N	722bbcde616c448eadf27b8099239dc6
268	eyJhbGciOiJIUzI1NiIsInR5cCI6IkpXVCJ9.eyJ0b2tlbl90eXBlIjoicmVmcmVzaCIsImV4cCI6MTc0MTk0ODg2NiwiaWF0IjoxNzM5MzU2ODY2LCJqdGkiOiI4ZTRmNjlkZTIwMzc0ZWQ1YmM5ZmM4NTUwYmFlNmJjZSIsInVzZXJfaWQiOjF9.lvRdY9v1NEzavYE_9At4E4EMZXRoB-pLWtcFXqd1LRI	\N	2025-03-14 18:41:06+08	\N	8e4f69de20374ed5bc9fc8550bae6bce
269	eyJhbGciOiJIUzI1NiIsInR5cCI6IkpXVCJ9.eyJ0b2tlbl90eXBlIjoicmVmcmVzaCIsImV4cCI6MTc0MTk0ODg3OCwiaWF0IjoxNzM5MzU2ODc4LCJqdGkiOiJjODFmOWM1YmJlMjM0ZTgxYjIyMjdiYTZmOWNlYmQ3YyIsInVzZXJfaWQiOjF9.6Una72HDgR4FfXmWlcPND6NZ4USH8v_K3IxGRZufiWo	\N	2025-03-14 18:41:18+08	\N	c81f9c5bbe234e81b2227ba6f9cebd7c
270	eyJhbGciOiJIUzI1NiIsInR5cCI6IkpXVCJ9.eyJ0b2tlbl90eXBlIjoicmVmcmVzaCIsImV4cCI6MTc0MTk0ODg5MywiaWF0IjoxNzM5MzU2ODkzLCJqdGkiOiJlNGMzYTJlOGViZGQ0Njg2YTMzNmMxNmU3MGI4OGY0NiIsInVzZXJfaWQiOjF9.Iy4VSllGApBhzRnJdiSv-dEmfNHZRySE4mD8fWYvQNo	\N	2025-03-14 18:41:33+08	\N	e4c3a2e8ebdd4686a336c16e70b88f46
271	eyJhbGciOiJIUzI1NiIsInR5cCI6IkpXVCJ9.eyJ0b2tlbl90eXBlIjoicmVmcmVzaCIsImV4cCI6MTc0MTk0ODkxMCwiaWF0IjoxNzM5MzU2OTEwLCJqdGkiOiIzYmQ1ZTM2NzE0Yjc0YWNjYjExODFhMDc5OGZhM2U4OSIsInVzZXJfaWQiOjF9.mreasPMF-yqvHop1vjf28DfZQZ07IUhMHHen6nQGtXU	\N	2025-03-14 18:41:50+08	\N	3bd5e36714b74accb1181a0798fa3e89
272	eyJhbGciOiJIUzI1NiIsInR5cCI6IkpXVCJ9.eyJ0b2tlbl90eXBlIjoicmVmcmVzaCIsImV4cCI6MTc0MTk0ODkxNywiaWF0IjoxNzM5MzU2OTE3LCJqdGkiOiJhY2JhNDY2ODY0Njg0M2NkOTBkMTM4ZDcyYjRlMjc4MiIsInVzZXJfaWQiOjF9.eAK6UhBCtQ8ZXaDrjX5rmtL8zgWgX4KF4yi21se5M4g	\N	2025-03-14 18:41:57+08	\N	acba4668646843cd90d138d72b4e2782
273	eyJhbGciOiJIUzI1NiIsInR5cCI6IkpXVCJ9.eyJ0b2tlbl90eXBlIjoicmVmcmVzaCIsImV4cCI6MTc0MTk0ODk0NSwiaWF0IjoxNzM5MzU2OTQ1LCJqdGkiOiJhZTM4YjlhZmRiMGY0ZTYwYTcxYmIwYjVjNTdhNTc1ZiIsInVzZXJfaWQiOjF9.tyyF6o0uq9dQU7jbHEhKlxJZyTQehg5gSzvX3PUsV2E	\N	2025-03-14 18:42:25+08	\N	ae38b9afdb0f4e60a71bb0b5c57a575f
274	eyJhbGciOiJIUzI1NiIsInR5cCI6IkpXVCJ9.eyJ0b2tlbl90eXBlIjoicmVmcmVzaCIsImV4cCI6MTc0MTk0ODk1NywiaWF0IjoxNzM5MzU2OTU3LCJqdGkiOiJiNzlkZTc1ZDIyMzg0ZmY4YjE2ZjA0OTliNGM3MzBiZSIsInVzZXJfaWQiOjF9.fIwWKhjrEMw5B5FJDscCsykn-6NQ2kFlVvaMkFx3Dio	\N	2025-03-14 18:42:37+08	\N	b79de75d22384ff8b16f0499b4c730be
275	eyJhbGciOiJIUzI1NiIsInR5cCI6IkpXVCJ9.eyJ0b2tlbl90eXBlIjoicmVmcmVzaCIsImV4cCI6MTc0MTk0ODk2MywiaWF0IjoxNzM5MzU2OTYzLCJqdGkiOiI3OGUxZGE3NzExMzY0OTgwYjI5ODJiYmYwYzU3MWQyOSIsInVzZXJfaWQiOjF9.jv_3oAlWbGMZ-ClLpNsfjGfwSAexYW3jqH6SfnMbKsY	\N	2025-03-14 18:42:43+08	\N	78e1da7711364980b2982bbf0c571d29
276	eyJhbGciOiJIUzI1NiIsInR5cCI6IkpXVCJ9.eyJ0b2tlbl90eXBlIjoicmVmcmVzaCIsImV4cCI6MTc0MTk0ODk3MCwiaWF0IjoxNzM5MzU2OTcwLCJqdGkiOiIyY2EyNjE5NjM3ZDY0MzkyOWRhZTIyZjljMWZmN2Y1MCIsInVzZXJfaWQiOjF9.2OMkGpMcBzCOM-CNnJbvyIHag06RzbFvBW-1W8jrAHU	\N	2025-03-14 18:42:50+08	\N	2ca2619637d643929dae22f9c1ff7f50
277	eyJhbGciOiJIUzI1NiIsInR5cCI6IkpXVCJ9.eyJ0b2tlbl90eXBlIjoicmVmcmVzaCIsImV4cCI6MTc0MTk0ODk3OSwiaWF0IjoxNzM5MzU2OTc5LCJqdGkiOiIxMmMxY2MyNmQ3MDk0MTIxYTdlNDg4YzY5OThjZTA4MyIsInVzZXJfaWQiOjF9.EqQwIE8uo_YVlaEi4WM_HJqlW1O8IUrOSa6sMSnGoe0	\N	2025-03-14 18:42:59+08	\N	12c1cc26d7094121a7e488c6998ce083
278	eyJhbGciOiJIUzI1NiIsInR5cCI6IkpXVCJ9.eyJ0b2tlbl90eXBlIjoicmVmcmVzaCIsImV4cCI6MTc0MTk0ODk5NCwiaWF0IjoxNzM5MzU2OTk0LCJqdGkiOiJkZGNmNWEyZDM3YmQ0MGI4YjljOTg4YWMyMDRmMDBhYyIsInVzZXJfaWQiOjF9.xBMqvcVkkzpJIUaF6vSjXpxqYdFnPoH3hCJaINvHiZs	\N	2025-03-14 18:43:14+08	\N	ddcf5a2d37bd40b8b9c988ac204f00ac
279	eyJhbGciOiJIUzI1NiIsInR5cCI6IkpXVCJ9.eyJ0b2tlbl90eXBlIjoicmVmcmVzaCIsImV4cCI6MTc0MTk0OTAwMywiaWF0IjoxNzM5MzU3MDAzLCJqdGkiOiIwOTBmNmNlZGE2N2Q0NWYwYTI2MDI4NTMwMDk0Nzc2ZiIsInVzZXJfaWQiOjF9.YiFW35Rt9-qq7MQTFWV7vRJXhBTtWpZfNybbkXI3azc	\N	2025-03-14 18:43:23+08	\N	090f6ceda67d45f0a26028530094776f
280	eyJhbGciOiJIUzI1NiIsInR5cCI6IkpXVCJ9.eyJ0b2tlbl90eXBlIjoicmVmcmVzaCIsImV4cCI6MTc0MTk0OTAxNywiaWF0IjoxNzM5MzU3MDE3LCJqdGkiOiI5MDExYWM3MTgxMDQ0NmEwOTU3YWU3NTJlZDEwZTBjOSIsInVzZXJfaWQiOjF9.mJNJ8uGbkzYiE3hLZbkxzFKmPjGEPjf7L485-UYoaT0	\N	2025-03-14 18:43:37+08	\N	9011ac71810446a0957ae752ed10e0c9
281	eyJhbGciOiJIUzI1NiIsInR5cCI6IkpXVCJ9.eyJ0b2tlbl90eXBlIjoicmVmcmVzaCIsImV4cCI6MTc0MTk0OTAyNywiaWF0IjoxNzM5MzU3MDI3LCJqdGkiOiI1ZjVjNzkxMzFkYzQ0YjY4OWMxZjg1MjliNDA1MmUzNiIsInVzZXJfaWQiOjF9.ZNDgGh8gs6VJtqL7hdk0h1AvpqppdNiqiuunjTsdWjY	\N	2025-03-14 18:43:47+08	\N	5f5c79131dc44b689c1f8529b4052e36
282	eyJhbGciOiJIUzI1NiIsInR5cCI6IkpXVCJ9.eyJ0b2tlbl90eXBlIjoicmVmcmVzaCIsImV4cCI6MTc0MTk0OTAzMCwiaWF0IjoxNzM5MzU3MDMwLCJqdGkiOiIwZDNhMGFhOTBkZTA0Njc2ODkyY2NmZDA0YmEwOGVjZiIsInVzZXJfaWQiOjF9.EeCpX9Q48fHN4ZSfoGi_MIjYKv9z7rwukYJ0zdhEMlU	\N	2025-03-14 18:43:50+08	\N	0d3a0aa90de04676892ccfd04ba08ecf
283	eyJhbGciOiJIUzI1NiIsInR5cCI6IkpXVCJ9.eyJ0b2tlbl90eXBlIjoicmVmcmVzaCIsImV4cCI6MTc0MTk0OTA0MywiaWF0IjoxNzM5MzU3MDQzLCJqdGkiOiIyNjcxM2U5YWE2OGU0NTNhODI5NDMzNzVkMmRjY2I5MyIsInVzZXJfaWQiOjF9.jNo5GHUioSVgKR7gx8dMPTkBG0R6NNj3uidgTqLBCno	\N	2025-03-14 18:44:03+08	\N	26713e9aa68e453a82943375d2dccb93
284	eyJhbGciOiJIUzI1NiIsInR5cCI6IkpXVCJ9.eyJ0b2tlbl90eXBlIjoicmVmcmVzaCIsImV4cCI6MTc0MTk0OTA1MiwiaWF0IjoxNzM5MzU3MDUyLCJqdGkiOiIwMDI3MDNiNmFkOTg0YjRiYWViNjlhOWMzOWVhYmIyZSIsInVzZXJfaWQiOjF9.r_PBH0fjGyUHEpUW6nb2G8p4DItVm-vG52IQFvG3jxw	\N	2025-03-14 18:44:12+08	\N	002703b6ad984b4baeb69a9c39eabb2e
285	eyJhbGciOiJIUzI1NiIsInR5cCI6IkpXVCJ9.eyJ0b2tlbl90eXBlIjoicmVmcmVzaCIsImV4cCI6MTc0MTk0OTA2MiwiaWF0IjoxNzM5MzU3MDYyLCJqdGkiOiI1ZTYwOWE3OGRkNmE0MmE4YTdjMWQ1NDZiNTIyYzdkZiIsInVzZXJfaWQiOjF9.IMfHrVlRqgqIEKSm-q5yJBPtmk2IKvAENkY3MyONQMc	\N	2025-03-14 18:44:22+08	\N	5e609a78dd6a42a8a7c1d546b522c7df
286	eyJhbGciOiJIUzI1NiIsInR5cCI6IkpXVCJ9.eyJ0b2tlbl90eXBlIjoicmVmcmVzaCIsImV4cCI6MTc0MTk0OTA3MywiaWF0IjoxNzM5MzU3MDczLCJqdGkiOiJkM2FlYzEyZjc5OTQ0ZTAwOTQ2YTAxODg0NWMzMjcyMyIsInVzZXJfaWQiOjF9.iXZ7pqSCR-ed9fnucgdTq6o6DnWXu53sJQdiwsoFcgI	\N	2025-03-14 18:44:33+08	\N	d3aec12f79944e00946a018845c32723
287	eyJhbGciOiJIUzI1NiIsInR5cCI6IkpXVCJ9.eyJ0b2tlbl90eXBlIjoicmVmcmVzaCIsImV4cCI6MTc0MTk0OTA5MywiaWF0IjoxNzM5MzU3MDkzLCJqdGkiOiJjMjcwMWRkNWY0ZmQ0M2U0YmRkMWRmMzg0YjMxZDY1ZCIsInVzZXJfaWQiOjF9.rqVbp7OCL0HYxOj4noOxR08CpjDsg1arnoETDoXt4E8	\N	2025-03-14 18:44:53+08	\N	c2701dd5f4fd43e4bdd1df384b31d65d
288	eyJhbGciOiJIUzI1NiIsInR5cCI6IkpXVCJ9.eyJ0b2tlbl90eXBlIjoicmVmcmVzaCIsImV4cCI6MTc0MTk0OTEwMSwiaWF0IjoxNzM5MzU3MTAxLCJqdGkiOiI4NzY5MDc0ZTBlMmE0ZmQ0OTkxNGE0MzA2NDUyZGJmYyIsInVzZXJfaWQiOjF9.XVs7rC-5PpS0EVnnEtJgHpZKtsZHAGyc9jyo6DJhzak	\N	2025-03-14 18:45:01+08	\N	8769074e0e2a4fd49914a4306452dbfc
289	eyJhbGciOiJIUzI1NiIsInR5cCI6IkpXVCJ9.eyJ0b2tlbl90eXBlIjoicmVmcmVzaCIsImV4cCI6MTc0MTk0OTE2OCwiaWF0IjoxNzM5MzU3MTY4LCJqdGkiOiI4NjBkZGQ2NTNlYTA0ZjhkYjEzOGVjYTBjNDI5NWFmNSIsInVzZXJfaWQiOjF9.G2QBNcj64mYsyMnMcxjHq5GdbtVeSZmPsETQSmhY9OQ	\N	2025-03-14 18:46:08+08	\N	860ddd653ea04f8db138eca0c4295af5
290	eyJhbGciOiJIUzI1NiIsInR5cCI6IkpXVCJ9.eyJ0b2tlbl90eXBlIjoicmVmcmVzaCIsImV4cCI6MTc0MTk0OTE5NSwiaWF0IjoxNzM5MzU3MTk1LCJqdGkiOiIzYjE2YmIyMTllMjY0OGY4YTEwYTllNzk5YmQ0ODVjMCIsInVzZXJfaWQiOjF9.yavmLRFIU_3o_TlNqUPlPW50OuHXP3sN6NyUGYpFycU	\N	2025-03-14 18:46:35+08	\N	3b16bb219e2648f8a10a9e799bd485c0
291	eyJhbGciOiJIUzI1NiIsInR5cCI6IkpXVCJ9.eyJ0b2tlbl90eXBlIjoicmVmcmVzaCIsImV4cCI6MTc0MTk0OTIwOSwiaWF0IjoxNzM5MzU3MjA5LCJqdGkiOiIwODEyZGE4NTBkZmY0MzFkYmQ3ZjRkNjk0NGM4MDJiNCIsInVzZXJfaWQiOjF9.tQ50z6VBBXKUOU-jabdM7ubhl5ymJf9-HhtT3yQCKro	\N	2025-03-14 18:46:49+08	\N	0812da850dff431dbd7f4d6944c802b4
292	eyJhbGciOiJIUzI1NiIsInR5cCI6IkpXVCJ9.eyJ0b2tlbl90eXBlIjoicmVmcmVzaCIsImV4cCI6MTc0MTk0OTIyOCwiaWF0IjoxNzM5MzU3MjI4LCJqdGkiOiJmOTNhZGE1Nzg3NTc0Njc4YmU1YjRjZGQ2NzRlYjAyYiIsInVzZXJfaWQiOjF9.BC1AeaJ4TF0_r2U0aenJhxQkz0JW_zB-INU7rJUXPyw	\N	2025-03-14 18:47:08+08	\N	f93ada5787574678be5b4cdd674eb02b
293	eyJhbGciOiJIUzI1NiIsInR5cCI6IkpXVCJ9.eyJ0b2tlbl90eXBlIjoicmVmcmVzaCIsImV4cCI6MTc0MTk0OTI0MiwiaWF0IjoxNzM5MzU3MjQyLCJqdGkiOiJjNTU2ZjRmYjYwMzY0OTgxYjQ5NjZiMGNlMzQ2ODRkMyIsInVzZXJfaWQiOjF9.0kpeFPQKZLw8d6HJ9xNJlkHoDmg0-5rWfgClrazIzk8	\N	2025-03-14 18:47:22+08	\N	c556f4fb60364981b4966b0ce34684d3
294	eyJhbGciOiJIUzI1NiIsInR5cCI6IkpXVCJ9.eyJ0b2tlbl90eXBlIjoicmVmcmVzaCIsImV4cCI6MTc0MTk0OTI0OCwiaWF0IjoxNzM5MzU3MjQ4LCJqdGkiOiJkYmFhNzhmN2Q2MzU0YTE3OGU1ZWIzYmZlNWZjZDM5YSIsInVzZXJfaWQiOjF9.6ag2eJnTXKOqA6VTo0qYUTj4Pq4M3kxC8MZ9CYpRsfs	\N	2025-03-14 18:47:28+08	\N	dbaa78f7d6354a178e5eb3bfe5fcd39a
295	eyJhbGciOiJIUzI1NiIsInR5cCI6IkpXVCJ9.eyJ0b2tlbl90eXBlIjoicmVmcmVzaCIsImV4cCI6MTc0MTk0OTI1MCwiaWF0IjoxNzM5MzU3MjUwLCJqdGkiOiJlNTA5ZDkxZWZlOGY0ZDYyYjI5MDY4N2M1MjVjMDk5MCIsInVzZXJfaWQiOjF9.6fdtUKp_gxvgzlOeP4u1sdtf1Nxn2tMYD-g6eno59wI	\N	2025-03-14 18:47:30+08	\N	e509d91efe8f4d62b290687c525c0990
296	eyJhbGciOiJIUzI1NiIsInR5cCI6IkpXVCJ9.eyJ0b2tlbl90eXBlIjoicmVmcmVzaCIsImV4cCI6MTc0MTk0OTI2MSwiaWF0IjoxNzM5MzU3MjYxLCJqdGkiOiI1NDhjNGY5MDUzZWQ0ZjQ1OTY0Yjk5YTk1MWM3YWFmZCIsInVzZXJfaWQiOjF9.UgGt1SQ9UoogquotIMlvOOoPXlm6gW9j2l2DRaDFWvU	\N	2025-03-14 18:47:41+08	\N	548c4f9053ed4f45964b99a951c7aafd
297	eyJhbGciOiJIUzI1NiIsInR5cCI6IkpXVCJ9.eyJ0b2tlbl90eXBlIjoicmVmcmVzaCIsImV4cCI6MTc0MTk0OTc1NSwiaWF0IjoxNzM5MzU3NzU1LCJqdGkiOiJkYmZiZTU5NTBhZDQ0OWY1YTQ2MjBlNTczMmVjM2U3YSIsInVzZXJfaWQiOjF9.EXS7-Mah8MLKWpxUf-6gay_Ank1JX98Id0DKMmiUZ9g	\N	2025-03-14 18:55:55+08	\N	dbfbe5950ad449f5a4620e5732ec3e7a
298	eyJhbGciOiJIUzI1NiIsInR5cCI6IkpXVCJ9.eyJ0b2tlbl90eXBlIjoicmVmcmVzaCIsImV4cCI6MTc0MTk0OTgxOCwiaWF0IjoxNzM5MzU3ODE4LCJqdGkiOiI5NGNiM2Y1NmQ1Yjg0OWNmOGM2ZDU3MzA3NzBjODNhNCIsInVzZXJfaWQiOjF9.O6UmhiwxOqCFJyWZ8mOPCzmHnNh7Lg6zdCctup8Pjr4	\N	2025-03-14 18:56:58+08	\N	94cb3f56d5b849cf8c6d5730770c83a4
299	eyJhbGciOiJIUzI1NiIsInR5cCI6IkpXVCJ9.eyJ0b2tlbl90eXBlIjoicmVmcmVzaCIsImV4cCI6MTc0MTk0OTg0NCwiaWF0IjoxNzM5MzU3ODQ0LCJqdGkiOiIwM2E4ZDAwMzBhZjU0MjE0OWE5ZDQ1ZWM3ZjdlM2Y5ZSIsInVzZXJfaWQiOjF9.dRglgLAxmc52XIuW7pa4a_WwEflLs87tZR-P04By2QQ	\N	2025-03-14 18:57:24+08	\N	03a8d0030af542149a9d45ec7f7e3f9e
300	eyJhbGciOiJIUzI1NiIsInR5cCI6IkpXVCJ9.eyJ0b2tlbl90eXBlIjoicmVmcmVzaCIsImV4cCI6MTc0MTk0OTk2MywiaWF0IjoxNzM5MzU3OTYzLCJqdGkiOiI5ODMzZTg4YmQ2Nzc0NmJlOWFkZDBjZTZmNmFhMmJlYSIsInVzZXJfaWQiOjF9.vSiprB41DWCrCZxSJKVw88Fd5eYCIeVQR-_M-H60LiI	\N	2025-03-14 18:59:23+08	\N	9833e88bd67746be9add0ce6f6aa2bea
301	eyJhbGciOiJIUzI1NiIsInR5cCI6IkpXVCJ9.eyJ0b2tlbl90eXBlIjoicmVmcmVzaCIsImV4cCI6MTc0MTk1MDA0OSwiaWF0IjoxNzM5MzU4MDQ5LCJqdGkiOiI2NDM1ZTQ1ZDIyNDQ0MmU3OWI2ODc1MmI1NmFjMmI0YSIsInVzZXJfaWQiOjF9.sAKpYeO8Tg3p1-_uu0tF1gtOaeNA888e6mQbG4mwhJQ	\N	2025-03-14 19:00:49+08	\N	6435e45d224442e79b68752b56ac2b4a
302	eyJhbGciOiJIUzI1NiIsInR5cCI6IkpXVCJ9.eyJ0b2tlbl90eXBlIjoicmVmcmVzaCIsImV4cCI6MTc0MTk1MDA4MywiaWF0IjoxNzM5MzU4MDgzLCJqdGkiOiIzYjI4Nzg4MmRlMTM0ZWQzOWM1YTMxNjRiYjBkZmJjMSIsInVzZXJfaWQiOjF9.kG_WYYNsNCtg8kht-spntKe3heHUvCFdPiqTNdAMB9A	\N	2025-03-14 19:01:23+08	\N	3b287882de134ed39c5a3164bb0dfbc1
303	eyJhbGciOiJIUzI1NiIsInR5cCI6IkpXVCJ9.eyJ0b2tlbl90eXBlIjoicmVmcmVzaCIsImV4cCI6MTc0MTk1MDA5NCwiaWF0IjoxNzM5MzU4MDk0LCJqdGkiOiIwMTUwY2I2NThiYjg0YTJmOTdhZDU1MDYxMTJkMmZiZCIsInVzZXJfaWQiOjF9.gvStsxnzG2uFV2xN4bBKacxhqu8wXFcOOOwKc89tIdE	\N	2025-03-14 19:01:34+08	\N	0150cb658bb84a2f97ad5506112d2fbd
304	eyJhbGciOiJIUzI1NiIsInR5cCI6IkpXVCJ9.eyJ0b2tlbl90eXBlIjoicmVmcmVzaCIsImV4cCI6MTc0MTk1MDMyNSwiaWF0IjoxNzM5MzU4MzI1LCJqdGkiOiJmZmI3MDk3NmMxZmU0NzU0YjdkOTRhYjgxZDY1NDQ1YiIsInVzZXJfaWQiOjF9._sHAv4a99XIL-cFiilwE8aPh1_OBomjwmRay7Aj08Ws	\N	2025-03-14 19:05:25+08	\N	ffb70976c1fe4754b7d94ab81d65445b
305	eyJhbGciOiJIUzI1NiIsInR5cCI6IkpXVCJ9.eyJ0b2tlbl90eXBlIjoicmVmcmVzaCIsImV4cCI6MTc0MTk1MDM0NiwiaWF0IjoxNzM5MzU4MzQ2LCJqdGkiOiJiNWUyOWUzZGE3ZjA0NWVlODc5MGUzN2FlNDVmYzQwZiIsInVzZXJfaWQiOjF9.0htapRsWDEODxiNZs5QxY8aG_lmLKeTstSmv3d2ZPRs	\N	2025-03-14 19:05:46+08	\N	b5e29e3da7f045ee8790e37ae45fc40f
306	eyJhbGciOiJIUzI1NiIsInR5cCI6IkpXVCJ9.eyJ0b2tlbl90eXBlIjoicmVmcmVzaCIsImV4cCI6MTc0MTk1MDQwNCwiaWF0IjoxNzM5MzU4NDA0LCJqdGkiOiI3MDRiYjQwYmVmMzQ0ODBmOTgyMDQwM2QyNjc1M2JhYyIsInVzZXJfaWQiOjF9.OD7gQfrg4KfjEqDEQLHxxUPl27WNcAJp62fu33WQi9E	\N	2025-03-14 19:06:44+08	\N	704bb40bef34480f9820403d26753bac
307	eyJhbGciOiJIUzI1NiIsInR5cCI6IkpXVCJ9.eyJ0b2tlbl90eXBlIjoicmVmcmVzaCIsImV4cCI6MTc0MTk1MDUxNywiaWF0IjoxNzM5MzU4NTE3LCJqdGkiOiIwYTNhZWYxNzRjMDE0ZmI0OGIwMmJhMDg3N2RiZGFhMSIsInVzZXJfaWQiOjF9.OVcjwKAgQCqIZ5Q_IaaW4x2TDfNcVywhTJwAue2mcIY	\N	2025-03-14 19:08:37+08	\N	0a3aef174c014fb48b02ba0877dbdaa1
308	eyJhbGciOiJIUzI1NiIsInR5cCI6IkpXVCJ9.eyJ0b2tlbl90eXBlIjoicmVmcmVzaCIsImV4cCI6MTc0MTk1MDY5OSwiaWF0IjoxNzM5MzU4Njk5LCJqdGkiOiJmZTQ0ODliNDcxNjc0MDMzYmExMzBmMzA5YjVmN2IzZSIsInVzZXJfaWQiOjF9.fheWlep3_w_kGGwQDAbDACLsi3g3QAauCO0s0nd8rUM	\N	2025-03-14 19:11:39+08	\N	fe4489b471674033ba130f309b5f7b3e
309	eyJhbGciOiJIUzI1NiIsInR5cCI6IkpXVCJ9.eyJ0b2tlbl90eXBlIjoicmVmcmVzaCIsImV4cCI6MTc0MTk1MDcwOSwiaWF0IjoxNzM5MzU4NzA5LCJqdGkiOiI3ZGYxOThjZTY2MTc0MzNiOWUzMDUyYmUwNWVmMWE2YyIsInVzZXJfaWQiOjF9.qHqdBUY1q-aar6zHdoFdkClHicfMip837DJYTX0V1Ck	\N	2025-03-14 19:11:49+08	\N	7df198ce6617433b9e3052be05ef1a6c
310	eyJhbGciOiJIUzI1NiIsInR5cCI6IkpXVCJ9.eyJ0b2tlbl90eXBlIjoicmVmcmVzaCIsImV4cCI6MTc0MTk1MDcyMSwiaWF0IjoxNzM5MzU4NzIxLCJqdGkiOiIzYmIzYzNkMzQ0Y2Y0NWU1YWVmYzI2MDY3NzA1Y2Y1MiIsInVzZXJfaWQiOjF9.K29DPPMSKv9oMCd3oIAcJbwEMQfGvGWcbKUAXJ33xP8	\N	2025-03-14 19:12:01+08	\N	3bb3c3d344cf45e5aefc26067705cf52
311	eyJhbGciOiJIUzI1NiIsInR5cCI6IkpXVCJ9.eyJ0b2tlbl90eXBlIjoicmVmcmVzaCIsImV4cCI6MTc0MTk1MDczMywiaWF0IjoxNzM5MzU4NzMzLCJqdGkiOiJiYTQ1MjgwMjZhMDc0MDlhOTk2ZjNmNGNmN2IzYzIwMCIsInVzZXJfaWQiOjF9.KY1JKI5ViAHal3cJOSXI7Rbo6PwIMedPsvKk8VnrXHE	\N	2025-03-14 19:12:13+08	\N	ba4528026a07409a996f3f4cf7b3c200
312	eyJhbGciOiJIUzI1NiIsInR5cCI6IkpXVCJ9.eyJ0b2tlbl90eXBlIjoicmVmcmVzaCIsImV4cCI6MTc0MTk1MDc1MSwiaWF0IjoxNzM5MzU4NzUxLCJqdGkiOiJiNDUzMjQyOTI1OTA0OGQ0YTE5ODI4MWQ3N2ZjY2QyYyIsInVzZXJfaWQiOjF9.Ng_lX3ovO2jH4AcbNIovgJRspxXexC4d24DjvUNLA0c	\N	2025-03-14 19:12:31+08	\N	b4532429259048d4a198281d77fccd2c
313	eyJhbGciOiJIUzI1NiIsInR5cCI6IkpXVCJ9.eyJ0b2tlbl90eXBlIjoicmVmcmVzaCIsImV4cCI6MTc0MTk1MDc2NywiaWF0IjoxNzM5MzU4NzY3LCJqdGkiOiJkNDkyMTA4YzRhYWQ0OGVkODVhMzMxNzY1M2M0NzZlZiIsInVzZXJfaWQiOjF9.p4PFWoq2DNm4NjPHHZxBFdJZ6-1r0nkSJClNJ2EkFqY	\N	2025-03-14 19:12:47+08	\N	d492108c4aad48ed85a3317653c476ef
314	eyJhbGciOiJIUzI1NiIsInR5cCI6IkpXVCJ9.eyJ0b2tlbl90eXBlIjoicmVmcmVzaCIsImV4cCI6MTc0MTk1MTAzMiwiaWF0IjoxNzM5MzU5MDMyLCJqdGkiOiI5MDQ1MDNmNDI4ZDU0MTRlYTkwNjI0MGVkOGMzZGJhZSIsInVzZXJfaWQiOjF9.QprcP3S_DRQ6k3PxgC9Vb4dXrFumVlAU-eKMmGtxzug	\N	2025-03-14 19:17:12+08	\N	904503f428d5414ea906240ed8c3dbae
315	eyJhbGciOiJIUzI1NiIsInR5cCI6IkpXVCJ9.eyJ0b2tlbl90eXBlIjoicmVmcmVzaCIsImV4cCI6MTc0MTk1MTE2NiwiaWF0IjoxNzM5MzU5MTY2LCJqdGkiOiIyYzdlZTE4NGViNjI0MmJlOTAyMTBhNzJlMzk0NGUxNiIsInVzZXJfaWQiOjF9.1CZXrQmeJv1juRxH_kHjys8msZBSK_46v1brWGibzzw	\N	2025-03-14 19:19:26+08	\N	2c7ee184eb6242be90210a72e3944e16
316	eyJhbGciOiJIUzI1NiIsInR5cCI6IkpXVCJ9.eyJ0b2tlbl90eXBlIjoicmVmcmVzaCIsImV4cCI6MTc0MTk1MTIzMCwiaWF0IjoxNzM5MzU5MjMwLCJqdGkiOiJiYjM0YTMyMDVkOWQ0ZDBjYmQ1M2UzZTRhOTFkYjA1ZSIsInVzZXJfaWQiOjF9.SkjUJ7-dXc30oigzThFEq_OL4LVvmDiDuimZ8bRcd5M	\N	2025-03-14 19:20:30+08	\N	bb34a3205d9d4d0cbd53e3e4a91db05e
317	eyJhbGciOiJIUzI1NiIsInR5cCI6IkpXVCJ9.eyJ0b2tlbl90eXBlIjoicmVmcmVzaCIsImV4cCI6MTc0MTk1MTM5MiwiaWF0IjoxNzM5MzU5MzkyLCJqdGkiOiI0YjcyODE2MmE3OTg0NDkwYjI5YmU5YTM4NjQwODMxYyIsInVzZXJfaWQiOjF9.kGochj6QY9CkW0i0IXIoEW3tdlf7clY6uHIOagJVndI	\N	2025-03-14 19:23:12+08	\N	4b728162a7984490b29be9a38640831c
318	eyJhbGciOiJIUzI1NiIsInR5cCI6IkpXVCJ9.eyJ0b2tlbl90eXBlIjoicmVmcmVzaCIsImV4cCI6MTc0MTk1MTUwMSwiaWF0IjoxNzM5MzU5NTAxLCJqdGkiOiJkYzdkNTkyZmMxZTY0NWU5OTAyMGJkYzczMWU3Zjc1OCIsInVzZXJfaWQiOjF9.93N5af46lvn9ciHv8EASJVA1mlS5SHNlCo92ggavAKk	\N	2025-03-14 19:25:01+08	\N	dc7d592fc1e645e99020bdc731e7f758
319	eyJhbGciOiJIUzI1NiIsInR5cCI6IkpXVCJ9.eyJ0b2tlbl90eXBlIjoicmVmcmVzaCIsImV4cCI6MTc0MTk1MTU2OCwiaWF0IjoxNzM5MzU5NTY4LCJqdGkiOiJiYjI5ZGY2NDM4NmI0YThlYTAyNjk1MzBhNzMwNjNjMSIsInVzZXJfaWQiOjF9.VUfWPntlz3Xw5rwow4eBrk1hzznP88yiQ6sXNFtgN6Y	\N	2025-03-14 19:26:08+08	\N	bb29df64386b4a8ea0269530a73063c1
320	eyJhbGciOiJIUzI1NiIsInR5cCI6IkpXVCJ9.eyJ0b2tlbl90eXBlIjoicmVmcmVzaCIsImV4cCI6MTc0MTk1MTY5MywiaWF0IjoxNzM5MzU5NjkzLCJqdGkiOiI3OWI5ZDU5ZGZiMGE0MDg0YTIzODA4Zjk2ZTBjZDYwZiIsInVzZXJfaWQiOjF9.ioTLC6Ye94RXv3NTLI8rHYkOwEe-BK4zsnB_o4AS2Z0	\N	2025-03-14 19:28:13+08	\N	79b9d59dfb0a4084a23808f96e0cd60f
321	eyJhbGciOiJIUzI1NiIsInR5cCI6IkpXVCJ9.eyJ0b2tlbl90eXBlIjoicmVmcmVzaCIsImV4cCI6MTc0MTk1MTczMywiaWF0IjoxNzM5MzU5NzMzLCJqdGkiOiI0MGZmYzAzYmE2ZTc0YzVlYTJhMTQ4YTE2ZGEzYzM5YSIsInVzZXJfaWQiOjF9.oh7qm_jsgH4wvV6LC_xUwJAvMIo1-Z83vq_Kx9hb_00	\N	2025-03-14 19:28:53+08	\N	40ffc03ba6e74c5ea2a148a16da3c39a
322	eyJhbGciOiJIUzI1NiIsInR5cCI6IkpXVCJ9.eyJ0b2tlbl90eXBlIjoicmVmcmVzaCIsImV4cCI6MTc0MTk1MTg5MSwiaWF0IjoxNzM5MzU5ODkxLCJqdGkiOiI5NmRjMzg3OTE4NjU0NGUwOWVhM2I1NzA3ZGQwMWUzNSIsInVzZXJfaWQiOjF9.rqibBOg2mie0dvR3suKUPJVv7tf-Cf9pfSL3PqvRf9A	\N	2025-03-14 19:31:31+08	\N	96dc3879186544e09ea3b5707dd01e35
323	eyJhbGciOiJIUzI1NiIsInR5cCI6IkpXVCJ9.eyJ0b2tlbl90eXBlIjoicmVmcmVzaCIsImV4cCI6MTc0MTk1MTkxOCwiaWF0IjoxNzM5MzU5OTE4LCJqdGkiOiJmYWFiOTlhNTgyYTM0MjE5YTViMTY5ZGIzOGExOGJiOSIsInVzZXJfaWQiOjF9.zP3MtOnNzS58AQ6UU5m_feYTqI_UuWQrbd6resXVr68	\N	2025-03-14 19:31:58+08	\N	faab99a582a34219a5b169db38a18bb9
324	eyJhbGciOiJIUzI1NiIsInR5cCI6IkpXVCJ9.eyJ0b2tlbl90eXBlIjoicmVmcmVzaCIsImV4cCI6MTc0MTk1MjU0MiwiaWF0IjoxNzM5MzYwNTQyLCJqdGkiOiIyMjk2NTYyMTBmMTA0MTkxYTA5OGU3NThkZWM1MmJiMSIsInVzZXJfaWQiOjF9.wpheJsY_YU6sJts-t1utxiae18OIXL9uLraEdkCixR0	\N	2025-03-14 19:42:22+08	\N	229656210f104191a098e758dec52bb1
325	eyJhbGciOiJIUzI1NiIsInR5cCI6IkpXVCJ9.eyJ0b2tlbl90eXBlIjoicmVmcmVzaCIsImV4cCI6MTc0MTk1MjU0NiwiaWF0IjoxNzM5MzYwNTQ2LCJqdGkiOiI0NDJjMjhhOTRkZWQ0ZGJmOTc2NTE0N2E5MTI5OGEzMiIsInVzZXJfaWQiOjF9.BeouBd_WpyJbLTO-9qT2IKV8GpQ-CnKH-UD1SRD7Jp8	\N	2025-03-14 19:42:26+08	\N	442c28a94ded4dbf9765147a91298a32
326	eyJhbGciOiJIUzI1NiIsInR5cCI6IkpXVCJ9.eyJ0b2tlbl90eXBlIjoicmVmcmVzaCIsImV4cCI6MTc0MTk1MjU0OCwiaWF0IjoxNzM5MzYwNTQ4LCJqdGkiOiJmZjUyZTY1NTJmMTc0YTQ1OGEzMmU2Zjc1M2JhYjUzMCIsInVzZXJfaWQiOjF9.KtQCZxKCKhnpjPCYZend88n02LTM985cK7CpVBpKAwM	\N	2025-03-14 19:42:28+08	\N	ff52e6552f174a458a32e6f753bab530
327	eyJhbGciOiJIUzI1NiIsInR5cCI6IkpXVCJ9.eyJ0b2tlbl90eXBlIjoicmVmcmVzaCIsImV4cCI6MTc0MTk1MjU4MSwiaWF0IjoxNzM5MzYwNTgxLCJqdGkiOiIyY2QyOWFkYzEwMWQ0ODlkYjhkOGIyZGRhYmVhOTAwZSIsInVzZXJfaWQiOjF9.-p32MHHi8lTTbn51LvWS9UoU5L0y803ZCMiO9UTIzpA	\N	2025-03-14 19:43:01+08	\N	2cd29adc101d489db8d8b2ddabea900e
328	eyJhbGciOiJIUzI1NiIsInR5cCI6IkpXVCJ9.eyJ0b2tlbl90eXBlIjoicmVmcmVzaCIsImV4cCI6MTc0MTk1Mjc2NiwiaWF0IjoxNzM5MzYwNzY2LCJqdGkiOiIwM2RhYmJmNzFlMzg0M2EyODFjOTU2MWU0ZGZkMWU3MSIsInVzZXJfaWQiOjF9.AOJp3tQ6Z9Ea4cIgkofFuttTAy3fTqd-jbBJPdJsdQo	\N	2025-03-14 19:46:06+08	\N	03dabbf71e3843a281c9561e4dfd1e71
329	eyJhbGciOiJIUzI1NiIsInR5cCI6IkpXVCJ9.eyJ0b2tlbl90eXBlIjoicmVmcmVzaCIsImV4cCI6MTc0MTk1Mjk1NywiaWF0IjoxNzM5MzYwOTU3LCJqdGkiOiI3OTAwZDExYzA5ZWY0YmRkYTIxMjM4OWE4ODdiNWNmZiIsInVzZXJfaWQiOjF9.RIqc_5wGHpFLvO2A_hq-jzVFnDYOqgOimqVFKvAReqU	\N	2025-03-14 19:49:17+08	\N	7900d11c09ef4bdda212389a887b5cff
330	eyJhbGciOiJIUzI1NiIsInR5cCI6IkpXVCJ9.eyJ0b2tlbl90eXBlIjoicmVmcmVzaCIsImV4cCI6MTc0MTk1MzAzOCwiaWF0IjoxNzM5MzYxMDM4LCJqdGkiOiIyMjA5OWU2MjIyN2I0MzUxYjNkZDFlMjQyYzVjMDIxYiIsInVzZXJfaWQiOjF9.gXj35YeiMx_vd_mIhNblNQ2iK4O9F5WofVVBORLTjaY	\N	2025-03-14 19:50:38+08	\N	22099e62227b4351b3dd1e242c5c021b
331	eyJhbGciOiJIUzI1NiIsInR5cCI6IkpXVCJ9.eyJ0b2tlbl90eXBlIjoicmVmcmVzaCIsImV4cCI6MTc0MTk1MzU1NSwiaWF0IjoxNzM5MzYxNTU1LCJqdGkiOiIzY2FmMzZkNTgzOGY0ZDBjYWUzNmIwZGJjNWNiOGRmYyIsInVzZXJfaWQiOjF9.37Mvy5Ytk2JqhZHwEYANJfkLhySiBRKGtcS8IfWEI1A	\N	2025-03-14 19:59:15+08	\N	3caf36d5838f4d0cae36b0dbc5cb8dfc
332	eyJhbGciOiJIUzI1NiIsInR5cCI6IkpXVCJ9.eyJ0b2tlbl90eXBlIjoicmVmcmVzaCIsImV4cCI6MTc0MTk1MzYwMywiaWF0IjoxNzM5MzYxNjAzLCJqdGkiOiIzNGY2ZDE5NTRkYTY0YThhOWQzZTYzOGVlMmQ2N2QyMyIsInVzZXJfaWQiOjF9.ymKUKxpyj2euQG-VQ-We5uB0V1UCz1MGgKr11dC4eXo	\N	2025-03-14 20:00:03+08	\N	34f6d1954da64a8a9d3e638ee2d67d23
333	eyJhbGciOiJIUzI1NiIsInR5cCI6IkpXVCJ9.eyJ0b2tlbl90eXBlIjoicmVmcmVzaCIsImV4cCI6MTc0MTk1NDE0NywiaWF0IjoxNzM5MzYyMTQ3LCJqdGkiOiI5NDZjMjI0NWI0YjA0MTU2YjBjYjZmY2QxMDdhZmU1ZiIsInVzZXJfaWQiOjF9.KBlrLdQ4SFboC6_F6y39wuAFfM6Bt1mm3bA6A8ugY8I	\N	2025-03-14 20:09:07+08	\N	946c2245b4b04156b0cb6fcd107afe5f
334	eyJhbGciOiJIUzI1NiIsInR5cCI6IkpXVCJ9.eyJ0b2tlbl90eXBlIjoicmVmcmVzaCIsImV4cCI6MTc0MTk1NDYzMiwiaWF0IjoxNzM5MzYyNjMyLCJqdGkiOiIzMGNkZGQ4NTEwYWI0MTYzODEzZjgwMDA0NzQwZjBjNSIsInVzZXJfaWQiOjF9.lzPHTl2488RC6Bj-WCPzs_Dmm7r3wwNNyvb5FOcGL0E	\N	2025-03-14 20:17:12+08	\N	30cddd8510ab4163813f80004740f0c5
335	eyJhbGciOiJIUzI1NiIsInR5cCI6IkpXVCJ9.eyJ0b2tlbl90eXBlIjoicmVmcmVzaCIsImV4cCI6MTc0MTk1NDcwMSwiaWF0IjoxNzM5MzYyNzAxLCJqdGkiOiI1MGU3YjIwYTNjYjg0OGI1ODdkYTQzYzAwZjlhMmM0ZCIsInVzZXJfaWQiOjF9.Fhni-o3ftCVl8EWa1h23DYarLoJPXoyKLOEjoesVkgY	\N	2025-03-14 20:18:21+08	\N	50e7b20a3cb848b587da43c00f9a2c4d
336	eyJhbGciOiJIUzI1NiIsInR5cCI6IkpXVCJ9.eyJ0b2tlbl90eXBlIjoicmVmcmVzaCIsImV4cCI6MTc0MTk1NDcyMSwiaWF0IjoxNzM5MzYyNzIxLCJqdGkiOiI0MWEzNzU3MTIxOTU0OTcwYmViNzE5OGE2NTI5OTA4YyIsInVzZXJfaWQiOjF9.kfF7Av40LfbsTXDmR50N8onOM1ySDvEp-hCtrm6-M8Q	\N	2025-03-14 20:18:41+08	\N	41a3757121954970beb7198a6529908c
337	eyJhbGciOiJIUzI1NiIsInR5cCI6IkpXVCJ9.eyJ0b2tlbl90eXBlIjoicmVmcmVzaCIsImV4cCI6MTc0MTk1NDg1NywiaWF0IjoxNzM5MzYyODU3LCJqdGkiOiI5ZTcwNzVmZWQxMjc0MDlhOWY1Y2M1YWM5NzJjZjI3YSIsInVzZXJfaWQiOjF9.8M6EAwVMy9-fsxnReZ2DHK0UQ8bT1l0ReLuRBZj03XI	\N	2025-03-14 20:20:57+08	\N	9e7075fed127409a9f5cc5ac972cf27a
338	eyJhbGciOiJIUzI1NiIsInR5cCI6IkpXVCJ9.eyJ0b2tlbl90eXBlIjoicmVmcmVzaCIsImV4cCI6MTc0MTk1NTEwOCwiaWF0IjoxNzM5MzYzMTA4LCJqdGkiOiIyN2Q3YWQyMGU3NDA0ZWU3OGVmYzA5ODUxNDA0YzU1YiIsInVzZXJfaWQiOjF9.EXIciBQPNabsrBqShjbrtB73uestUN2K_eLPIu6fV0w	\N	2025-03-14 20:25:08+08	\N	27d7ad20e7404ee78efc09851404c55b
339	eyJhbGciOiJIUzI1NiIsInR5cCI6IkpXVCJ9.eyJ0b2tlbl90eXBlIjoicmVmcmVzaCIsImV4cCI6MTc0MTk1NTExMywiaWF0IjoxNzM5MzYzMTEzLCJqdGkiOiJiZWFiODA3MzliYTI0YzdmYTFmZGI4OWU0YWY0N2YyMyIsInVzZXJfaWQiOjF9.JjZ5O1sCj-7nn8x46VZZXavcG0s2EF1xVu9igXWIHBA	\N	2025-03-14 20:25:13+08	\N	beab80739ba24c7fa1fdb89e4af47f23
340	eyJhbGciOiJIUzI1NiIsInR5cCI6IkpXVCJ9.eyJ0b2tlbl90eXBlIjoicmVmcmVzaCIsImV4cCI6MTc0MTk1NTE2MCwiaWF0IjoxNzM5MzYzMTYwLCJqdGkiOiIzYWI0YmIyY2I1YTU0NTQ4ODc5ZWE0MGZkM2M2YWQzNCIsInVzZXJfaWQiOjF9.w-_igj1Ur_IwRoCBvjWNV9efqoR4lrm4jFpC7KoqJz8	\N	2025-03-14 20:26:00+08	\N	3ab4bb2cb5a54548879ea40fd3c6ad34
341	eyJhbGciOiJIUzI1NiIsInR5cCI6IkpXVCJ9.eyJ0b2tlbl90eXBlIjoicmVmcmVzaCIsImV4cCI6MTc0MTk1NTE3MCwiaWF0IjoxNzM5MzYzMTcwLCJqdGkiOiJiNmM0MTA5M2VmMmY0NWE4YjQyNzFhNmIxNGE0M2JiNSIsInVzZXJfaWQiOjF9.zHVrprM4pqMEmNzep_YIRf6kA2ID62CicrIuHORDc5E	\N	2025-03-14 20:26:10+08	\N	b6c41093ef2f45a8b4271a6b14a43bb5
342	eyJhbGciOiJIUzI1NiIsInR5cCI6IkpXVCJ9.eyJ0b2tlbl90eXBlIjoicmVmcmVzaCIsImV4cCI6MTc0MTk1NTE3MywiaWF0IjoxNzM5MzYzMTczLCJqdGkiOiI0ZTUxY2E4MzQ3ZTk0ZmU0ODBlNzYwNWYzZjYwMGVkOSIsInVzZXJfaWQiOjF9.HKcM2rGYVwTxu0_bCAmzOmz_YJY6lpHyvPtpsPSIkC0	\N	2025-03-14 20:26:13+08	\N	4e51ca8347e94fe480e7605f3f600ed9
343	eyJhbGciOiJIUzI1NiIsInR5cCI6IkpXVCJ9.eyJ0b2tlbl90eXBlIjoicmVmcmVzaCIsImV4cCI6MTc0MTk1NTM2OCwiaWF0IjoxNzM5MzYzMzY4LCJqdGkiOiI5NzRkODA1OTFhNDI0N2IwOGM1ZWY5YjRkOTdiOTc5YSIsInVzZXJfaWQiOjF9.X334P_3S4lAR5k895tCpH2pdwYikmBT3eGzcPGuoXwY	\N	2025-03-14 20:29:28+08	\N	974d80591a4247b08c5ef9b4d97b979a
344	eyJhbGciOiJIUzI1NiIsInR5cCI6IkpXVCJ9.eyJ0b2tlbl90eXBlIjoicmVmcmVzaCIsImV4cCI6MTc0MTk1NTYzMSwiaWF0IjoxNzM5MzYzNjMxLCJqdGkiOiI0ZTQ2NGNhZTQzYzk0ZTY4OGVmZTFmOWFhZGFmZDkzMyIsInVzZXJfaWQiOjF9.THH6xzI925KSKAZn1flK9iW_W17p-MwNZ_6-jBAnh-s	\N	2025-03-14 20:33:51+08	\N	4e464cae43c94e688efe1f9aadafd933
345	eyJhbGciOiJIUzI1NiIsInR5cCI6IkpXVCJ9.eyJ0b2tlbl90eXBlIjoicmVmcmVzaCIsImV4cCI6MTc0MTk1NTYzMywiaWF0IjoxNzM5MzYzNjMzLCJqdGkiOiI5ZTk1ZDhmNGNlMWE0NTZlOWJmOTY4YTE2Y2E3ODQ1ZiIsInVzZXJfaWQiOjF9._JR57Ork9JwcMGQiVuEV6cGFTuysmzeNBoMPfoZMuNE	\N	2025-03-14 20:33:53+08	\N	9e95d8f4ce1a456e9bf968a16ca7845f
346	eyJhbGciOiJIUzI1NiIsInR5cCI6IkpXVCJ9.eyJ0b2tlbl90eXBlIjoicmVmcmVzaCIsImV4cCI6MTc0MTk1NjAzNSwiaWF0IjoxNzM5MzY0MDM1LCJqdGkiOiJlN2E3YTU5ZGZjOWQ0YzlmOWI1ZDJkYzU1NjBhZmE4OSIsInVzZXJfaWQiOjF9.7pI72LDr2YpKaLOOb15NMwu5bu-soiRuato-p_M0CNo	\N	2025-03-14 20:40:35+08	\N	e7a7a59dfc9d4c9f9b5d2dc5560afa89
347	eyJhbGciOiJIUzI1NiIsInR5cCI6IkpXVCJ9.eyJ0b2tlbl90eXBlIjoicmVmcmVzaCIsImV4cCI6MTc0MTk1NjA0MSwiaWF0IjoxNzM5MzY0MDQxLCJqdGkiOiI3NzhjYzNmYjhjMDE0YjFiYTRkYmYzMjJmOWE4OGQzMSIsInVzZXJfaWQiOjF9.PW3mkUGKR2AxQgA1JM3-S0e6aI4Y5cOqfHBLM58eq3Y	\N	2025-03-14 20:40:41+08	\N	778cc3fb8c014b1ba4dbf322f9a88d31
348	eyJhbGciOiJIUzI1NiIsInR5cCI6IkpXVCJ9.eyJ0b2tlbl90eXBlIjoicmVmcmVzaCIsImV4cCI6MTc0MTk1NjA0OSwiaWF0IjoxNzM5MzY0MDQ5LCJqdGkiOiI0NjFjM2JlNWJkMjg0MjFkYTk3NTI1MjU3YjYzNzE5NiIsInVzZXJfaWQiOjF9.0nsbsXefF67_pAALV9tCrION0CR4eJ4aQvOhaRO18qQ	\N	2025-03-14 20:40:49+08	\N	461c3be5bd28421da97525257b637196
349	eyJhbGciOiJIUzI1NiIsInR5cCI6IkpXVCJ9.eyJ0b2tlbl90eXBlIjoicmVmcmVzaCIsImV4cCI6MTc0MTk1NjgxMiwiaWF0IjoxNzM5MzY0ODEyLCJqdGkiOiJlYjgzYTcyNjMwMGU0MDZmYmFlMDU1NDMyMmU0N2VjZSIsInVzZXJfaWQiOjF9.uZCTXiOzWo8flfJayFK9qYHZFfMwZLass-NlFX9S7mQ	\N	2025-03-14 20:53:32+08	\N	eb83a726300e406fbae0554322e47ece
350	eyJhbGciOiJIUzI1NiIsInR5cCI6IkpXVCJ9.eyJ0b2tlbl90eXBlIjoicmVmcmVzaCIsImV4cCI6MTc0MTk1NzU1MiwiaWF0IjoxNzM5MzY1NTUyLCJqdGkiOiJkMmM2ZWNlMzE3NzM0NjcyOTFjYTU4NzlkYzFhYmY4MiIsInVzZXJfaWQiOjF9.Rsqqz-IkFNuJPeqKoqYIJ-dXUoasaply9Wz3pRMHmq0	\N	2025-03-14 21:05:52+08	\N	d2c6ece31773467291ca5879dc1abf82
351	eyJhbGciOiJIUzI1NiIsInR5cCI6IkpXVCJ9.eyJ0b2tlbl90eXBlIjoicmVmcmVzaCIsImV4cCI6MTc0MTk1NzU5NSwiaWF0IjoxNzM5MzY1NTk1LCJqdGkiOiIxNzc2ZGI0YWQ0NTU0MThlYTBiZTUzMjRkMWUzODk0YiIsInVzZXJfaWQiOjF9.kejk4DtOVgUlV9fycfnWh-_2nXmCG7K1EaJ48OIpWJY	\N	2025-03-14 21:06:35+08	\N	1776db4ad455418ea0be5324d1e3894b
352	eyJhbGciOiJIUzI1NiIsInR5cCI6IkpXVCJ9.eyJ0b2tlbl90eXBlIjoicmVmcmVzaCIsImV4cCI6MTc0MTk1NzYzNiwiaWF0IjoxNzM5MzY1NjM2LCJqdGkiOiJjMGRiMDE5NTIwNmM0NzQyODA3YjQ4ZjUwOTFiYjA0OSIsInVzZXJfaWQiOjF9.qeQcsTpkUDIRgeQhZKvIf5VdYWQ70y7rlH7szKh73pY	\N	2025-03-14 21:07:16+08	\N	c0db0195206c4742807b48f5091bb049
353	eyJhbGciOiJIUzI1NiIsInR5cCI6IkpXVCJ9.eyJ0b2tlbl90eXBlIjoicmVmcmVzaCIsImV4cCI6MTc0MTk1NzY5MywiaWF0IjoxNzM5MzY1NjkzLCJqdGkiOiI4OTExMjJlZThiNWU0MjIwYTMyMmZhYzljZmIyMzk3MyIsInVzZXJfaWQiOjF9.JbL5iaZrU-_tGTdy5ZHboP3m8jgeJqrq91aC9euMUx4	\N	2025-03-14 21:08:13+08	\N	891122ee8b5e4220a322fac9cfb23973
354	eyJhbGciOiJIUzI1NiIsInR5cCI6IkpXVCJ9.eyJ0b2tlbl90eXBlIjoicmVmcmVzaCIsImV4cCI6MTc0MTk1NzY5OCwiaWF0IjoxNzM5MzY1Njk4LCJqdGkiOiJjZjc5MmI2OWI1ZGI0NmRkOGFkMWMyMTcyOTI4NDlhYyIsInVzZXJfaWQiOjF9.c3g77GjHaH72LgijKgJKliQHI1cix6u0Eb-oQwuwjIk	\N	2025-03-14 21:08:18+08	\N	cf792b69b5db46dd8ad1c217292849ac
355	eyJhbGciOiJIUzI1NiIsInR5cCI6IkpXVCJ9.eyJ0b2tlbl90eXBlIjoicmVmcmVzaCIsImV4cCI6MTc0MTk1NzcyOCwiaWF0IjoxNzM5MzY1NzI4LCJqdGkiOiIyMmMwZWUyNTUxMWI0ZThhYWM3MjFjY2RjMzkzNjY2ZiIsInVzZXJfaWQiOjF9.Bdc1OjvWV9NUvokem3VVpfxynmWl8eYFChlHbMhm_uU	\N	2025-03-14 21:08:48+08	\N	22c0ee25511b4e8aac721ccdc393666f
356	eyJhbGciOiJIUzI1NiIsInR5cCI6IkpXVCJ9.eyJ0b2tlbl90eXBlIjoicmVmcmVzaCIsImV4cCI6MTc0MTk1Nzc0NywiaWF0IjoxNzM5MzY1NzQ3LCJqdGkiOiIxMTI0Mzk5NTQ4OWY0MWZhYmUzNmI5NmIyYzU0YjRiMyIsInVzZXJfaWQiOjF9.tgT5cnONzxEF9EENdaazQgLSz-VYNRo_aZJe8PCVgls	\N	2025-03-14 21:09:07+08	\N	11243995489f41fabe36b96b2c54b4b3
357	eyJhbGciOiJIUzI1NiIsInR5cCI6IkpXVCJ9.eyJ0b2tlbl90eXBlIjoicmVmcmVzaCIsImV4cCI6MTc0MTk1NzgwOSwiaWF0IjoxNzM5MzY1ODA5LCJqdGkiOiIxMmY4ZmJkN2EzNGU0MTcxOTZjZTAwMGUxYTgzMTM1MSIsInVzZXJfaWQiOjF9.AVrFnmhFtd8VEipAT9X3CCDxtPAWzU-MvWP3WcjpyGI	\N	2025-03-14 21:10:09+08	\N	12f8fbd7a34e417196ce000e1a831351
358	eyJhbGciOiJIUzI1NiIsInR5cCI6IkpXVCJ9.eyJ0b2tlbl90eXBlIjoicmVmcmVzaCIsImV4cCI6MTc0MTk1ODMzMywiaWF0IjoxNzM5MzY2MzMzLCJqdGkiOiI5NzI2NDRjOGZhYTE0MGEwYTY4YzgyYmM0NTY0OGI3NiIsInVzZXJfaWQiOjF9.x6BuQw_nir-FSmkjaZ6a7My-qtsq80f-vXAz1lQIqHA	\N	2025-03-14 21:18:53+08	\N	972644c8faa140a0a68c82bc45648b76
359	eyJhbGciOiJIUzI1NiIsInR5cCI6IkpXVCJ9.eyJ0b2tlbl90eXBlIjoicmVmcmVzaCIsImV4cCI6MTc0MTk1ODgyMCwiaWF0IjoxNzM5MzY2ODIwLCJqdGkiOiIyM2QxZGE2MjA1Mzc0MjFjYjRkNTBjOTQ5YTU1ZDY4YiIsInVzZXJfaWQiOjF9.jKFlrb37ODBdW26TOtIQVmnsuJb5SIYgUbw88yUW258	\N	2025-03-14 21:27:00+08	\N	23d1da620537421cb4d50c949a55d68b
360	eyJhbGciOiJIUzI1NiIsInR5cCI6IkpXVCJ9.eyJ0b2tlbl90eXBlIjoicmVmcmVzaCIsImV4cCI6MTc0MTk1OTAzOSwiaWF0IjoxNzM5MzY3MDM5LCJqdGkiOiI2MzQwMzk5OThjODA0MDZhODg0NmU4MTQzY2UwZjg0YyIsInVzZXJfaWQiOjF9.hWfXIUQBtVThHRp0y-WU4j_3N9dlDoieZV3tZEoWrZw	\N	2025-03-14 21:30:39+08	\N	634039998c80406a8846e8143ce0f84c
361	eyJhbGciOiJIUzI1NiIsInR5cCI6IkpXVCJ9.eyJ0b2tlbl90eXBlIjoicmVmcmVzaCIsImV4cCI6MTc0MTk1OTIwMSwiaWF0IjoxNzM5MzY3MjAxLCJqdGkiOiI2ZWY4ZWI2ZmNiYmY0YjE1OTU3ZDQ3YjEzYjFhYzlhMiIsInVzZXJfaWQiOjF9.sVcZIbma5KP8zC4XONhEBfvvL9N0NV3doRJ7Z2D-pCQ	\N	2025-03-14 21:33:21+08	\N	6ef8eb6fcbbf4b15957d47b13b1ac9a2
362	eyJhbGciOiJIUzI1NiIsInR5cCI6IkpXVCJ9.eyJ0b2tlbl90eXBlIjoicmVmcmVzaCIsImV4cCI6MTc0MTk1OTQyMywiaWF0IjoxNzM5MzY3NDIzLCJqdGkiOiI5NDJhMTljNDI3MTM0YTU5YTE4YzVmMjI3MzVhMzlmYyIsInVzZXJfaWQiOjF9.YOKvsi36QRuEZUlMqTM7mUiMwjeZmQBGWjgkHhHFdMo	\N	2025-03-14 21:37:03+08	\N	942a19c427134a59a18c5f22735a39fc
363	eyJhbGciOiJIUzI1NiIsInR5cCI6IkpXVCJ9.eyJ0b2tlbl90eXBlIjoicmVmcmVzaCIsImV4cCI6MTc0MTk2MDYwNCwiaWF0IjoxNzM5MzY4NjA0LCJqdGkiOiJkOTQwMTNjYzYxNDQ0YmY2ODQzMWMyNjM1NTA2N2Q2ZCIsInVzZXJfaWQiOjF9.UtaCEEQECvFi912d7QtgZF9prbnlQXeVIrYUbu8_XuU	\N	2025-03-14 21:56:44+08	\N	d94013cc61444bf68431c26355067d6d
364	eyJhbGciOiJIUzI1NiIsInR5cCI6IkpXVCJ9.eyJ0b2tlbl90eXBlIjoicmVmcmVzaCIsImV4cCI6MTc0MTk2MDYzNSwiaWF0IjoxNzM5MzY4NjM1LCJqdGkiOiIwM2ZkNzk2MGMyZDk0MzczOTE2ODU2MjQ0MWEwN2MzOCIsInVzZXJfaWQiOjF9.UiGaqrLzQ3rPTfiBjCI1urFVEsCejRDhJeqLsLx1stk	\N	2025-03-14 21:57:15+08	\N	03fd7960c2d943739168562441a07c38
365	eyJhbGciOiJIUzI1NiIsInR5cCI6IkpXVCJ9.eyJ0b2tlbl90eXBlIjoicmVmcmVzaCIsImV4cCI6MTc0MTk2MDcwMSwiaWF0IjoxNzM5MzY4NzAxLCJqdGkiOiJiNDI0N2M1YzEwNTM0MDI2OTFhOWE0NTcxMWI1M2QyOCIsInVzZXJfaWQiOjF9.jg1s67VnZaWSFjvdyATsNya1d0HjCXin-wYl1ACo5Vc	\N	2025-03-14 21:58:21+08	\N	b4247c5c1053402691a9a45711b53d28
366	eyJhbGciOiJIUzI1NiIsInR5cCI6IkpXVCJ9.eyJ0b2tlbl90eXBlIjoicmVmcmVzaCIsImV4cCI6MTc0MTk2MTA0OCwiaWF0IjoxNzM5MzY5MDQ4LCJqdGkiOiIwYjIwMjM5NTQ3Yjk0ZjE0YWJkMGIxMDlkMjMyM2QyOCIsInVzZXJfaWQiOjF9.YOs7wuQ9L6DX4P8lvTYoGJ3IJNzlYfJpwHslZquZha0	\N	2025-03-14 22:04:08+08	\N	0b20239547b94f14abd0b109d2323d28
367	eyJhbGciOiJIUzI1NiIsInR5cCI6IkpXVCJ9.eyJ0b2tlbl90eXBlIjoicmVmcmVzaCIsImV4cCI6MTc0MTk2MTIxMywiaWF0IjoxNzM5MzY5MjEzLCJqdGkiOiJlMDgzOGFhZDJkMTU0MGRkOTVjZGNhMTdlOWEyNTBkOCIsInVzZXJfaWQiOjF9.tY3THaorAXVletsYpzfG8nnSVR13qE_GfHNkSid7-a0	\N	2025-03-14 22:06:53+08	\N	e0838aad2d1540dd95cdca17e9a250d8
368	eyJhbGciOiJIUzI1NiIsInR5cCI6IkpXVCJ9.eyJ0b2tlbl90eXBlIjoicmVmcmVzaCIsImV4cCI6MTc0MTk2MTI0MywiaWF0IjoxNzM5MzY5MjQzLCJqdGkiOiIzNTJiOWVkNTAyNmM0M2Y1OTQwMzBkZDc5MTE3OWM3OCIsInVzZXJfaWQiOjF9.ICVTOxsUWXQmaQ6LOMK5X775Q5_U6yakLzNOcmf-qks	\N	2025-03-14 22:07:23+08	\N	352b9ed5026c43f594030dd791179c78
369	eyJhbGciOiJIUzI1NiIsInR5cCI6IkpXVCJ9.eyJ0b2tlbl90eXBlIjoicmVmcmVzaCIsImV4cCI6MTc0MTk2MTI2MCwiaWF0IjoxNzM5MzY5MjYwLCJqdGkiOiI5ODFmYjEyMDIyZGI0NzNmYmI4MzkyYThmOGRjOWI1YSIsInVzZXJfaWQiOjF9.TMxwcCKc9467GflEGNuo6wRW8UvwMBdPrUJY-6TBIXo	\N	2025-03-14 22:07:40+08	\N	981fb12022db473fbb8392a8f8dc9b5a
370	eyJhbGciOiJIUzI1NiIsInR5cCI6IkpXVCJ9.eyJ0b2tlbl90eXBlIjoicmVmcmVzaCIsImV4cCI6MTc0MTk2MTI3OCwiaWF0IjoxNzM5MzY5Mjc4LCJqdGkiOiJjODFlMjNkYmE1ZGM0ZjZkYTIxYzMyN2M1MWI2OGZmMSIsInVzZXJfaWQiOjF9.lA3ynAt3hw3nJPYC-kU4kEb_PZrNg3IK9LwPQKklo50	\N	2025-03-14 22:07:58+08	\N	c81e23dba5dc4f6da21c327c51b68ff1
371	eyJhbGciOiJIUzI1NiIsInR5cCI6IkpXVCJ9.eyJ0b2tlbl90eXBlIjoicmVmcmVzaCIsImV4cCI6MTc0MTk2MTM1NiwiaWF0IjoxNzM5MzY5MzU2LCJqdGkiOiIzMTc5NWZlMmI2ZGQ0MTc1YmM5YTE3NmQ0OGQ1ODkyMSIsInVzZXJfaWQiOjF9.MMUd3tYd99EHQXaii15ysnTkDm1Doy2PBRtS5tXrmL0	\N	2025-03-14 22:09:16+08	\N	31795fe2b6dd4175bc9a176d48d58921
372	eyJhbGciOiJIUzI1NiIsInR5cCI6IkpXVCJ9.eyJ0b2tlbl90eXBlIjoicmVmcmVzaCIsImV4cCI6MTc0MTk2MTQ0NywiaWF0IjoxNzM5MzY5NDQ3LCJqdGkiOiI5YjIwNzkyN2Y0MDg0N2Q1OTQ1MmMzNjE0ZDI3OGU0MyIsInVzZXJfaWQiOjF9.zg3ZIWS3HsTG6zoO56Mz1BVCp81W5h_ba5s_35XBmZ0	\N	2025-03-14 22:10:47+08	\N	9b207927f40847d59452c3614d278e43
373	eyJhbGciOiJIUzI1NiIsInR5cCI6IkpXVCJ9.eyJ0b2tlbl90eXBlIjoicmVmcmVzaCIsImV4cCI6MTc0MTk2MTQ2OCwiaWF0IjoxNzM5MzY5NDY4LCJqdGkiOiI3ODY1MjQyZDg2YmY0NDk1OTFmNGNhNTliMDQzZDBmMyIsInVzZXJfaWQiOjF9.mvcvzboQjdGHkcoH8pSl6VtSgGOTf06rw6ANFf9FulQ	\N	2025-03-14 22:11:08+08	\N	7865242d86bf449591f4ca59b043d0f3
374	eyJhbGciOiJIUzI1NiIsInR5cCI6IkpXVCJ9.eyJ0b2tlbl90eXBlIjoicmVmcmVzaCIsImV4cCI6MTc0MTk2MTU3MSwiaWF0IjoxNzM5MzY5NTcxLCJqdGkiOiIwY2YzZjE3MWU5MWE0MjYwOWJiMzg4Y2Q2MDkzMzMyNyIsInVzZXJfaWQiOjF9.jqcT6YPfN4ggsfCZUefOLUGXYpR7gz0HZ-_HokeEM5Y	\N	2025-03-14 22:12:51+08	\N	0cf3f171e91a42609bb388cd60933327
375	eyJhbGciOiJIUzI1NiIsInR5cCI6IkpXVCJ9.eyJ0b2tlbl90eXBlIjoicmVmcmVzaCIsImV4cCI6MTc0MTk2MzMxNCwiaWF0IjoxNzM5MzcxMzE0LCJqdGkiOiI1ZTAwZDk1ZDFkMmU0YmVhODlmNTk4Mjk1NzZhYWFhZSIsInVzZXJfaWQiOjF9.l663uIVYWQzwYrLFYqsNLCiY0E8IBfEizdX3YBe01wA	\N	2025-03-14 22:41:54+08	\N	5e00d95d1d2e4bea89f59829576aaaae
376	eyJhbGciOiJIUzI1NiIsInR5cCI6IkpXVCJ9.eyJ0b2tlbl90eXBlIjoicmVmcmVzaCIsImV4cCI6MTc0MTk2MzMxNSwiaWF0IjoxNzM5MzcxMzE1LCJqdGkiOiIzNTYxNzc5M2U3ZmI0NzZlYjkwODEwNWQxY2I1Y2UzNyIsInVzZXJfaWQiOjF9.107f5koD8DdzjHk7hRFfUYlv-iyiQvJEFrIhcpH7-oo	\N	2025-03-14 22:41:55+08	\N	35617793e7fb476eb908105d1cb5ce37
377	eyJhbGciOiJIUzI1NiIsInR5cCI6IkpXVCJ9.eyJ0b2tlbl90eXBlIjoicmVmcmVzaCIsImV4cCI6MTc0MTk2MzMyNywiaWF0IjoxNzM5MzcxMzI3LCJqdGkiOiI2ZTMxODZhNTkzN2I0NzgxODRkNTU4ZjZjMGY1NjIyNCIsInVzZXJfaWQiOjF9.rjZ-WUMHZTpZxhzI5Dyv-XhI_zbqqJ_JdUmpQxQwX60	\N	2025-03-14 22:42:07+08	\N	6e3186a5937b478184d558f6c0f56224
378	eyJhbGciOiJIUzI1NiIsInR5cCI6IkpXVCJ9.eyJ0b2tlbl90eXBlIjoicmVmcmVzaCIsImV4cCI6MTc0MTk2MzM0NSwiaWF0IjoxNzM5MzcxMzQ1LCJqdGkiOiJkMjk0ZjViMjQ2MWQ0YzJmODZhZjdmMWI1Y2YxNTM1NiIsInVzZXJfaWQiOjF9.s4RNvJEQAlc3ZvMGBReDCRGOsv6VlM--8kObhzaxk5A	\N	2025-03-14 22:42:25+08	\N	d294f5b2461d4c2f86af7f1b5cf15356
379	eyJhbGciOiJIUzI1NiIsInR5cCI6IkpXVCJ9.eyJ0b2tlbl90eXBlIjoicmVmcmVzaCIsImV4cCI6MTc0MTk2MzQwMSwiaWF0IjoxNzM5MzcxNDAxLCJqdGkiOiJlZTU3MDBkMTVmZWU0NTg4YTE1ZjM2OGJkOGI2YWMyMiIsInVzZXJfaWQiOjF9.WhyUQuV2nNnBTn4rkMAplFLHnrVqPxzXQidFDKpJEOk	\N	2025-03-14 22:43:21+08	\N	ee5700d15fee4588a15f368bd8b6ac22
380	eyJhbGciOiJIUzI1NiIsInR5cCI6IkpXVCJ9.eyJ0b2tlbl90eXBlIjoicmVmcmVzaCIsImV4cCI6MTc0MTk2MzQyMSwiaWF0IjoxNzM5MzcxNDIxLCJqdGkiOiI5OTc4YTM3Y2E3MGE0NmMzYWUzNWE0NDY3NmUyYzZlZCIsInVzZXJfaWQiOjF9.zKZdpZAFSdpVF5bxQgusoG0kGNvj1TpoCzsyeokObok	\N	2025-03-14 22:43:41+08	\N	9978a37ca70a46c3ae35a44676e2c6ed
381	eyJhbGciOiJIUzI1NiIsInR5cCI6IkpXVCJ9.eyJ0b2tlbl90eXBlIjoicmVmcmVzaCIsImV4cCI6MTc0MTk2MzQ0MiwiaWF0IjoxNzM5MzcxNDQyLCJqdGkiOiIxM2YxZDJiZDk4ZjM0NDk3YTNmNGM3NjE2ZjZkZDFhMSIsInVzZXJfaWQiOjF9.TUQAxxK66-0tJblI-4F74xjuO-X-HSaDRI_AulGWy04	\N	2025-03-14 22:44:02+08	\N	13f1d2bd98f34497a3f4c7616f6dd1a1
382	eyJhbGciOiJIUzI1NiIsInR5cCI6IkpXVCJ9.eyJ0b2tlbl90eXBlIjoicmVmcmVzaCIsImV4cCI6MTc0MTk2MzQ0OCwiaWF0IjoxNzM5MzcxNDQ4LCJqdGkiOiI3YzMzM2ExMmMyZTI0NWJlOTQ0YjhhYzkzMDRjMGU4YSIsInVzZXJfaWQiOjF9.53NOrQ43peRNkSIh3a49_B7AEqkQSqSGLMmRm4lRepM	\N	2025-03-14 22:44:08+08	\N	7c333a12c2e245be944b8ac9304c0e8a
383	eyJhbGciOiJIUzI1NiIsInR5cCI6IkpXVCJ9.eyJ0b2tlbl90eXBlIjoicmVmcmVzaCIsImV4cCI6MTc0MTk2MzUzMywiaWF0IjoxNzM5MzcxNTMzLCJqdGkiOiI5OGVmYWM1MjkyM2M0MTQ2YjU5ZDQ5MTA3NjM5YjYyYiIsInVzZXJfaWQiOjF9.DXRVJXpuJI1TZO6R6prd4W23DsY3kGtY-Oz5vrT-d1E	\N	2025-03-14 22:45:33+08	\N	98efac52923c4146b59d49107639b62b
384	eyJhbGciOiJIUzI1NiIsInR5cCI6IkpXVCJ9.eyJ0b2tlbl90eXBlIjoicmVmcmVzaCIsImV4cCI6MTc0MTk2MzYyOCwiaWF0IjoxNzM5MzcxNjI4LCJqdGkiOiJjMjI3MmE1NDFlYzI0YzMwYWFlZWJkYjZkZjJhZjIyNSIsInVzZXJfaWQiOjF9.jtsTMvtVyXH7LzEAwHpgPGga8OQjGDjNSPtojHi8Z3U	\N	2025-03-14 22:47:08+08	\N	c2272a541ec24c30aaeebdb6df2af225
385	eyJhbGciOiJIUzI1NiIsInR5cCI6IkpXVCJ9.eyJ0b2tlbl90eXBlIjoicmVmcmVzaCIsImV4cCI6MTc0MTk2MzYzMCwiaWF0IjoxNzM5MzcxNjMwLCJqdGkiOiJlZmNkODY3MTU3MDY0ZDExODcwNjhmMDNhMWUzMjc2MSIsInVzZXJfaWQiOjF9.pI-R6f0cHUsOeJqEU_Pc1oOtc1QkgDwFxwCwPcTSaXk	\N	2025-03-14 22:47:10+08	\N	efcd867157064d1187068f03a1e32761
386	eyJhbGciOiJIUzI1NiIsInR5cCI6IkpXVCJ9.eyJ0b2tlbl90eXBlIjoicmVmcmVzaCIsImV4cCI6MTc0MTk2MzY1MSwiaWF0IjoxNzM5MzcxNjUxLCJqdGkiOiIxZGNkYmE0YzMxNGE0YzhlYTVmYWVmZTIzYjA3N2FhOSIsInVzZXJfaWQiOjF9.bLyqF6YQzkhx1j1BpQ-qKG-_V9H_4jNm1tPiChzUS8Y	\N	2025-03-14 22:47:31+08	\N	1dcdba4c314a4c8ea5faefe23b077aa9
387	eyJhbGciOiJIUzI1NiIsInR5cCI6IkpXVCJ9.eyJ0b2tlbl90eXBlIjoicmVmcmVzaCIsImV4cCI6MTc0MTk2MzY3MywiaWF0IjoxNzM5MzcxNjczLCJqdGkiOiJmYTJiM2JiZDU4ODc0ODgyOTJlYmFhOTMzZjhmN2YzYSIsInVzZXJfaWQiOjF9.dmuFGX-tgxw9PZqW2Uwg6SE4MfY_mYhRXRDZyN4ExJ4	\N	2025-03-14 22:47:53+08	\N	fa2b3bbd5887488292ebaa933f8f7f3a
388	eyJhbGciOiJIUzI1NiIsInR5cCI6IkpXVCJ9.eyJ0b2tlbl90eXBlIjoicmVmcmVzaCIsImV4cCI6MTc0MTk2MzczMSwiaWF0IjoxNzM5MzcxNzMxLCJqdGkiOiI5MDhmYjZjNGFhODM0MGEzODRhNDMzNjE2NDNlZTkwMiIsInVzZXJfaWQiOjF9.V8CtmsYbEgqCONm4NPqW0nB3hjyZQiVAdhYqpC8KQmI	\N	2025-03-14 22:48:51+08	\N	908fb6c4aa8340a384a43361643ee902
389	eyJhbGciOiJIUzI1NiIsInR5cCI6IkpXVCJ9.eyJ0b2tlbl90eXBlIjoicmVmcmVzaCIsImV4cCI6MTc0MTk2Mzc5NiwiaWF0IjoxNzM5MzcxNzk2LCJqdGkiOiI3YzZmNDQ1YmM4YjE0NzQ2ODMxOGY0NWFjYjNjOGE5MSIsInVzZXJfaWQiOjF9.P_r3ugTPViZqrZBbzsc9ewSOPzDnIt3HZMxpRut0AlE	\N	2025-03-14 22:49:56+08	\N	7c6f445bc8b147468318f45acb3c8a91
390	eyJhbGciOiJIUzI1NiIsInR5cCI6IkpXVCJ9.eyJ0b2tlbl90eXBlIjoicmVmcmVzaCIsImV4cCI6MTc0MTk2Mzg3OSwiaWF0IjoxNzM5MzcxODc5LCJqdGkiOiIxODZjNzY3MWE1NzI0Mzc2Yjk4ZDJkYzc1ZDQzMDc5ZCIsInVzZXJfaWQiOjF9.4s0T5mjRqE2hMbd2Tl49FfciNnwaxfQTlv-W_Pffu_w	\N	2025-03-14 22:51:19+08	\N	186c7671a5724376b98d2dc75d43079d
391	eyJhbGciOiJIUzI1NiIsInR5cCI6IkpXVCJ9.eyJ0b2tlbl90eXBlIjoicmVmcmVzaCIsImV4cCI6MTc0MTk2MzkwNCwiaWF0IjoxNzM5MzcxOTA0LCJqdGkiOiI0OGUzMjM1MjRmYzY0NjMwYTA0MjkyMzRlMDRlZjYxZSIsInVzZXJfaWQiOjF9.gRDQ-IfKlJtXqMS0GeXkglhPKc9hm4uI2EjrJpUtrUA	\N	2025-03-14 22:51:44+08	\N	48e323524fc64630a0429234e04ef61e
392	eyJhbGciOiJIUzI1NiIsInR5cCI6IkpXVCJ9.eyJ0b2tlbl90eXBlIjoicmVmcmVzaCIsImV4cCI6MTc0MTk2NTI0MiwiaWF0IjoxNzM5MzczMjQyLCJqdGkiOiJmMmIwNjgyYjNmZmU0Y2UxODcxMDFkMmRlM2EzM2RjZCIsInVzZXJfaWQiOjF9.D4tPw6BEIvjycwu7bCF0jSdv6lTRXVyfVOPDHwUmuLs	\N	2025-03-14 23:14:02+08	\N	f2b0682b3ffe4ce187101d2de3a33dcd
393	eyJhbGciOiJIUzI1NiIsInR5cCI6IkpXVCJ9.eyJ0b2tlbl90eXBlIjoicmVmcmVzaCIsImV4cCI6MTc0MTk2NTI2OSwiaWF0IjoxNzM5MzczMjY5LCJqdGkiOiJjMDQ5MGYwOWFhNmE0ZjJmOTA5ZTM4MGFhMzdhNmEzMSIsInVzZXJfaWQiOjF9.3alB32qqoqgs_b2LRQr-JkP9htDNPZHu_9y4qULMpdQ	\N	2025-03-14 23:14:29+08	\N	c0490f09aa6a4f2f909e380aa37a6a31
394	eyJhbGciOiJIUzI1NiIsInR5cCI6IkpXVCJ9.eyJ0b2tlbl90eXBlIjoicmVmcmVzaCIsImV4cCI6MTc0MTk2NTM5OSwiaWF0IjoxNzM5MzczMzk5LCJqdGkiOiI1YjQ4Zjc1YTBkNTk0NjcxOTU0NGQxMGYwYmMwZTZlMyIsInVzZXJfaWQiOjF9.mvewmdhgru2lF2EVdXX9a2MC15RUi03f0XmxJyPVMUg	\N	2025-03-14 23:16:39+08	\N	5b48f75a0d5946719544d10f0bc0e6e3
395	eyJhbGciOiJIUzI1NiIsInR5cCI6IkpXVCJ9.eyJ0b2tlbl90eXBlIjoicmVmcmVzaCIsImV4cCI6MTc0MTk2NTUwNSwiaWF0IjoxNzM5MzczNTA1LCJqdGkiOiJhNDk4MTVhODE4NjM0YmU3YTRjNzU1N2UxZDg1YmE4OCIsInVzZXJfaWQiOjF9.kq8nxZdauvNRY5MNvhJamH1JZf-aNMPqDK5RCmfW5GY	\N	2025-03-14 23:18:25+08	\N	a49815a818634be7a4c7557e1d85ba88
396	eyJhbGciOiJIUzI1NiIsInR5cCI6IkpXVCJ9.eyJ0b2tlbl90eXBlIjoicmVmcmVzaCIsImV4cCI6MTc0MTk2NTY4OSwiaWF0IjoxNzM5MzczNjg5LCJqdGkiOiJiYWIxMzNhNDFiZTU0NjdhOWE3NzlmZjEyY2M1Y2M1MSIsInVzZXJfaWQiOjF9.fwXRd-RIv_88_G5_mzKQWO7SF4lrrkcJIiEN57ZFHBo	\N	2025-03-14 23:21:29+08	\N	bab133a41be5467a9a779ff12cc5cc51
397	eyJhbGciOiJIUzI1NiIsInR5cCI6IkpXVCJ9.eyJ0b2tlbl90eXBlIjoicmVmcmVzaCIsImV4cCI6MTc0MTk2NTcyMiwiaWF0IjoxNzM5MzczNzIyLCJqdGkiOiI4YzMyMDY5NjEzOGM0Nzk4OTZjMmU1ZjdhYjgzMjY1OSIsInVzZXJfaWQiOjF9.w5YidUHxxf5V4w3SmEIRitAzYEMFINuzIXkADR4aYW8	\N	2025-03-14 23:22:02+08	\N	8c320696138c479896c2e5f7ab832659
398	eyJhbGciOiJIUzI1NiIsInR5cCI6IkpXVCJ9.eyJ0b2tlbl90eXBlIjoicmVmcmVzaCIsImV4cCI6MTc0MTk2NTcyOCwiaWF0IjoxNzM5MzczNzI4LCJqdGkiOiIxZDg1YmRlOTdkMGQ0YjVkODVlNmNmZDc1MmRkZjk4OCIsInVzZXJfaWQiOjF9.zbO4Z_lEA3DM7ngWRPmBb5z0Bwdqmz4jdsKyd487kVg	\N	2025-03-14 23:22:08+08	\N	1d85bde97d0d4b5d85e6cfd752ddf988
399	eyJhbGciOiJIUzI1NiIsInR5cCI6IkpXVCJ9.eyJ0b2tlbl90eXBlIjoicmVmcmVzaCIsImV4cCI6MTc0MTk2NTc0NSwiaWF0IjoxNzM5MzczNzQ1LCJqdGkiOiJkYzk4MzVhYTU2OWM0NDAzOTYyZWU2NjkzYjBjY2QyZiIsInVzZXJfaWQiOjF9.PviMf8yOykzJSa__P103wbCMGKQkcbrp7z-8nZEklxM	\N	2025-03-14 23:22:25+08	\N	dc9835aa569c4403962ee6693b0ccd2f
400	eyJhbGciOiJIUzI1NiIsInR5cCI6IkpXVCJ9.eyJ0b2tlbl90eXBlIjoicmVmcmVzaCIsImV4cCI6MTc0MTk2NTc1NCwiaWF0IjoxNzM5MzczNzU0LCJqdGkiOiIwYmRkMzAzNDFkMjE0MjFjOTk2ODdlMmYxYThiM2Y0OSIsInVzZXJfaWQiOjF9.pJpi0Be8ypF89bUTGx5YK3Nn1TFTBV_naMOHHmj4d68	\N	2025-03-14 23:22:34+08	\N	0bdd30341d21421c99687e2f1a8b3f49
401	eyJhbGciOiJIUzI1NiIsInR5cCI6IkpXVCJ9.eyJ0b2tlbl90eXBlIjoicmVmcmVzaCIsImV4cCI6MTc0MTk2NTgyNSwiaWF0IjoxNzM5MzczODI1LCJqdGkiOiI4YzgwY2ZlMjJhMmM0MjFiYjEwZmZlYmQ5NTc4NzA1YyIsInVzZXJfaWQiOjF9.cF1HCVsCwefyeet9Jk1sUN4ei9RF8ZDWIsDjcu9u8iM	\N	2025-03-14 23:23:45+08	\N	8c80cfe22a2c421bb10ffebd9578705c
402	eyJhbGciOiJIUzI1NiIsInR5cCI6IkpXVCJ9.eyJ0b2tlbl90eXBlIjoicmVmcmVzaCIsImV4cCI6MTc0MTk2NTkwMywiaWF0IjoxNzM5MzczOTAzLCJqdGkiOiIxZjE1NDY3NmUyNmQ0NGFhODg3NTRmOWNkYjMwNTdkYyIsInVzZXJfaWQiOjF9.X3QYq6fzLuuKxwJrk-wPmFJkm3UuBsDIn5zzm8Qnmyg	\N	2025-03-14 23:25:03+08	\N	1f154676e26d44aa88754f9cdb3057dc
403	eyJhbGciOiJIUzI1NiIsInR5cCI6IkpXVCJ9.eyJ0b2tlbl90eXBlIjoicmVmcmVzaCIsImV4cCI6MTc0MTk2NTkxOSwiaWF0IjoxNzM5MzczOTE5LCJqdGkiOiJmMWY1YjMwMmI2NjQ0MDE0YjIxZDE4YjIzYjYwMjc0ZSIsInVzZXJfaWQiOjF9.ZBZ3BxX2atkwKOXvByR9K3Qnug-f29VBNlJLrxfChfk	\N	2025-03-14 23:25:19+08	\N	f1f5b302b6644014b21d18b23b60274e
404	eyJhbGciOiJIUzI1NiIsInR5cCI6IkpXVCJ9.eyJ0b2tlbl90eXBlIjoicmVmcmVzaCIsImV4cCI6MTc0MTk2NTkzOCwiaWF0IjoxNzM5MzczOTM4LCJqdGkiOiIyZWE4ZjM0M2VmYjU0YTM3OWZhMDI1ZDQyODBkNjcyNiIsInVzZXJfaWQiOjF9.TpSYb6Vb2WIhpcgfmxzgXA8xAvv1MkLK3OnNawmnxBs	\N	2025-03-14 23:25:38+08	\N	2ea8f343efb54a379fa025d4280d6726
405	eyJhbGciOiJIUzI1NiIsInR5cCI6IkpXVCJ9.eyJ0b2tlbl90eXBlIjoicmVmcmVzaCIsImV4cCI6MTc0MTk2NjA1NywiaWF0IjoxNzM5Mzc0MDU3LCJqdGkiOiI2ZWQxMThmOGM3N2Q0MDliYjA5ZjlkMjRhMjE1Y2M2ZSIsInVzZXJfaWQiOjF9.qe0fAk6TmFk0OvtUKRvDzKkH6eB4hD2h35HjgEk98jg	\N	2025-03-14 23:27:37+08	\N	6ed118f8c77d409bb09f9d24a215cc6e
406	eyJhbGciOiJIUzI1NiIsInR5cCI6IkpXVCJ9.eyJ0b2tlbl90eXBlIjoicmVmcmVzaCIsImV4cCI6MTc0MTk2NjA2NiwiaWF0IjoxNzM5Mzc0MDY2LCJqdGkiOiJiZDkzMDUzZDU1ZTc0MjU4ODA5ZDRmZmRlNjBkM2RhMiIsInVzZXJfaWQiOjF9.nZ0Dr3A6rGyZb5istqLM7idl__MsgOoROkhEse58wTw	\N	2025-03-14 23:27:46+08	\N	bd93053d55e74258809d4ffde60d3da2
407	eyJhbGciOiJIUzI1NiIsInR5cCI6IkpXVCJ9.eyJ0b2tlbl90eXBlIjoicmVmcmVzaCIsImV4cCI6MTc0MTk2NjA3NSwiaWF0IjoxNzM5Mzc0MDc1LCJqdGkiOiJiYjA1ZDg1MTUxZTY0YjMxOTA4YjUyYzc5ODU5NzczMSIsInVzZXJfaWQiOjF9.JoXg4CrTgKyb25HfPJ-f-rpSUc1O8fjPtPtGlVLMs0o	\N	2025-03-14 23:27:55+08	\N	bb05d85151e64b31908b52c798597731
408	eyJhbGciOiJIUzI1NiIsInR5cCI6IkpXVCJ9.eyJ0b2tlbl90eXBlIjoicmVmcmVzaCIsImV4cCI6MTc0MTk2NjEwNywiaWF0IjoxNzM5Mzc0MTA3LCJqdGkiOiIzZDg1Njc0N2U2NTI0ZTUwYjNkYThiNDk2NGQ1Y2ZiOCIsInVzZXJfaWQiOjF9.A6hni3OPCW9uebjG1O6mctmL092bNIxNsjGvR923iTw	\N	2025-03-14 23:28:27+08	\N	3d856747e6524e50b3da8b4964d5cfb8
409	eyJhbGciOiJIUzI1NiIsInR5cCI6IkpXVCJ9.eyJ0b2tlbl90eXBlIjoicmVmcmVzaCIsImV4cCI6MTc0MTk2NjEyNSwiaWF0IjoxNzM5Mzc0MTI1LCJqdGkiOiJhNDUxNTQ0NDQ0YzY0MTE2YjJhNTI5NGJiMThlMWQwNyIsInVzZXJfaWQiOjF9.CmgbdLkTnrMNgXw2ZiGAayPN6_CEjjf3_z1IZWPQX6E	\N	2025-03-14 23:28:45+08	\N	a451544444c64116b2a5294bb18e1d07
410	eyJhbGciOiJIUzI1NiIsInR5cCI6IkpXVCJ9.eyJ0b2tlbl90eXBlIjoicmVmcmVzaCIsImV4cCI6MTc0MTk2NjEzNiwiaWF0IjoxNzM5Mzc0MTM2LCJqdGkiOiI1NGFlZGZhNTkyYTM0YjczODk2NTZlMDUzNmRlODYwOSIsInVzZXJfaWQiOjF9.-qFlmXE6CPK3hfxioblhoGbIQZRw0o6Nh5iB47PKmAo	\N	2025-03-14 23:28:56+08	\N	54aedfa592a34b7389656e0536de8609
411	eyJhbGciOiJIUzI1NiIsInR5cCI6IkpXVCJ9.eyJ0b2tlbl90eXBlIjoicmVmcmVzaCIsImV4cCI6MTc0MTk2NjE1MywiaWF0IjoxNzM5Mzc0MTUzLCJqdGkiOiIxMDkxZTIzZTAyZjc0ZDY2OTNlNjEzZGYyMDE4MTZlMSIsInVzZXJfaWQiOjF9.-q2mAPRSjG4xSdF7SubSZrC4MvBiduPnRF9p-40OImY	\N	2025-03-14 23:29:13+08	\N	1091e23e02f74d6693e613df201816e1
412	eyJhbGciOiJIUzI1NiIsInR5cCI6IkpXVCJ9.eyJ0b2tlbl90eXBlIjoicmVmcmVzaCIsImV4cCI6MTc0MTk2NjIwOSwiaWF0IjoxNzM5Mzc0MjA5LCJqdGkiOiIzY2MxOTJmMWI0MzE0ZDI0ODUzMjZjMDQ5MjI4NWQxOCIsInVzZXJfaWQiOjF9.feYeO3rRw6dpjJaAz2u8c0EVqzTi6cerOOjDXrWPdSU	\N	2025-03-14 23:30:09+08	\N	3cc192f1b4314d2485326c0492285d18
413	eyJhbGciOiJIUzI1NiIsInR5cCI6IkpXVCJ9.eyJ0b2tlbl90eXBlIjoicmVmcmVzaCIsImV4cCI6MTc0MTk2NjI0MiwiaWF0IjoxNzM5Mzc0MjQyLCJqdGkiOiIzYmY0OGY0ZjMzZDA0M2FiOGQ4MWZlZTFmMzBiZWJkZSIsInVzZXJfaWQiOjF9.18OS4-OghzmQthUBa9n_LclhiVUjTOb9J9gebZ5jz_s	\N	2025-03-14 23:30:42+08	\N	3bf48f4f33d043ab8d81fee1f30bebde
414	eyJhbGciOiJIUzI1NiIsInR5cCI6IkpXVCJ9.eyJ0b2tlbl90eXBlIjoicmVmcmVzaCIsImV4cCI6MTc0MTk2NjMzMywiaWF0IjoxNzM5Mzc0MzMzLCJqdGkiOiJhOTYxMWNkOWViMjU0OTU1YTU1MWExMWRmOGJjY2JiMiIsInVzZXJfaWQiOjF9.CBbNlLNndAyR7zMOAUF1u8N7-izKhaY3ZwffQTpqEOY	\N	2025-03-14 23:32:13+08	\N	a9611cd9eb254955a551a11df8bccbb2
415	eyJhbGciOiJIUzI1NiIsInR5cCI6IkpXVCJ9.eyJ0b2tlbl90eXBlIjoicmVmcmVzaCIsImV4cCI6MTc0MTk2NjM1NSwiaWF0IjoxNzM5Mzc0MzU1LCJqdGkiOiJhM2VlYzI3YmFhZGU0YTVjYmNiN2NjMTQ5MTBjYzY1MyIsInVzZXJfaWQiOjF9.E8rMvqLt8BnTvDBBHB19C9d49kSt4rQ3qq_C-sQ0OeU	\N	2025-03-14 23:32:35+08	\N	a3eec27baade4a5cbcb7cc14910cc653
416	eyJhbGciOiJIUzI1NiIsInR5cCI6IkpXVCJ9.eyJ0b2tlbl90eXBlIjoicmVmcmVzaCIsImV4cCI6MTc0MTk2NjQyNywiaWF0IjoxNzM5Mzc0NDI3LCJqdGkiOiIzNjBhZGEzZGM3NDI0ZjMyODJiMmRlNDZlMDM1MTQyZCIsInVzZXJfaWQiOjF9.Fh2YRlNwWD_qJAw9aXZHaSUIL86FxLvxtb85RTEMeuI	\N	2025-03-14 23:33:47+08	\N	360ada3dc7424f3282b2de46e035142d
417	eyJhbGciOiJIUzI1NiIsInR5cCI6IkpXVCJ9.eyJ0b2tlbl90eXBlIjoicmVmcmVzaCIsImV4cCI6MTc0MTk2NjQ2OSwiaWF0IjoxNzM5Mzc0NDY5LCJqdGkiOiJhMWYzYmY1MWI2ZWQ0NDliODI5YmFkMTBhZTc5MTBlMSIsInVzZXJfaWQiOjF9.duUl0uQgTyCGQNd2BYmMC_h-SSIARFJ2UX7ci_oWTKA	\N	2025-03-14 23:34:29+08	\N	a1f3bf51b6ed449b829bad10ae7910e1
418	eyJhbGciOiJIUzI1NiIsInR5cCI6IkpXVCJ9.eyJ0b2tlbl90eXBlIjoicmVmcmVzaCIsImV4cCI6MTc0MTk2Njg1NiwiaWF0IjoxNzM5Mzc0ODU2LCJqdGkiOiJjMTI2NDhmMGE1YzQ0YmQ0ODk5ZDBlMGUzZWIzMmQ4MCIsInVzZXJfaWQiOjF9.hrsD5lkrabb8oM28gqaYyMXkgnSxq_90VBZV5mEAuMA	\N	2025-03-14 23:40:56+08	\N	c12648f0a5c44bd4899d0e0e3eb32d80
419	eyJhbGciOiJIUzI1NiIsInR5cCI6IkpXVCJ9.eyJ0b2tlbl90eXBlIjoicmVmcmVzaCIsImV4cCI6MTc0MTk2NzQxNCwiaWF0IjoxNzM5Mzc1NDE0LCJqdGkiOiJlMTgyZDhjZjRjYTQ0ZTg4YmE5ODJiMjBjMWU2MGIzYSIsInVzZXJfaWQiOjF9.dHspUErKaOUu59IHw7zLXXVeKSGgu0n5Qau7aASf6jo	\N	2025-03-14 23:50:14+08	\N	e182d8cf4ca44e88ba982b20c1e60b3a
420	eyJhbGciOiJIUzI1NiIsInR5cCI6IkpXVCJ9.eyJ0b2tlbl90eXBlIjoicmVmcmVzaCIsImV4cCI6MTc0MTk2OTMzNiwiaWF0IjoxNzM5Mzc3MzM2LCJqdGkiOiIyMDJhMmQ3MmExZDQ0ZTYzYTY3YzZjMTkyMTRlMmZjNCIsInVzZXJfaWQiOjF9.4C1U6lHoLWUIwaqSPu_BdnSbfoghAyREWU4Uhuwk9N8	\N	2025-03-15 00:22:16+08	\N	202a2d72a1d44e63a67c6c19214e2fc4
421	eyJhbGciOiJIUzI1NiIsInR5cCI6IkpXVCJ9.eyJ0b2tlbl90eXBlIjoicmVmcmVzaCIsImV4cCI6MTc0MTk3MDk1OSwiaWF0IjoxNzM5Mzc4OTU5LCJqdGkiOiJiNjYxZmEwM2JmNjU0Zjk4YjZjYjRkMWRjM2JiY2YwOCIsInVzZXJfaWQiOjF9.3nE1n4ZtsXVdSysCQKgJgvmwuXgAssErZzWzdZ-IT8A	\N	2025-03-15 00:49:19+08	\N	b661fa03bf654f98b6cb4d1dc3bbcf08
422	eyJhbGciOiJIUzI1NiIsInR5cCI6IkpXVCJ9.eyJ0b2tlbl90eXBlIjoicmVmcmVzaCIsImV4cCI6MTc0MTk3MDk2NCwiaWF0IjoxNzM5Mzc4OTY0LCJqdGkiOiI4MWIzYTM0NmU2NTM0NGJmODUxMjQyN2Y3YzlmZDk5NyIsInVzZXJfaWQiOjF9.xsqaYl6zXLHTzsfEhjO367SFfaa7STkq31HdK9SW4RI	\N	2025-03-15 00:49:24+08	\N	81b3a346e65344bf8512427f7c9fd997
423	eyJhbGciOiJIUzI1NiIsInR5cCI6IkpXVCJ9.eyJ0b2tlbl90eXBlIjoicmVmcmVzaCIsImV4cCI6MTc0MTk3MTQ3NCwiaWF0IjoxNzM5Mzc5NDc0LCJqdGkiOiIzNTgxN2VlZDY4M2M0YTI5YmI2MDFjZTg1NWY1ZjcyOSIsInVzZXJfaWQiOjF9.-I4lHUTT-DUENY7hpqiU4u0SaltGRC1hLft4jlQmxNI	\N	2025-03-15 00:57:54+08	\N	35817eed683c4a29bb601ce855f5f729
424	eyJhbGciOiJIUzI1NiIsInR5cCI6IkpXVCJ9.eyJ0b2tlbl90eXBlIjoicmVmcmVzaCIsImV4cCI6MTc0MTk3MTQ3NiwiaWF0IjoxNzM5Mzc5NDc2LCJqdGkiOiJiYjllMThkZjMyZWI0ZmU3ODM4NmRhNjE4NDE2NzIwOSIsInVzZXJfaWQiOjF9.DMTwB-tklYMzJZOjGnepumHEmYR9kRaW9wC6KDUu6RU	\N	2025-03-15 00:57:56+08	\N	bb9e18df32eb4fe78386da6184167209
425	eyJhbGciOiJIUzI1NiIsInR5cCI6IkpXVCJ9.eyJ0b2tlbl90eXBlIjoicmVmcmVzaCIsImV4cCI6MTc0MTk3MTQ4MSwiaWF0IjoxNzM5Mzc5NDgxLCJqdGkiOiI5MGE3OTRhYjExNjA0ZWRiYTczODdhNjQyYmQ0NjgxNCIsInVzZXJfaWQiOjF9.YA2XdV9tsx9zhiWcxHvZFqKPtM1TqpljSsdN0VBKBrc	\N	2025-03-15 00:58:01+08	\N	90a794ab11604edba7387a642bd46814
426	eyJhbGciOiJIUzI1NiIsInR5cCI6IkpXVCJ9.eyJ0b2tlbl90eXBlIjoicmVmcmVzaCIsImV4cCI6MTc0MTk3MTYzNywiaWF0IjoxNzM5Mzc5NjM3LCJqdGkiOiI2N2JkMWFkMzRiZWM0ODY2YTJkZGM0MjY5NzA2NjQyMCIsInVzZXJfaWQiOjF9.FhsPJgOb4oYF-y4zVVzZtBSBDjqtyG7hNDoCOaaQvj0	\N	2025-03-15 01:00:37+08	\N	67bd1ad34bec4866a2ddc42697066420
427	eyJhbGciOiJIUzI1NiIsInR5cCI6IkpXVCJ9.eyJ0b2tlbl90eXBlIjoicmVmcmVzaCIsImV4cCI6MTc0MTk3MTY2MiwiaWF0IjoxNzM5Mzc5NjYyLCJqdGkiOiI5YmIwYzZhMTQ1OTI0NmQ1OWJjZWJiMmJiYTRkOTk3YyIsInVzZXJfaWQiOjF9.L7WZH83pJr0q_tUZs0KfqcbaM0fVzpIKFenVNe7L2H4	\N	2025-03-15 01:01:02+08	\N	9bb0c6a1459246d59bcebb2bba4d997c
428	eyJhbGciOiJIUzI1NiIsInR5cCI6IkpXVCJ9.eyJ0b2tlbl90eXBlIjoicmVmcmVzaCIsImV4cCI6MTc0MTk3MTY5NiwiaWF0IjoxNzM5Mzc5Njk2LCJqdGkiOiJkYjVjOTBlMTVkMTM0ZDQxYTVkODg2MzFhMzYzYTcxYSIsInVzZXJfaWQiOjF9.DnhOGgeDcfGh1yQFBUl1VgzoQFgRFTRERMdBeR4pQiA	\N	2025-03-15 01:01:36+08	\N	db5c90e15d134d41a5d88631a363a71a
429	eyJhbGciOiJIUzI1NiIsInR5cCI6IkpXVCJ9.eyJ0b2tlbl90eXBlIjoicmVmcmVzaCIsImV4cCI6MTc0MTk3MTc2NCwiaWF0IjoxNzM5Mzc5NzY0LCJqdGkiOiJhZDdjNmI0YmFlMWE0ZDllOTNhNGVlYmRhNDg3ZTY1MyIsInVzZXJfaWQiOjF9.1DuGhTow96wOtf1u19REAkzEtebJ0y_iRERoiJBX-Dw	\N	2025-03-15 01:02:44+08	\N	ad7c6b4bae1a4d9e93a4eebda487e653
430	eyJhbGciOiJIUzI1NiIsInR5cCI6IkpXVCJ9.eyJ0b2tlbl90eXBlIjoicmVmcmVzaCIsImV4cCI6MTc0MTk3MTc4NiwiaWF0IjoxNzM5Mzc5Nzg2LCJqdGkiOiIzNGRmMTdhNzk1YTk0ZjExYTA2YzZhNjllNzkyMWFlNSIsInVzZXJfaWQiOjF9.Q_giQS6TSoXkVLL9O3f2PdCuww5cxq47ha6Wh9jGF3E	\N	2025-03-15 01:03:06+08	\N	34df17a795a94f11a06c6a69e7921ae5
431	eyJhbGciOiJIUzI1NiIsInR5cCI6IkpXVCJ9.eyJ0b2tlbl90eXBlIjoicmVmcmVzaCIsImV4cCI6MTc0MTk3MTgxOCwiaWF0IjoxNzM5Mzc5ODE4LCJqdGkiOiI4ZWRlODY5ZDZjOWI0OGI3ODFhNjI1NjAxZTQzMTg0NSIsInVzZXJfaWQiOjF9.YKoWXUGaEZiGIUVKhsmeAG4giFN8fqpyANlz_qyTVQ4	\N	2025-03-15 01:03:38+08	\N	8ede869d6c9b48b781a625601e431845
432	eyJhbGciOiJIUzI1NiIsInR5cCI6IkpXVCJ9.eyJ0b2tlbl90eXBlIjoicmVmcmVzaCIsImV4cCI6MTc0MTk3MTgyNiwiaWF0IjoxNzM5Mzc5ODI2LCJqdGkiOiIyMzBhNDlmNGI2ZjI0Y2UxODZlZGFkNWJiYzc1Zjc3ZiIsInVzZXJfaWQiOjF9.zPr7OaRCx-0fAeysDf0w0EAOkQ9gzOWuFUuSo4lt2PE	\N	2025-03-15 01:03:46+08	\N	230a49f4b6f24ce186edad5bbc75f77f
433	eyJhbGciOiJIUzI1NiIsInR5cCI6IkpXVCJ9.eyJ0b2tlbl90eXBlIjoicmVmcmVzaCIsImV4cCI6MTc0MTk3MTgzMywiaWF0IjoxNzM5Mzc5ODMzLCJqdGkiOiJkMzA1NjllYTI1Y2Y0ZGFiOTBkM2MxMmNlYTFiNmNiOCIsInVzZXJfaWQiOjF9.CqgA52xNDf01y48zaCCdW2Wp15UQrfdpwX4neS4yCLs	\N	2025-03-15 01:03:53+08	\N	d30569ea25cf4dab90d3c12cea1b6cb8
434	eyJhbGciOiJIUzI1NiIsInR5cCI6IkpXVCJ9.eyJ0b2tlbl90eXBlIjoicmVmcmVzaCIsImV4cCI6MTc0MTk3MTg0MCwiaWF0IjoxNzM5Mzc5ODQwLCJqdGkiOiIyOTU5NDI0MDRkZmM0YmIyYjMzMjE1ZTIxZGJiOThmOCIsInVzZXJfaWQiOjF9.E0pGENcKaKOrY_C9il81Amj0bQBlcPyS2DjK1WNMS7s	\N	2025-03-15 01:04:00+08	\N	295942404dfc4bb2b33215e21dbb98f8
435	eyJhbGciOiJIUzI1NiIsInR5cCI6IkpXVCJ9.eyJ0b2tlbl90eXBlIjoicmVmcmVzaCIsImV4cCI6MTc0MTk3MTg1MiwiaWF0IjoxNzM5Mzc5ODUyLCJqdGkiOiIxNTcxYmRlZmNmZDM0NzdiOGJiOWJjZWZjY2VkNGUwNiIsInVzZXJfaWQiOjF9.xu5Ud3Te-lFB82aKWPugEAq6i3xmA9X5hg-HBc9OxNM	\N	2025-03-15 01:04:12+08	\N	1571bdefcfd3477b8bb9bcefcced4e06
436	eyJhbGciOiJIUzI1NiIsInR5cCI6IkpXVCJ9.eyJ0b2tlbl90eXBlIjoicmVmcmVzaCIsImV4cCI6MTc0MTk3MTk1NSwiaWF0IjoxNzM5Mzc5OTU1LCJqdGkiOiI0ZGFhYzNlMWE4ZmM0NzViYmE3MTA1YjdiYWE4MzdmMiIsInVzZXJfaWQiOjF9.mqC4DETzw5N0HwxIHs1JQ3JFKokBUCAvc0wmEU8a5ic	\N	2025-03-15 01:05:55+08	\N	4daac3e1a8fc475bba7105b7baa837f2
437	eyJhbGciOiJIUzI1NiIsInR5cCI6IkpXVCJ9.eyJ0b2tlbl90eXBlIjoicmVmcmVzaCIsImV4cCI6MTc0MTk3MTk2NiwiaWF0IjoxNzM5Mzc5OTY2LCJqdGkiOiIyNTEwYzU1NWEzZDc0ZWI5OWY2MTIwZTFjYTY1MjZiMSIsInVzZXJfaWQiOjF9.7sfHTUQZ4iO9liJOU2krfj0ppF13L7B0omutOaxE4lE	\N	2025-03-15 01:06:06+08	\N	2510c555a3d74eb99f6120e1ca6526b1
438	eyJhbGciOiJIUzI1NiIsInR5cCI6IkpXVCJ9.eyJ0b2tlbl90eXBlIjoicmVmcmVzaCIsImV4cCI6MTc0MTk3MTk4NCwiaWF0IjoxNzM5Mzc5OTg0LCJqdGkiOiI5YWY3ZjJjMTRkMjQ0ZWQwODEyNGU2NWVlNWZkODRiMCIsInVzZXJfaWQiOjF9.jF7-i12TZ8fleKhFUgGBcqo5B5kDC9yDHBWd45f1ghU	\N	2025-03-15 01:06:24+08	\N	9af7f2c14d244ed08124e65ee5fd84b0
439	eyJhbGciOiJIUzI1NiIsInR5cCI6IkpXVCJ9.eyJ0b2tlbl90eXBlIjoicmVmcmVzaCIsImV4cCI6MTc0MTk3MjAxNiwiaWF0IjoxNzM5MzgwMDE2LCJqdGkiOiJhNTNhZjVmNThiMDY0OTg4OTQ2Y2FhYWIyZWI0MWQwMyIsInVzZXJfaWQiOjF9.mR-xXGBUgoUJuawFN5rezFEsOGqvqAkDbmd-i8wO4Yk	\N	2025-03-15 01:06:56+08	\N	a53af5f58b064988946caaab2eb41d03
440	eyJhbGciOiJIUzI1NiIsInR5cCI6IkpXVCJ9.eyJ0b2tlbl90eXBlIjoicmVmcmVzaCIsImV4cCI6MTc0MTk3MjA0OSwiaWF0IjoxNzM5MzgwMDQ5LCJqdGkiOiIxZGIwNzBiYmU5ODU0YmZmYTllOTAyM2Q2Yzc5ZGVkZCIsInVzZXJfaWQiOjF9.g-uaZVarjwl9tu-PH5F3UKPrP6SMe5Lg7434oXGIk7o	\N	2025-03-15 01:07:29+08	\N	1db070bbe9854bffa9e9023d6c79dedd
441	eyJhbGciOiJIUzI1NiIsInR5cCI6IkpXVCJ9.eyJ0b2tlbl90eXBlIjoicmVmcmVzaCIsImV4cCI6MTc0MTk3MjEwMCwiaWF0IjoxNzM5MzgwMTAwLCJqdGkiOiJkYzllNGUzMGU4YjQ0NGJhOTJhNzIzZGM5YjJkNWUwOCIsInVzZXJfaWQiOjF9.JKhJ6XBD6szqdie7zzS6qu17MsZE0klrNhBdC-ZbSds	\N	2025-03-15 01:08:20+08	\N	dc9e4e30e8b444ba92a723dc9b2d5e08
442	eyJhbGciOiJIUzI1NiIsInR5cCI6IkpXVCJ9.eyJ0b2tlbl90eXBlIjoicmVmcmVzaCIsImV4cCI6MTc0MTk3MjE0NywiaWF0IjoxNzM5MzgwMTQ3LCJqdGkiOiJjZjJiNjdiNGIwMDU0ODFiYmUwYTdlODlmYzkzZDYxYSIsInVzZXJfaWQiOjF9.G-tB2u4Ndl7KgfvoGtgifL6jaJcoN7MsgFZiY0xdWKE	\N	2025-03-15 01:09:07+08	\N	cf2b67b4b005481bbe0a7e89fc93d61a
443	eyJhbGciOiJIUzI1NiIsInR5cCI6IkpXVCJ9.eyJ0b2tlbl90eXBlIjoicmVmcmVzaCIsImV4cCI6MTc0MTk3MjE3NCwiaWF0IjoxNzM5MzgwMTc0LCJqdGkiOiJlMDI0NDllMTZiNDM0MjM2YjA4YWMxODM3YTFhMDliMCIsInVzZXJfaWQiOjF9.glgUVSeiPCg69ziDKXe6dan6fmDnPH3u5AAh8hAv6EQ	\N	2025-03-15 01:09:34+08	\N	e02449e16b434236b08ac1837a1a09b0
444	eyJhbGciOiJIUzI1NiIsInR5cCI6IkpXVCJ9.eyJ0b2tlbl90eXBlIjoicmVmcmVzaCIsImV4cCI6MTc0MTk3MjE3NywiaWF0IjoxNzM5MzgwMTc3LCJqdGkiOiI3MWU1NGVmYThjMDg0ZTkxYWU2ZWI2YTVmZTg2ZTRmYyIsInVzZXJfaWQiOjF9.z6DYw13VtP2bh3k0ZTTzjRqu5jg9n3kfCutSEC9o9HU	\N	2025-03-15 01:09:37+08	\N	71e54efa8c084e91ae6eb6a5fe86e4fc
445	eyJhbGciOiJIUzI1NiIsInR5cCI6IkpXVCJ9.eyJ0b2tlbl90eXBlIjoicmVmcmVzaCIsImV4cCI6MTc0MTk3MjI0MiwiaWF0IjoxNzM5MzgwMjQyLCJqdGkiOiJhZmUwODdjOWE3NWY0YjhjYjM2YWUyNWZkNTc1YjE4YyIsInVzZXJfaWQiOjF9.4-sYbjRXwbjb3ik7MfU-aKwSLqrCIJjPaT1Q1KT0sko	\N	2025-03-15 01:10:42+08	\N	afe087c9a75f4b8cb36ae25fd575b18c
446	eyJhbGciOiJIUzI1NiIsInR5cCI6IkpXVCJ9.eyJ0b2tlbl90eXBlIjoicmVmcmVzaCIsImV4cCI6MTc0MTk3MjI5MywiaWF0IjoxNzM5MzgwMjkzLCJqdGkiOiI3NjcwYTlmYzMwNzM0N2E0YTZlYzMwN2UzYzUzMWUzYiIsInVzZXJfaWQiOjF9.T5VbRcVAqIEF9y1ON4huE981Tqxu4oZJhlf4uHjBAkA	\N	2025-03-15 01:11:33+08	\N	7670a9fc307347a4a6ec307e3c531e3b
447	eyJhbGciOiJIUzI1NiIsInR5cCI6IkpXVCJ9.eyJ0b2tlbl90eXBlIjoicmVmcmVzaCIsImV4cCI6MTc0MTk3MjI5NSwiaWF0IjoxNzM5MzgwMjk1LCJqdGkiOiI5ZTNlNmE5MDdhMzE0ZTU2OTk3ZDMxNzI0OGIzNDQ2OSIsInVzZXJfaWQiOjF9.eKFUx4DnozMReKV3tJ_9sUw7diCZVAQQCjJg_fDUk-g	\N	2025-03-15 01:11:35+08	\N	9e3e6a907a314e56997d317248b34469
448	eyJhbGciOiJIUzI1NiIsInR5cCI6IkpXVCJ9.eyJ0b2tlbl90eXBlIjoicmVmcmVzaCIsImV4cCI6MTc0MTk3MjMwOSwiaWF0IjoxNzM5MzgwMzA5LCJqdGkiOiIxMDlmZjRlOTk5NmU0ZjcyYmJhMjZmNzdjY2EwOWZjOCIsInVzZXJfaWQiOjF9.6kp_MekiFdPTDKTFsapxyPUpTZBRaMrpwW__7TFv1y4	\N	2025-03-15 01:11:49+08	\N	109ff4e9996e4f72bba26f77cca09fc8
449	eyJhbGciOiJIUzI1NiIsInR5cCI6IkpXVCJ9.eyJ0b2tlbl90eXBlIjoicmVmcmVzaCIsImV4cCI6MTc0MTk3MjM5NSwiaWF0IjoxNzM5MzgwMzk1LCJqdGkiOiIyNWQwNmNjZDkwYjE0YjQyYmViZGY0Zjk0YTI2NWIwNyIsInVzZXJfaWQiOjF9.soSTmuQLmTMdTs5uP0Px-DV7FmCj2RKDmm9AiBrOg2o	\N	2025-03-15 01:13:15+08	\N	25d06ccd90b14b42bebdf4f94a265b07
450	eyJhbGciOiJIUzI1NiIsInR5cCI6IkpXVCJ9.eyJ0b2tlbl90eXBlIjoicmVmcmVzaCIsImV4cCI6MTc0MTk3MjQxOSwiaWF0IjoxNzM5MzgwNDE5LCJqdGkiOiI5ODZmZGI2ZGQyOGI0ZDA2YjJmMDJmZjkxZDYyNGQ1ZiIsInVzZXJfaWQiOjF9.jMgRywXEgZtnFjLKsc4PI8V6HqDGoZxeI748_GE7EsM	\N	2025-03-15 01:13:39+08	\N	986fdb6dd28b4d06b2f02ff91d624d5f
451	eyJhbGciOiJIUzI1NiIsInR5cCI6IkpXVCJ9.eyJ0b2tlbl90eXBlIjoicmVmcmVzaCIsImV4cCI6MTc0MTk3MjQzNywiaWF0IjoxNzM5MzgwNDM3LCJqdGkiOiJjNGE5OGRhZjY2NTk0OTdjYTgxY2VjNWUyYmYzYzg1ZSIsInVzZXJfaWQiOjF9.qZS67UkqLZQkUXrJKFgFNXLJfJcAOoz_mgEB84S-BaA	\N	2025-03-15 01:13:57+08	\N	c4a98daf6659497ca81cec5e2bf3c85e
452	eyJhbGciOiJIUzI1NiIsInR5cCI6IkpXVCJ9.eyJ0b2tlbl90eXBlIjoicmVmcmVzaCIsImV4cCI6MTc0MTk3MjQ0NSwiaWF0IjoxNzM5MzgwNDQ1LCJqdGkiOiIxMTJkYjEzOTQ1MjQ0Njc3OWQyZjU0ZTdjYTkzODM0MSIsInVzZXJfaWQiOjF9.mB5zTR1Rk3WQsjvvJ18YSb8NG-kZNQBeTeR6cIraRao	\N	2025-03-15 01:14:05+08	\N	112db139452446779d2f54e7ca938341
453	eyJhbGciOiJIUzI1NiIsInR5cCI6IkpXVCJ9.eyJ0b2tlbl90eXBlIjoicmVmcmVzaCIsImV4cCI6MTc0MTk3MjQ3MSwiaWF0IjoxNzM5MzgwNDcxLCJqdGkiOiIzZDlkNGZiNjM1NmI0NjVmODkzZWMzNmU3Nzk4N2NjYSIsInVzZXJfaWQiOjF9.tfVeizUFVTMTfl3I36SA7Ty1S4pIZ7IdDF3abhSO3Ps	\N	2025-03-15 01:14:31+08	\N	3d9d4fb6356b465f893ec36e77987cca
454	eyJhbGciOiJIUzI1NiIsInR5cCI6IkpXVCJ9.eyJ0b2tlbl90eXBlIjoicmVmcmVzaCIsImV4cCI6MTc0MTk3MjQ3NCwiaWF0IjoxNzM5MzgwNDc0LCJqdGkiOiJmMzRiODk3YTE2ZjE0MzA2YTkxZTVmYjA2MDZlYjRiNCIsInVzZXJfaWQiOjF9.vXzicmdHRzdMAdg8QVxLht3zWyCqWlwqlhl5NJUpf-8	\N	2025-03-15 01:14:34+08	\N	f34b897a16f14306a91e5fb0606eb4b4
455	eyJhbGciOiJIUzI1NiIsInR5cCI6IkpXVCJ9.eyJ0b2tlbl90eXBlIjoicmVmcmVzaCIsImV4cCI6MTc0MTk3MjU4NSwiaWF0IjoxNzM5MzgwNTg1LCJqdGkiOiJjZWVlMGEyODJmNGM0YTFjODhhMTk1NWJmMjU2ZDRiZSIsInVzZXJfaWQiOjF9.6ywro8xkB01NcU5PFY85t-L83iNwI6tgabfD2cLIqXY	\N	2025-03-15 01:16:25+08	\N	ceee0a282f4c4a1c88a1955bf256d4be
456	eyJhbGciOiJIUzI1NiIsInR5cCI6IkpXVCJ9.eyJ0b2tlbl90eXBlIjoicmVmcmVzaCIsImV4cCI6MTc0MTk3MjYwMiwiaWF0IjoxNzM5MzgwNjAyLCJqdGkiOiI2YjBkZjliNzgzM2Q0MDQ5OTk4ZjU0MmNmZDVmMjc2OSIsInVzZXJfaWQiOjF9.fo1-hnirKAHAELX28fr5h0yfSdhGbO5SmAutwN0_9-4	\N	2025-03-15 01:16:42+08	\N	6b0df9b7833d4049998f542cfd5f2769
457	eyJhbGciOiJIUzI1NiIsInR5cCI6IkpXVCJ9.eyJ0b2tlbl90eXBlIjoicmVmcmVzaCIsImV4cCI6MTc0MTk3MjYyOCwiaWF0IjoxNzM5MzgwNjI4LCJqdGkiOiI0MmVjMTJjODkzNWE0NmZlYmVhZDY4MTNlZTRiNmJhZSIsInVzZXJfaWQiOjF9.cMkbc-SqQB-k45flNuihyV3VF2MB0huk5xMw3HbyQoM	\N	2025-03-15 01:17:08+08	\N	42ec12c8935a46febead6813ee4b6bae
458	eyJhbGciOiJIUzI1NiIsInR5cCI6IkpXVCJ9.eyJ0b2tlbl90eXBlIjoicmVmcmVzaCIsImV4cCI6MTc0MTk3MjY0OSwiaWF0IjoxNzM5MzgwNjQ5LCJqdGkiOiI5OWQyMTdkYmVmZmQ0M2RmYjBhYThjZGM4ZWE2Y2Q5MiIsInVzZXJfaWQiOjF9.G2YaTCCLREm47ooheVfE5c_juXwAG-7pAYd5r9W_4s4	\N	2025-03-15 01:17:29+08	\N	99d217dbeffd43dfb0aa8cdc8ea6cd92
459	eyJhbGciOiJIUzI1NiIsInR5cCI6IkpXVCJ9.eyJ0b2tlbl90eXBlIjoicmVmcmVzaCIsImV4cCI6MTc0MTk3MjY4NSwiaWF0IjoxNzM5MzgwNjg1LCJqdGkiOiJiMTkzZmM0ZjJjOWU0MDJhYTU0NTJkYzU5MGI3ZTYzOCIsInVzZXJfaWQiOjF9.9FoE_nosQswPkdrszVoCazsFp8hSmkx4cLIbatpWilM	\N	2025-03-15 01:18:05+08	\N	b193fc4f2c9e402aa5452dc590b7e638
460	eyJhbGciOiJIUzI1NiIsInR5cCI6IkpXVCJ9.eyJ0b2tlbl90eXBlIjoicmVmcmVzaCIsImV4cCI6MTc0MTk3MjcwNiwiaWF0IjoxNzM5MzgwNzA2LCJqdGkiOiI2OGNkMGRlNTJjY2Y0ODJlYTUyZDE4MWQzNzY4MjlmNCIsInVzZXJfaWQiOjF9.B-DddyoN6YR611mPIxqsOlXhLjnu1CQAkePMzMMsRgU	\N	2025-03-15 01:18:26+08	\N	68cd0de52ccf482ea52d181d376829f4
461	eyJhbGciOiJIUzI1NiIsInR5cCI6IkpXVCJ9.eyJ0b2tlbl90eXBlIjoicmVmcmVzaCIsImV4cCI6MTc0MTk3MjcyMiwiaWF0IjoxNzM5MzgwNzIyLCJqdGkiOiIzN2UwZGY4NTY0NjA0Y2Y2OGI3NjMxZDQwY2YwNDhkOSIsInVzZXJfaWQiOjF9.QEtqZ0x8QyRttDKsSubitGZ91hd1MYwEYaLJN91tb0g	\N	2025-03-15 01:18:42+08	\N	37e0df8564604cf68b7631d40cf048d9
462	eyJhbGciOiJIUzI1NiIsInR5cCI6IkpXVCJ9.eyJ0b2tlbl90eXBlIjoicmVmcmVzaCIsImV4cCI6MTc0MTk3MjcyNiwiaWF0IjoxNzM5MzgwNzI2LCJqdGkiOiI4Zjc1YmE3MTUzNmI0ZjM4ODdmNDc1Y2MyZGRhZTIxNiIsInVzZXJfaWQiOjF9.QJjMifJVZzGOo-5S3kzeVblFZyp5Yl5O6zwwedgEQwg	\N	2025-03-15 01:18:46+08	\N	8f75ba71536b4f3887f475cc2ddae216
463	eyJhbGciOiJIUzI1NiIsInR5cCI6IkpXVCJ9.eyJ0b2tlbl90eXBlIjoicmVmcmVzaCIsImV4cCI6MTc0MTk3MjcyOCwiaWF0IjoxNzM5MzgwNzI4LCJqdGkiOiI0ZDNkYzZjZWRjYjE0YWQwYjZhMTQ3ZjNjNmM1N2Y4NCIsInVzZXJfaWQiOjF9._22E-okdmdAjjM9PGaXDFs76S8UjsVK_XC9ZF6uVxv4	\N	2025-03-15 01:18:48+08	\N	4d3dc6cedcb14ad0b6a147f3c6c57f84
464	eyJhbGciOiJIUzI1NiIsInR5cCI6IkpXVCJ9.eyJ0b2tlbl90eXBlIjoicmVmcmVzaCIsImV4cCI6MTc0MTk3Mjc1MCwiaWF0IjoxNzM5MzgwNzUwLCJqdGkiOiIwOTVhNDg5OGE2Mzc0ZmNiYjU3M2E3ZjFjNGYzMGEzMSIsInVzZXJfaWQiOjF9.5DMsupgxJLxPii-xsSXsd51C-a8K04DznwoQNkmnKL8	\N	2025-03-15 01:19:10+08	\N	095a4898a6374fcbb573a7f1c4f30a31
465	eyJhbGciOiJIUzI1NiIsInR5cCI6IkpXVCJ9.eyJ0b2tlbl90eXBlIjoicmVmcmVzaCIsImV4cCI6MTc0MTk3Mjc2MCwiaWF0IjoxNzM5MzgwNzYwLCJqdGkiOiIzODIyZDE4ZTI2OGM0YmMwODdkNzFkM2ZkMmQyNzlkNiIsInVzZXJfaWQiOjF9.0FvywEgoUVmDG5ffFkN-uYFqDT5_JGHmrisAR5gc2zY	\N	2025-03-15 01:19:20+08	\N	3822d18e268c4bc087d71d3fd2d279d6
466	eyJhbGciOiJIUzI1NiIsInR5cCI6IkpXVCJ9.eyJ0b2tlbl90eXBlIjoicmVmcmVzaCIsImV4cCI6MTc0MTk3MjkyOCwiaWF0IjoxNzM5MzgwOTI4LCJqdGkiOiI3NjM0ZDU0ZWJhZGY0YzhjYTFlOTEwNjk5ODY5OTQxOSIsInVzZXJfaWQiOjF9.rM11QBEl6JBsoYU6TG0sBCoOZM6xSJ1eKU27NRv2ri8	\N	2025-03-15 01:22:08+08	\N	7634d54ebadf4c8ca1e9106998699419
467	eyJhbGciOiJIUzI1NiIsInR5cCI6IkpXVCJ9.eyJ0b2tlbl90eXBlIjoicmVmcmVzaCIsImV4cCI6MTc0MTk3Mjk0MywiaWF0IjoxNzM5MzgwOTQzLCJqdGkiOiIyYTAzNmMxM2IyNGY0ZDJhODMwMmJlODkzOTA5ZGUzNSIsInVzZXJfaWQiOjF9.xXr8xkKrbQNss92fBSqjhk3mPe6JuO955AfYATnM5uM	\N	2025-03-15 01:22:23+08	\N	2a036c13b24f4d2a8302be893909de35
468	eyJhbGciOiJIUzI1NiIsInR5cCI6IkpXVCJ9.eyJ0b2tlbl90eXBlIjoicmVmcmVzaCIsImV4cCI6MTc0MTk3Mjk5NSwiaWF0IjoxNzM5MzgwOTk1LCJqdGkiOiIyNGVhNjNhMzQ2N2M0ZmMxYTU2MmM2ZGMyNzI2ODY4MSIsInVzZXJfaWQiOjF9.nPY5L6bMrx2Lk_TTSMOfTgkJrSHpaKC7hXMNobYnIY4	\N	2025-03-15 01:23:15+08	\N	24ea63a3467c4fc1a562c6dc27268681
469	eyJhbGciOiJIUzI1NiIsInR5cCI6IkpXVCJ9.eyJ0b2tlbl90eXBlIjoicmVmcmVzaCIsImV4cCI6MTc0MTk3MzAxMCwiaWF0IjoxNzM5MzgxMDEwLCJqdGkiOiJjZDMxNTIyZGYxODg0MWY0YWE0OTExOWVlM2RhOWRmNiIsInVzZXJfaWQiOjF9.h6-R0kgE7bmUph42exLF9OeWDt_KAbgURb4g3zxG8Vc	\N	2025-03-15 01:23:30+08	\N	cd31522df18841f4aa49119ee3da9df6
470	eyJhbGciOiJIUzI1NiIsInR5cCI6IkpXVCJ9.eyJ0b2tlbl90eXBlIjoicmVmcmVzaCIsImV4cCI6MTc0MTk3MzAyNSwiaWF0IjoxNzM5MzgxMDI1LCJqdGkiOiJhMzJiM2E4ZDBhOTY0Y2IzYTA3ZTZkYTg4NTEzMDRkOSIsInVzZXJfaWQiOjF9.kB2zaaED_2y_HPtnVehTxoJ_grK6ABBaL-WchiLjqQs	\N	2025-03-15 01:23:45+08	\N	a32b3a8d0a964cb3a07e6da8851304d9
471	eyJhbGciOiJIUzI1NiIsInR5cCI6IkpXVCJ9.eyJ0b2tlbl90eXBlIjoicmVmcmVzaCIsImV4cCI6MTc0MTk3MzA0NSwiaWF0IjoxNzM5MzgxMDQ1LCJqdGkiOiJhYTExNWQ5NGQ4YmM0MWQ3OTUxNjQxZTA3ZjZmNDUwOSIsInVzZXJfaWQiOjF9.aJTXvv0CrMUNocHQf6t0AXDwaeuDgPFRIHFWRR_C7x4	\N	2025-03-15 01:24:05+08	\N	aa115d94d8bc41d7951641e07f6f4509
472	eyJhbGciOiJIUzI1NiIsInR5cCI6IkpXVCJ9.eyJ0b2tlbl90eXBlIjoicmVmcmVzaCIsImV4cCI6MTc0MTk3MzA4MCwiaWF0IjoxNzM5MzgxMDgwLCJqdGkiOiJjOGU2ZmExZDQxZDA0YjI0ODEwZDE1OTY5MzQwZjQ1ZSIsInVzZXJfaWQiOjF9.fJujWcvF42gvEYTs96xEjT-sPBz2DVYJRVtX_XdXXr0	\N	2025-03-15 01:24:40+08	\N	c8e6fa1d41d04b24810d15969340f45e
473	eyJhbGciOiJIUzI1NiIsInR5cCI6IkpXVCJ9.eyJ0b2tlbl90eXBlIjoicmVmcmVzaCIsImV4cCI6MTc0MTk3MzA5NiwiaWF0IjoxNzM5MzgxMDk2LCJqdGkiOiJmMDhiZDExZDFiMTQ0MGU2OWFjNmJhNzgyMjRiNmM4MCIsInVzZXJfaWQiOjF9.zk2vXdUZ9cd9GJpgZdCxMD_xWaXfLSH4xYhM-ALF_lU	\N	2025-03-15 01:24:56+08	\N	f08bd11d1b1440e69ac6ba78224b6c80
474	eyJhbGciOiJIUzI1NiIsInR5cCI6IkpXVCJ9.eyJ0b2tlbl90eXBlIjoicmVmcmVzaCIsImV4cCI6MTc0MTk3MzEyNSwiaWF0IjoxNzM5MzgxMTI1LCJqdGkiOiJjYTIxNzc1YTg1NDc0ZjIxYTAzYWYxNjllY2MxMzhhOCIsInVzZXJfaWQiOjF9.FKdjtBkMe7j_Nen7uq0-uuoeHdbISWj7iPpTIDHm38E	\N	2025-03-15 01:25:25+08	\N	ca21775a85474f21a03af169ecc138a8
475	eyJhbGciOiJIUzI1NiIsInR5cCI6IkpXVCJ9.eyJ0b2tlbl90eXBlIjoicmVmcmVzaCIsImV4cCI6MTc0MTk3MzI1OSwiaWF0IjoxNzM5MzgxMjU5LCJqdGkiOiJmZDkyOGViMDM0ODI0OTBjOTdiMTU2YzZlYWU3ODZkZCIsInVzZXJfaWQiOjF9.HDGAxfVaE0V3gXv_eei1OmxRmOZSq_vHgJ87qfWTxQk	\N	2025-03-15 01:27:39+08	\N	fd928eb03482490c97b156c6eae786dd
476	eyJhbGciOiJIUzI1NiIsInR5cCI6IkpXVCJ9.eyJ0b2tlbl90eXBlIjoicmVmcmVzaCIsImV4cCI6MTc0MTk3MzM5NSwiaWF0IjoxNzM5MzgxMzk1LCJqdGkiOiI5MWZiMmU0OWJjNGI0NWQ2ODBiYzJiZDA0NDY4MDA0NSIsInVzZXJfaWQiOjF9.UsoDJSv2hDU5vD7T_69Zmtc0mE0zmYcMkiW53-lCVN0	\N	2025-03-15 01:29:55+08	\N	91fb2e49bc4b45d680bc2bd044680045
477	eyJhbGciOiJIUzI1NiIsInR5cCI6IkpXVCJ9.eyJ0b2tlbl90eXBlIjoicmVmcmVzaCIsImV4cCI6MTc0MTk3MzUxMCwiaWF0IjoxNzM5MzgxNTEwLCJqdGkiOiI5MDc3ZTU5NzljMWY0MzQ4OTgyY2E1NTdmMzAxN2VkZiIsInVzZXJfaWQiOjF9.ZW8c1WXM3JZK7-pg-V5WnYWqpyTjUyTOkF5NgMFdXjo	\N	2025-03-15 01:31:50+08	\N	9077e5979c1f4348982ca557f3017edf
478	eyJhbGciOiJIUzI1NiIsInR5cCI6IkpXVCJ9.eyJ0b2tlbl90eXBlIjoicmVmcmVzaCIsImV4cCI6MTc0MTk3NDc0OSwiaWF0IjoxNzM5MzgyNzQ5LCJqdGkiOiJhNzk5NzM0OGUwN2M0MTQ2OGVkMzE0MTFjZDcwN2Q4YyIsInVzZXJfaWQiOjF9.yo86FibsZOxzoolTA6ClxevuK3j_oxGUgseXexHHOcI	\N	2025-03-15 01:52:29+08	\N	a7997348e07c41468ed31411cd707d8c
479	eyJhbGciOiJIUzI1NiIsInR5cCI6IkpXVCJ9.eyJ0b2tlbl90eXBlIjoicmVmcmVzaCIsImV4cCI6MTc0MjAyMTMxNiwiaWF0IjoxNzM5NDI5MzE2LCJqdGkiOiIyYTJmOGQ1NDBjNzM0YzE1ODZiODc0ZTMzMGU2ZjQyMCIsInVzZXJfaWQiOjF9.d4KHIjN_7s-Qxf7leOUiR0TAFMbgLqK3vl0DAN0m6eQ	\N	2025-03-15 14:48:36+08	\N	2a2f8d540c734c1586b874e330e6f420
480	eyJhbGciOiJIUzI1NiIsInR5cCI6IkpXVCJ9.eyJ0b2tlbl90eXBlIjoicmVmcmVzaCIsImV4cCI6MTc0MjAyMTMyOSwiaWF0IjoxNzM5NDI5MzI5LCJqdGkiOiI3NTY0MzYxMWY3NDg0OTRiYTAxOTE5YjQ1YjVmOTliYiIsInVzZXJfaWQiOjF9.DUZBEiLbJJ5aMTML74IFq-qeyunGdyuBZlakANBxKIs	\N	2025-03-15 14:48:49+08	\N	75643611f748494ba01919b45b5f99bb
481	eyJhbGciOiJIUzI1NiIsInR5cCI6IkpXVCJ9.eyJ0b2tlbl90eXBlIjoicmVmcmVzaCIsImV4cCI6MTc0MjAyMTMzOSwiaWF0IjoxNzM5NDI5MzM5LCJqdGkiOiI2ZDlhYzI2YWEzMjQ0NzM3ODcxZDg1ZDVlNDMyNzllYiIsInVzZXJfaWQiOjF9.0QGWYYYX-HyYEFvTimWwWL4QIT5voY_SMrzIEGBktaI	\N	2025-03-15 14:48:59+08	\N	6d9ac26aa3244737871d85d5e43279eb
482	eyJhbGciOiJIUzI1NiIsInR5cCI6IkpXVCJ9.eyJ0b2tlbl90eXBlIjoicmVmcmVzaCIsImV4cCI6MTc0MjAyMTQwNCwiaWF0IjoxNzM5NDI5NDA0LCJqdGkiOiI0OWIyZWQ3ZTEyZGU0ZTUzYjg2YWYxNTQxMGIyMjRjNiIsInVzZXJfaWQiOjF9.CbAiVYHGpZ7uHY-4008EusbNZDMZXHCH0Z8ZLvBTV2c	\N	2025-03-15 14:50:04+08	\N	49b2ed7e12de4e53b86af15410b224c6
483	eyJhbGciOiJIUzI1NiIsInR5cCI6IkpXVCJ9.eyJ0b2tlbl90eXBlIjoicmVmcmVzaCIsImV4cCI6MTc0MjAyMTQ4MSwiaWF0IjoxNzM5NDI5NDgxLCJqdGkiOiJmMTQwNTZkNWY0ZTI0YzNjYWRkYWIzYzllZTM0ZDE4MSIsInVzZXJfaWQiOjF9.22koqeEc4ZbxybsEo6fpWn83rnT3hyVRj6kLpvTOdL4	\N	2025-03-15 14:51:21+08	\N	f14056d5f4e24c3caddab3c9ee34d181
484	eyJhbGciOiJIUzI1NiIsInR5cCI6IkpXVCJ9.eyJ0b2tlbl90eXBlIjoicmVmcmVzaCIsImV4cCI6MTc0MjAyMTUyOSwiaWF0IjoxNzM5NDI5NTI5LCJqdGkiOiJlYTQxMmUzMDMxZWI0NDY0ODRhYjBmN2YzNzBhMGQ1YyIsInVzZXJfaWQiOjF9.5iAVzw5X5poYsid5Y2gZf3zOVcw98aUl7pILMN30lsw	\N	2025-03-15 14:52:09+08	\N	ea412e3031eb446484ab0f7f370a0d5c
485	eyJhbGciOiJIUzI1NiIsInR5cCI6IkpXVCJ9.eyJ0b2tlbl90eXBlIjoicmVmcmVzaCIsImV4cCI6MTc0MjAyMTU1NCwiaWF0IjoxNzM5NDI5NTU0LCJqdGkiOiI3ODRkYTcyYjdmYjM0MzNjYWVkMzUzNmRjNDk2Yjg1NCIsInVzZXJfaWQiOjF9.-3EA2ac-_NO6YLcsXGHj_vK5kyM11trUTgTIotWKsRA	\N	2025-03-15 14:52:34+08	\N	784da72b7fb3433caed3536dc496b854
486	eyJhbGciOiJIUzI1NiIsInR5cCI6IkpXVCJ9.eyJ0b2tlbl90eXBlIjoicmVmcmVzaCIsImV4cCI6MTc0MjAyMTgyNSwiaWF0IjoxNzM5NDI5ODI1LCJqdGkiOiIxZGI1NWUwZWJiZDE0ZGQxOWM2ODA1YzVlYjk5NDFhYSIsInVzZXJfaWQiOjF9.Kv-IjZ5PnaFopjPdpMIPAGxU8_hV-8ETIMdy7YWRkHI	\N	2025-03-15 14:57:05+08	\N	1db55e0ebbd14dd19c6805c5eb9941aa
487	eyJhbGciOiJIUzI1NiIsInR5cCI6IkpXVCJ9.eyJ0b2tlbl90eXBlIjoicmVmcmVzaCIsImV4cCI6MTc0MjAyMTg1MSwiaWF0IjoxNzM5NDI5ODUxLCJqdGkiOiJiNzNjODU4OTk4ZTU0YzIyYTU3ZDcxMGRmZmE5ZDczNyIsInVzZXJfaWQiOjF9.zC5DsMy8KmHwLlKF65x-w2giU3AuEyhxZe5isdGON08	\N	2025-03-15 14:57:31+08	\N	b73c858998e54c22a57d710dffa9d737
488	eyJhbGciOiJIUzI1NiIsInR5cCI6IkpXVCJ9.eyJ0b2tlbl90eXBlIjoicmVmcmVzaCIsImV4cCI6MTc0MjAyMjE5MywiaWF0IjoxNzM5NDMwMTkzLCJqdGkiOiJmOTQzMTE3YTkwNmE0NzFiODdlNDI4ODI2NDliMTJlZCIsInVzZXJfaWQiOjF9.YHWI30wN9wnc8r4aTijGqrZamjB25dyRYEYMsJ_dOho	\N	2025-03-15 15:03:13+08	\N	f943117a906a471b87e42882649b12ed
489	eyJhbGciOiJIUzI1NiIsInR5cCI6IkpXVCJ9.eyJ0b2tlbl90eXBlIjoicmVmcmVzaCIsImV4cCI6MTc0MjAyMjE5NywiaWF0IjoxNzM5NDMwMTk3LCJqdGkiOiIzYmViZjM3YzYwYTA0ZWVjYjcwYmY1YmQ4MDQ2ZGMxYiIsInVzZXJfaWQiOjF9.Ht-t9igJuTuyvu_pPnTZX2O-c0mz1ncoaCi7CebbDZE	\N	2025-03-15 15:03:17+08	\N	3bebf37c60a04eecb70bf5bd8046dc1b
490	eyJhbGciOiJIUzI1NiIsInR5cCI6IkpXVCJ9.eyJ0b2tlbl90eXBlIjoicmVmcmVzaCIsImV4cCI6MTc0MjAyNzA3NywiaWF0IjoxNzM5NDM1MDc3LCJqdGkiOiI1ODRiZTRhM2ZkMGY0NDdkYjNkYWQ1NjUxMjM4ODk4MyIsInVzZXJfaWQiOjF9.euW9Lxdgmam1gejewTSZ63y7cRd-dxyrP6xnw9IYgJc	\N	2025-03-15 16:24:37+08	\N	584be4a3fd0f447db3dad56512388983
491	eyJhbGciOiJIUzI1NiIsInR5cCI6IkpXVCJ9.eyJ0b2tlbl90eXBlIjoicmVmcmVzaCIsImV4cCI6MTc0MjAyNzc2NSwiaWF0IjoxNzM5NDM1NzY1LCJqdGkiOiI2NTdmNTRmOTljNzM0YjZiOWZmNWE5YjM1MmU5NTZkNyIsInVzZXJfaWQiOjF9.Z_kDT9hlwtaXp-XbTwCJtTY30Pab4hifL23tIp4xpj0	\N	2025-03-15 16:36:05+08	\N	657f54f99c734b6b9ff5a9b352e956d7
492	eyJhbGciOiJIUzI1NiIsInR5cCI6IkpXVCJ9.eyJ0b2tlbl90eXBlIjoicmVmcmVzaCIsImV4cCI6MTc0MjAyNzc5OCwiaWF0IjoxNzM5NDM1Nzk4LCJqdGkiOiJhMGExYzNkYzQ4NmE0NGIwYWNkYmVkM2FlZjlkMjUzMyIsInVzZXJfaWQiOjF9.treHTL5c3BHFT84XQXDzhfvqjzzngbvCULSL2Rh6Ce8	\N	2025-03-15 16:36:38+08	\N	a0a1c3dc486a44b0acdbed3aef9d2533
493	eyJhbGciOiJIUzI1NiIsInR5cCI6IkpXVCJ9.eyJ0b2tlbl90eXBlIjoicmVmcmVzaCIsImV4cCI6MTc0MjAyNzg1MCwiaWF0IjoxNzM5NDM1ODUwLCJqdGkiOiIyNTNhY2M4M2Y0OTA0MDY2ODQyZDNlY2NlZjE3MjY4NyIsInVzZXJfaWQiOjF9.lGSJSO8U6jZrOuYTSbpAaFEunPSMB_7XJO4yTWI1RrI	\N	2025-03-15 16:37:30+08	\N	253acc83f4904066842d3eccef172687
494	eyJhbGciOiJIUzI1NiIsInR5cCI6IkpXVCJ9.eyJ0b2tlbl90eXBlIjoicmVmcmVzaCIsImV4cCI6MTc0MjAyNzg3NiwiaWF0IjoxNzM5NDM1ODc2LCJqdGkiOiIxNDI3OGMzYjcyMTQ0NGJjODVkNWEwZjUwNzZhZWYzYSIsInVzZXJfaWQiOjF9.onD12TK0YBzLt3awnzfz9-bb8U2W6nLwC6AJh2iRIFQ	\N	2025-03-15 16:37:56+08	\N	14278c3b721444bc85d5a0f5076aef3a
495	eyJhbGciOiJIUzI1NiIsInR5cCI6IkpXVCJ9.eyJ0b2tlbl90eXBlIjoicmVmcmVzaCIsImV4cCI6MTc0MjAyNzg3OCwiaWF0IjoxNzM5NDM1ODc4LCJqdGkiOiJlOTI4MzUzZWUwOTQ0OTMxYmYzMTFmMzYxYzNhY2RhMiIsInVzZXJfaWQiOjF9.IfFJWjeyksd8f2aKjnutkS-Ppe6KG9wvQJchgvOCnDw	\N	2025-03-15 16:37:58+08	\N	e928353ee0944931bf311f361c3acda2
496	eyJhbGciOiJIUzI1NiIsInR5cCI6IkpXVCJ9.eyJ0b2tlbl90eXBlIjoicmVmcmVzaCIsImV4cCI6MTc0MjAyNzkxMywiaWF0IjoxNzM5NDM1OTEzLCJqdGkiOiJmMWUxNmZiZTFiNzI0OTFjYjdiNzQwY2RkNTYzYTRkMSIsInVzZXJfaWQiOjF9.LHYEfRz4YAWd44yVJXB8-hZVFpyjpQdbYv-hrino9eQ	\N	2025-03-15 16:38:33+08	\N	f1e16fbe1b72491cb7b740cdd563a4d1
497	eyJhbGciOiJIUzI1NiIsInR5cCI6IkpXVCJ9.eyJ0b2tlbl90eXBlIjoicmVmcmVzaCIsImV4cCI6MTc0MjAyNzkyNywiaWF0IjoxNzM5NDM1OTI3LCJqdGkiOiJmMjFkNzBhOTUxNjc0ZDIyOWExYjNkNmJmZjUzMTI5ZCIsInVzZXJfaWQiOjF9.28dQkL7RQCWdhXZ5XQE6_tqFvVJA8uA-LVdz8lwxhr8	\N	2025-03-15 16:38:47+08	\N	f21d70a951674d229a1b3d6bff53129d
498	eyJhbGciOiJIUzI1NiIsInR5cCI6IkpXVCJ9.eyJ0b2tlbl90eXBlIjoicmVmcmVzaCIsImV4cCI6MTc0MjAyNzkzNSwiaWF0IjoxNzM5NDM1OTM1LCJqdGkiOiI1Zjg3NjNmNDgyYTQ0NDViYTkxZTRmNDU0NzgwNDM4MCIsInVzZXJfaWQiOjF9.rPuvpwAn4RQcEg1WV41skfoC6BW49sEhZjPg-sgxV34	\N	2025-03-15 16:38:55+08	\N	5f8763f482a4445ba91e4f4547804380
499	eyJhbGciOiJIUzI1NiIsInR5cCI6IkpXVCJ9.eyJ0b2tlbl90eXBlIjoicmVmcmVzaCIsImV4cCI6MTc0MjAyNzk0NiwiaWF0IjoxNzM5NDM1OTQ2LCJqdGkiOiJhMGE5Njk5ZWM0NTI0ZWQ3OWM2Y2M0OWZhMDI5MzJmZCIsInVzZXJfaWQiOjF9.orIqcPhFWKmOq2Fvxa0m5wbqAUkMBLEW-nvi-QMp61I	\N	2025-03-15 16:39:06+08	\N	a0a9699ec4524ed79c6cc49fa02932fd
500	eyJhbGciOiJIUzI1NiIsInR5cCI6IkpXVCJ9.eyJ0b2tlbl90eXBlIjoicmVmcmVzaCIsImV4cCI6MTc0MjAyODQ0MCwiaWF0IjoxNzM5NDM2NDQwLCJqdGkiOiIyN2VjZTNlNzQ3OWU0YzM1ODEyMDAyZWNiNzVhNWQ2NiIsInVzZXJfaWQiOjF9.erb0tp7v4bLmVdD7icCvnnE1ht6p4IkxnoPVSzHFAwo	\N	2025-03-15 16:47:20+08	\N	27ece3e7479e4c35812002ecb75a5d66
501	eyJhbGciOiJIUzI1NiIsInR5cCI6IkpXVCJ9.eyJ0b2tlbl90eXBlIjoicmVmcmVzaCIsImV4cCI6MTc0MjAyODU4MSwiaWF0IjoxNzM5NDM2NTgxLCJqdGkiOiIwNjU0MmU4Y2JlYTI0ZTRkYjAzYzAwZTI0MjA4YjBkMSIsInVzZXJfaWQiOjF9.5Ir5SMG0L0JXFFruqDPKaXZTYSmeYJSisZDY-k_s4FM	\N	2025-03-15 16:49:41+08	\N	06542e8cbea24e4db03c00e24208b0d1
502	eyJhbGciOiJIUzI1NiIsInR5cCI6IkpXVCJ9.eyJ0b2tlbl90eXBlIjoicmVmcmVzaCIsImV4cCI6MTc0MjAyODY5NCwiaWF0IjoxNzM5NDM2Njk0LCJqdGkiOiJlMWRkYWQxOGZkYmQ0YzQ1OGIyNGQzYjk1NjcwYzBlNiIsInVzZXJfaWQiOjF9.7iGCCEKzheIjPQvZ5Vm--rCnPjzotl6G6OLVJDzHoTI	\N	2025-03-15 16:51:34+08	\N	e1ddad18fdbd4c458b24d3b95670c0e6
503	eyJhbGciOiJIUzI1NiIsInR5cCI6IkpXVCJ9.eyJ0b2tlbl90eXBlIjoicmVmcmVzaCIsImV4cCI6MTc0MjAyODc4OSwiaWF0IjoxNzM5NDM2Nzg5LCJqdGkiOiI3ZDA1MThlNDA3Mjc0NjNmYTRjNjgwMjA2Mjk0ZTgzZSIsInVzZXJfaWQiOjF9.xqC_iyE7qpwtm_0OwtsdkbxjwbKWUPDkanU6lyqxoFM	\N	2025-03-15 16:53:09+08	\N	7d0518e40727463fa4c680206294e83e
504	eyJhbGciOiJIUzI1NiIsInR5cCI6IkpXVCJ9.eyJ0b2tlbl90eXBlIjoicmVmcmVzaCIsImV4cCI6MTc0MjAyODgwNywiaWF0IjoxNzM5NDM2ODA3LCJqdGkiOiJiZDdjOWM1OTU5OWE0MTU3ODMxNWVhZGI1YWYyNjc3NCIsInVzZXJfaWQiOjF9.9opFhr5jSL-VfS2gTPtdc205697KjOhhw-wRnzY-KLw	\N	2025-03-15 16:53:27+08	\N	bd7c9c59599a41578315eadb5af26774
505	eyJhbGciOiJIUzI1NiIsInR5cCI6IkpXVCJ9.eyJ0b2tlbl90eXBlIjoicmVmcmVzaCIsImV4cCI6MTc0MjAyODg2MywiaWF0IjoxNzM5NDM2ODYzLCJqdGkiOiIzNTg0ZDQ4YzI0NTE0NDNmOWI2ZTliMWFiYzJlMDdiZSIsInVzZXJfaWQiOjF9.X_iPnBBi8cj-79R0ylHLiutbqNXzlmQiwVkKK-MSYxo	\N	2025-03-15 16:54:23+08	\N	3584d48c2451443f9b6e9b1abc2e07be
506	eyJhbGciOiJIUzI1NiIsInR5cCI6IkpXVCJ9.eyJ0b2tlbl90eXBlIjoicmVmcmVzaCIsImV4cCI6MTc0MjAyODg2OSwiaWF0IjoxNzM5NDM2ODY5LCJqdGkiOiJlNzA4NGMxZWEwOTA0NzY5OGJjZDFlYjY2ZjFiMjMzOSIsInVzZXJfaWQiOjF9.eEx4AGYk1Ta1eDe4GaP2U9gOFOYpJsTTCcikF8ESzSo	\N	2025-03-15 16:54:29+08	\N	e7084c1ea09047698bcd1eb66f1b2339
507	eyJhbGciOiJIUzI1NiIsInR5cCI6IkpXVCJ9.eyJ0b2tlbl90eXBlIjoicmVmcmVzaCIsImV4cCI6MTc0MjAyODkxOCwiaWF0IjoxNzM5NDM2OTE4LCJqdGkiOiI3NmRiZjZjOGEwNjc0YzlmOWE2MTE4NDEyYzc3MDFmMCIsInVzZXJfaWQiOjF9.JAQzPMtflNXfp0lQ3-qfGXilVEt7QpU9_kPF-y2iSg8	\N	2025-03-15 16:55:18+08	\N	76dbf6c8a0674c9f9a6118412c7701f0
508	eyJhbGciOiJIUzI1NiIsInR5cCI6IkpXVCJ9.eyJ0b2tlbl90eXBlIjoicmVmcmVzaCIsImV4cCI6MTc0MjAyODk0MiwiaWF0IjoxNzM5NDM2OTQyLCJqdGkiOiI3ZjhkYTZjODUxODQ0YzBhOGJjNWZjY2EzYzA5NWJlZCIsInVzZXJfaWQiOjF9.h5M9nlePSM1xaLzLO3yfsOoXwOxlaTK4qX2Qs4mPwuc	\N	2025-03-15 16:55:42+08	\N	7f8da6c851844c0a8bc5fcca3c095bed
509	eyJhbGciOiJIUzI1NiIsInR5cCI6IkpXVCJ9.eyJ0b2tlbl90eXBlIjoicmVmcmVzaCIsImV4cCI6MTc0MjAyODk0NywiaWF0IjoxNzM5NDM2OTQ3LCJqdGkiOiIyODJmMmUyODIyNDI0NWYyYTZiOTA1MDYzNzMzYjA0ZCIsInVzZXJfaWQiOjF9.n6ZxPLCNrrJEu5mjGXmnRpOMoHOChkq7g7YVZpeSzNE	\N	2025-03-15 16:55:47+08	\N	282f2e28224245f2a6b905063733b04d
510	eyJhbGciOiJIUzI1NiIsInR5cCI6IkpXVCJ9.eyJ0b2tlbl90eXBlIjoicmVmcmVzaCIsImV4cCI6MTc0MjAyODk1NCwiaWF0IjoxNzM5NDM2OTU0LCJqdGkiOiI4NzQ5YjUzMGUxMGU0OWVkOTFhYTQwYTg1ZDBmYWQ5YiIsInVzZXJfaWQiOjF9.sgQhYjbKpS9wFqD8yjum4oeybgoFgsZu064g-aYnw48	\N	2025-03-15 16:55:54+08	\N	8749b530e10e49ed91aa40a85d0fad9b
511	eyJhbGciOiJIUzI1NiIsInR5cCI6IkpXVCJ9.eyJ0b2tlbl90eXBlIjoicmVmcmVzaCIsImV4cCI6MTc0MjAyOTAxMCwiaWF0IjoxNzM5NDM3MDEwLCJqdGkiOiIzYzg3OWRmMjRiNWM0ZWU5ODRmMDVkNjEwMmFlNTY2YSIsInVzZXJfaWQiOjF9.SwVxYGWRn9zuEXktyy-34uU09K9P2HMLaLhQM4eDHKY	\N	2025-03-15 16:56:50+08	\N	3c879df24b5c4ee984f05d6102ae566a
512	eyJhbGciOiJIUzI1NiIsInR5cCI6IkpXVCJ9.eyJ0b2tlbl90eXBlIjoicmVmcmVzaCIsImV4cCI6MTc0MjAyOTAyNywiaWF0IjoxNzM5NDM3MDI3LCJqdGkiOiJjY2M1ZjhiYjQyZWQ0NDEyYWRkNDc2Nzk1NzNiZjUwOCIsInVzZXJfaWQiOjF9.nvsgCx3VRqjFUlE3VfW9wODRRp1KELFepRONVjdFbuc	\N	2025-03-15 16:57:07+08	\N	ccc5f8bb42ed4412add47679573bf508
513	eyJhbGciOiJIUzI1NiIsInR5cCI6IkpXVCJ9.eyJ0b2tlbl90eXBlIjoicmVmcmVzaCIsImV4cCI6MTc0MjAyOTA0NiwiaWF0IjoxNzM5NDM3MDQ2LCJqdGkiOiI3MDczYWNjN2YyZGY0ZDk0ODVkMGFlN2Y2NTc3Y2FhYSIsInVzZXJfaWQiOjF9.v-YBxtSdEJbSb8otxmoRsW5ETqf-rk4AvEEe9J7NGOw	\N	2025-03-15 16:57:26+08	\N	7073acc7f2df4d9485d0ae7f6577caaa
514	eyJhbGciOiJIUzI1NiIsInR5cCI6IkpXVCJ9.eyJ0b2tlbl90eXBlIjoicmVmcmVzaCIsImV4cCI6MTc0MjAyOTA1MywiaWF0IjoxNzM5NDM3MDUzLCJqdGkiOiJlOTdlNjc0Y2U5YjM0MWMzYjg3MTU1ZTljMGJlOTdmZiIsInVzZXJfaWQiOjF9._XiaG-2AcNwzdOomTwha-DrZ3NSP1OV6xu37qTlAuWo	\N	2025-03-15 16:57:33+08	\N	e97e674ce9b341c3b87155e9c0be97ff
515	eyJhbGciOiJIUzI1NiIsInR5cCI6IkpXVCJ9.eyJ0b2tlbl90eXBlIjoicmVmcmVzaCIsImV4cCI6MTc0MjAyOTA3NywiaWF0IjoxNzM5NDM3MDc3LCJqdGkiOiJiZjlhZWI4MmU5Zjg0NzQ3OGM0OGRiZTJiMjhkYTUzMiIsInVzZXJfaWQiOjF9.FyCqVGLaTK-BHx0iQn-VKcotQNkHEM-KMTSQh1sAcs0	\N	2025-03-15 16:57:57+08	\N	bf9aeb82e9f847478c48dbe2b28da532
516	eyJhbGciOiJIUzI1NiIsInR5cCI6IkpXVCJ9.eyJ0b2tlbl90eXBlIjoicmVmcmVzaCIsImV4cCI6MTc0MjAyOTE1OSwiaWF0IjoxNzM5NDM3MTU5LCJqdGkiOiIwY2IxMTI4NGUzOGI0YTNjOWRiZGExYmZjYmIxYmI1MSIsInVzZXJfaWQiOjF9.eOEvTQzLFr-WkKWfhg-qBJgWYmEeyjJ4jfT8XmNMrb8	\N	2025-03-15 16:59:19+08	\N	0cb11284e38b4a3c9dbda1bfcbb1bb51
517	eyJhbGciOiJIUzI1NiIsInR5cCI6IkpXVCJ9.eyJ0b2tlbl90eXBlIjoicmVmcmVzaCIsImV4cCI6MTc0MjAyOTE4NSwiaWF0IjoxNzM5NDM3MTg1LCJqdGkiOiIxODM0ZmM1NjE5ZDc0Zjg3ODhlNjcwZmFlZmE4YmY5ZiIsInVzZXJfaWQiOjF9.dOKP_qv0-kMjuIZFRM6KLbvMqTjnjtiRMwWx7vifqNs	\N	2025-03-15 16:59:45+08	\N	1834fc5619d74f8788e670faefa8bf9f
518	eyJhbGciOiJIUzI1NiIsInR5cCI6IkpXVCJ9.eyJ0b2tlbl90eXBlIjoicmVmcmVzaCIsImV4cCI6MTc0MjAyOTE5NiwiaWF0IjoxNzM5NDM3MTk2LCJqdGkiOiIxMTUwNTQ0NDJiMjc0YTg2OTJiNWI5NTc2NDAzOTBiMCIsInVzZXJfaWQiOjF9.IgRxG4JHzp5mlkC5RirSmc0ZmG9-bP5wMJqMNT-WOuo	\N	2025-03-15 16:59:56+08	\N	115054442b274a8692b5b957640390b0
519	eyJhbGciOiJIUzI1NiIsInR5cCI6IkpXVCJ9.eyJ0b2tlbl90eXBlIjoicmVmcmVzaCIsImV4cCI6MTc0MjAyOTIxMywiaWF0IjoxNzM5NDM3MjEzLCJqdGkiOiIxN2UxMjc0ZGY0Mzc0Y2UyOWY2M2Q4YmQwY2ZhNjZhNyIsInVzZXJfaWQiOjF9.zfzfTbKPoZavfD9gRtM7nZ4lYvvSKZStgyLYwT7rPa4	\N	2025-03-15 17:00:13+08	\N	17e1274df4374ce29f63d8bd0cfa66a7
520	eyJhbGciOiJIUzI1NiIsInR5cCI6IkpXVCJ9.eyJ0b2tlbl90eXBlIjoicmVmcmVzaCIsImV4cCI6MTc0MjAyOTI0MSwiaWF0IjoxNzM5NDM3MjQxLCJqdGkiOiIwYTE0NDJlZWI1ZTg0Njk2Yjg4YTdhNTcxNmQxNWE0NCIsInVzZXJfaWQiOjF9.sp949HTY4522QGgTv372XQNIosvkvmETZAzEgG3M9Qs	\N	2025-03-15 17:00:41+08	\N	0a1442eeb5e84696b88a7a5716d15a44
521	eyJhbGciOiJIUzI1NiIsInR5cCI6IkpXVCJ9.eyJ0b2tlbl90eXBlIjoicmVmcmVzaCIsImV4cCI6MTc0MjAyOTI1MCwiaWF0IjoxNzM5NDM3MjUwLCJqdGkiOiIwMGVhMjAxY2IzZTE0MWYxOWNiMTE5YmRlZTQzOWQzNCIsInVzZXJfaWQiOjF9.egSPRN3EDfqZ0ntwNT-RaNwJLv2e8_qqLbJlydAlZ-g	\N	2025-03-15 17:00:50+08	\N	00ea201cb3e141f19cb119bdee439d34
522	eyJhbGciOiJIUzI1NiIsInR5cCI6IkpXVCJ9.eyJ0b2tlbl90eXBlIjoicmVmcmVzaCIsImV4cCI6MTc0MjAyOTI1OCwiaWF0IjoxNzM5NDM3MjU4LCJqdGkiOiI2MTMyMDEzOTI5ZTk0M2Q5OWZjNGZhNjY0NjM0ODQ2YyIsInVzZXJfaWQiOjF9.v-yCw3_ULKPit_eW-4IDtANSvmtWuOfuDBSiKWqnjTM	\N	2025-03-15 17:00:58+08	\N	6132013929e943d99fc4fa664634846c
523	eyJhbGciOiJIUzI1NiIsInR5cCI6IkpXVCJ9.eyJ0b2tlbl90eXBlIjoicmVmcmVzaCIsImV4cCI6MTc0MjAyOTI4MSwiaWF0IjoxNzM5NDM3MjgxLCJqdGkiOiIwY2I5NzkwODdhZGE0Yzk3ODE3YTA5ODQ2OGQ3N2E5NCIsInVzZXJfaWQiOjF9.F8a_-MsjTfsJN6bYBSkl07i7mX1Lws4TCcmPyuc5ja0	\N	2025-03-15 17:01:21+08	\N	0cb979087ada4c97817a098468d77a94
524	eyJhbGciOiJIUzI1NiIsInR5cCI6IkpXVCJ9.eyJ0b2tlbl90eXBlIjoicmVmcmVzaCIsImV4cCI6MTc0MjAyOTMwMCwiaWF0IjoxNzM5NDM3MzAwLCJqdGkiOiI1YTliNzI3NWNlNGE0NThiODU0ZDY1NWM5MzAzMTkwZSIsInVzZXJfaWQiOjF9.gjPoCYgievwnMdf-XoouADLU-AEqJllZrFfzYcVk_CA	\N	2025-03-15 17:01:40+08	\N	5a9b7275ce4a458b854d655c9303190e
525	eyJhbGciOiJIUzI1NiIsInR5cCI6IkpXVCJ9.eyJ0b2tlbl90eXBlIjoicmVmcmVzaCIsImV4cCI6MTc0MjAyOTMwNywiaWF0IjoxNzM5NDM3MzA3LCJqdGkiOiJjZjc5YTZiNTdmYmE0MTZmODVkYjZkNzVlZTg5ZjA0YSIsInVzZXJfaWQiOjF9.V8fE0I8ATutNn8PAcpDW15xXbjVAE4F_mQAqle8DtkA	\N	2025-03-15 17:01:47+08	\N	cf79a6b57fba416f85db6d75ee89f04a
526	eyJhbGciOiJIUzI1NiIsInR5cCI6IkpXVCJ9.eyJ0b2tlbl90eXBlIjoicmVmcmVzaCIsImV4cCI6MTc0MjAyOTMyMiwiaWF0IjoxNzM5NDM3MzIyLCJqdGkiOiIwYjQyNDI0ZTM1Yzc0ZmNmOWI2OGExYmU3ODU3ODlmNSIsInVzZXJfaWQiOjF9.5W3lwFPXbYeWg6TNT5ahD4uAWdW5cA_tqsR15SBdzsk	\N	2025-03-15 17:02:02+08	\N	0b42424e35c74fcf9b68a1be785789f5
527	eyJhbGciOiJIUzI1NiIsInR5cCI6IkpXVCJ9.eyJ0b2tlbl90eXBlIjoicmVmcmVzaCIsImV4cCI6MTc0MjAyOTM0MCwiaWF0IjoxNzM5NDM3MzQwLCJqdGkiOiIyYjA1ZDQ2MmQ0Zjk0ZDM4YTRjODRmNjdlZDE5NDkzNiIsInVzZXJfaWQiOjF9.I38KtJrFtZOoLi4Od84Qz1_mOikzRgBCxGw0jtzM6Kg	\N	2025-03-15 17:02:20+08	\N	2b05d462d4f94d38a4c84f67ed194936
528	eyJhbGciOiJIUzI1NiIsInR5cCI6IkpXVCJ9.eyJ0b2tlbl90eXBlIjoicmVmcmVzaCIsImV4cCI6MTc0MjAyOTQxMCwiaWF0IjoxNzM5NDM3NDEwLCJqdGkiOiI1YTZkZTZiNzM2MjM0N2Y3YjVlM2JmNTc2NTI3MmVmZiIsInVzZXJfaWQiOjF9.HFZJg3-YCALxMaUGhKzBhqgkFoAtgkcelLYa-r1tvi8	\N	2025-03-15 17:03:30+08	\N	5a6de6b7362347f7b5e3bf5765272eff
529	eyJhbGciOiJIUzI1NiIsInR5cCI6IkpXVCJ9.eyJ0b2tlbl90eXBlIjoicmVmcmVzaCIsImV4cCI6MTc0MjAyOTQzMywiaWF0IjoxNzM5NDM3NDMzLCJqdGkiOiI0ZDBkYjY4NjRlN2Q0ZWZlYTg3NzAyODZlNTBiMjQ3NyIsInVzZXJfaWQiOjF9.8r2hf8wSXDGxdo5Ct1VI4dRV5BIe7CSIshKAbs3zqqo	\N	2025-03-15 17:03:53+08	\N	4d0db6864e7d4efea8770286e50b2477
530	eyJhbGciOiJIUzI1NiIsInR5cCI6IkpXVCJ9.eyJ0b2tlbl90eXBlIjoicmVmcmVzaCIsImV4cCI6MTc0MTc3MDU2MywiaWF0IjoxNzM5MTc4NTYzLCJqdGkiOiI4NDIzMDJjMDdmZWE0ZTM3YWRiOTliZjViZDFlZTk2YiIsInVzZXJfaWQiOjF9.-pb-GMMV1j4NBA2unV69gMuKhR4sVtnzZR-GDewQ3q8	\N	2025-03-12 17:09:23+08	\N	842302c07fea4e37adb99bf5bd1ee96b
531	eyJhbGciOiJIUzI1NiIsInR5cCI6IkpXVCJ9.eyJ0b2tlbl90eXBlIjoicmVmcmVzaCIsImV4cCI6MTc0MjA1MTIyMSwiaWF0IjoxNzM5NDU5MjIxLCJqdGkiOiIyMTgzNDdjYmU5YjY0ZTUxOTJkMGZiZjM1MjgyMjI2ZCIsInVzZXJfaWQiOjF9.er5wI0Qxlk6FoaE2aQ2xKDKJtBY6d-GXMWkN9c2c4ME	\N	2025-03-15 23:07:01+08	\N	218347cbe9b64e5192d0fbf35282226d
532	eyJhbGciOiJIUzI1NiIsInR5cCI6IkpXVCJ9.eyJ0b2tlbl90eXBlIjoicmVmcmVzaCIsImV4cCI6MTc0MjA1MTQ3NiwiaWF0IjoxNzM5NDU5NDc2LCJqdGkiOiI4NTM5NzkwMjJjYjA0N2Q5YTE2ZDg5OWI4MjllZjhkMCIsInVzZXJfaWQiOjF9.BpnmFsJ1gentnPXmaymf6DdV_JESDXgF7JaX9hyZLR0	\N	2025-03-15 23:11:16+08	\N	853979022cb047d9a16d899b829ef8d0
533	eyJhbGciOiJIUzI1NiIsInR5cCI6IkpXVCJ9.eyJ0b2tlbl90eXBlIjoicmVmcmVzaCIsImV4cCI6MTc0MjA1MTU3NiwiaWF0IjoxNzM5NDU5NTc2LCJqdGkiOiJkNmUzMWY2MjFhNWU0YWY5YmY3YjY5M2YxNDRkODU0NSIsInVzZXJfaWQiOjF9.mgegdqvr8MVgPtELQA6HNIuMeOsabOcmz_EMgoyIA3I	\N	2025-03-15 23:12:56+08	\N	d6e31f621a5e4af9bf7b693f144d8545
534	eyJhbGciOiJIUzI1NiIsInR5cCI6IkpXVCJ9.eyJ0b2tlbl90eXBlIjoicmVmcmVzaCIsImV4cCI6MTc0MjA1ODYxMywiaWF0IjoxNzM5NDY2NjEzLCJqdGkiOiJiMjlkNWI5NjcyZTE0NmI5ODc0NDI2Njk1MDc1ZmI1ZCIsInVzZXJfaWQiOjF9.d0OA2O7pQFaGAqQMWLxgVzAog-oGEEqUYcvnrnVgUjg	\N	2025-03-16 01:10:13+08	\N	b29d5b9672e146b9874426695075fb5d
535	eyJhbGciOiJIUzI1NiIsInR5cCI6IkpXVCJ9.eyJ0b2tlbl90eXBlIjoicmVmcmVzaCIsImV4cCI6MTc0MjA1OTI2MSwiaWF0IjoxNzM5NDY3MjYxLCJqdGkiOiIzNDVlMTBhNmMyYWQ0NjJjOTVhYzI3Nzg1YTcyNGZkMyIsInVzZXJfaWQiOjF9.qH-4EMrJ44XwrdEEFAIlZSBrjNIfL3ky7c9vWB0qwu4	2025-02-14 01:21:01.440712+08	2025-03-16 01:21:01+08	1	345e10a6c2ad462c95ac27785a724fd3
536	eyJhbGciOiJIUzI1NiIsInR5cCI6IkpXVCJ9.eyJ0b2tlbl90eXBlIjoicmVmcmVzaCIsImV4cCI6MTc0MjA1MDI0OCwiaWF0IjoxNzM5NDU4MjQ4LCJqdGkiOiIzZTgyNjVlMjcyNmU0M2NiOGEzNWVhYjQ4NmI4OTgyMiIsInVzZXJfaWQiOjF9.0MYtlsFmyPRref49LjwyJJNpXxcUWytYfK3T3sf64qI	\N	2025-03-15 22:50:48+08	\N	3e8265e2726e43cb8a35eab486b89822
537	eyJhbGciOiJIUzI1NiIsInR5cCI6IkpXVCJ9.eyJ0b2tlbl90eXBlIjoicmVmcmVzaCIsImV4cCI6MTc0MjA2MDQ5NSwiaWF0IjoxNzM5NDY4NDk1LCJqdGkiOiJkYjQxN2M0MjAwM2Y0MGU0YjY1NmRmNWViOGI3MmRmZSIsInVzZXJfaWQiOjF9.aN1b1zX_KfF02kA-i3BocfAybuslcyWdBc6RU9PRcvg	\N	2025-03-16 01:41:35+08	\N	db417c42003f40e4b656df5eb8b72dfe
538	eyJhbGciOiJIUzI1NiIsInR5cCI6IkpXVCJ9.eyJ0b2tlbl90eXBlIjoicmVmcmVzaCIsImV4cCI6MTc0MjA2MDU2NywiaWF0IjoxNzM5NDY4NTY3LCJqdGkiOiJhYzI1YzdhMzViODU0MGNkODdmYWI1ZmZlMWJmZWYzNSIsInVzZXJfaWQiOjF9.g10BU3-PMOVwk2V5iC2yErkZljVaIiRUEuW01rjxJjQ	\N	2025-03-16 01:42:47+08	\N	ac25c7a35b8540cd87fab5ffe1bfef35
539	eyJhbGciOiJIUzI1NiIsInR5cCI6IkpXVCJ9.eyJ0b2tlbl90eXBlIjoicmVmcmVzaCIsImV4cCI6MTc0MjA2MDc2NiwiaWF0IjoxNzM5NDY4NzY2LCJqdGkiOiI2YjNjMzVmNDFmZjk0NzgyYjJmZDk1OGEzODA2YzlhNyIsInVzZXJfaWQiOjF9.rOxoeOE8SLq5P1G268ZC4c7JChPvQgMhmGDxHIGSQkA	\N	2025-03-16 01:46:06+08	\N	6b3c35f41ff94782b2fd958a3806c9a7
540	eyJhbGciOiJIUzI1NiIsInR5cCI6IkpXVCJ9.eyJ0b2tlbl90eXBlIjoicmVmcmVzaCIsImV4cCI6MTc0MjA2MDc5MiwiaWF0IjoxNzM5NDY4NzkyLCJqdGkiOiI4M2NhYTQ3YjU3NWU0ZDkyYWFiMjFjYzNmMzBlODIxNyIsInVzZXJfaWQiOjF9.TT15j6jhC0yrbRlVEYNIDkgQYw7XbYAW1edlrfyUOu0	\N	2025-03-16 01:46:32+08	\N	83caa47b575e4d92aab21cc3f30e8217
541	eyJhbGciOiJIUzI1NiIsInR5cCI6IkpXVCJ9.eyJ0b2tlbl90eXBlIjoicmVmcmVzaCIsImV4cCI6MTc0MjA2MDgwNywiaWF0IjoxNzM5NDY4ODA3LCJqdGkiOiI3YWFjZjVjZDViMWQ0ZTM3YTg2MjdiZTkxMmQyM2VhNSIsInVzZXJfaWQiOjF9.A13YNLuaWSPLRsVVhgvqxSkqqGZAlBi666B9pBtmeeI	\N	2025-03-16 01:46:47+08	\N	7aacf5cd5b1d4e37a8627be912d23ea5
542	eyJhbGciOiJIUzI1NiIsInR5cCI6IkpXVCJ9.eyJ0b2tlbl90eXBlIjoicmVmcmVzaCIsImV4cCI6MTc0MjA2MDg0NSwiaWF0IjoxNzM5NDY4ODQ1LCJqdGkiOiJiNTYyNzBlYzJmZjg0MzVhOGEzNzIzYjAwZTczMzQxMCIsInVzZXJfaWQiOjF9.JxprjfMWyn3lTy0uqWfAtUGzbr90UBFJ4CBPbr36Apg	\N	2025-03-16 01:47:25+08	\N	b56270ec2ff8435a8a3723b00e733410
543	eyJhbGciOiJIUzI1NiIsInR5cCI6IkpXVCJ9.eyJ0b2tlbl90eXBlIjoicmVmcmVzaCIsImV4cCI6MTc0MjA2MDg2MywiaWF0IjoxNzM5NDY4ODYzLCJqdGkiOiJhMGViNzA2NmM0ZDY0ZGVkOTNmNjAzNTQxNTRjM2IwOCIsInVzZXJfaWQiOjF9.wjmM2SIZzXgFx4d0a-gywaSJ8iR86yLEzHu4kQTWi3o	\N	2025-03-16 01:47:43+08	\N	a0eb7066c4d64ded93f60354154c3b08
544	eyJhbGciOiJIUzI1NiIsInR5cCI6IkpXVCJ9.eyJ0b2tlbl90eXBlIjoicmVmcmVzaCIsImV4cCI6MTc0MjA2MDg5OCwiaWF0IjoxNzM5NDY4ODk4LCJqdGkiOiI2NWRlN2RiNzhkNTA0NmNlYmRjMTQ2ODc5MTRjZmE3ZSIsInVzZXJfaWQiOjF9.5HBxeAFmXJFWcsHm3gQKxCQd6F2hb9s1QN6P-CgWOTA	\N	2025-03-16 01:48:18+08	\N	65de7db78d5046cebdc14687914cfa7e
545	eyJhbGciOiJIUzI1NiIsInR5cCI6IkpXVCJ9.eyJ0b2tlbl90eXBlIjoicmVmcmVzaCIsImV4cCI6MTc0MjA2MDk1MSwiaWF0IjoxNzM5NDY4OTUxLCJqdGkiOiI2Y2RkMTQxZjg2YzU0NjcwODViOTQ2ODVkODI5Njc5ZiIsInVzZXJfaWQiOjF9.0usCOPBB8UTCz_uOIVN9cI5i4OLl63EhtVRm9GT-ppU	\N	2025-03-16 01:49:11+08	\N	6cdd141f86c5467085b94685d829679f
546	eyJhbGciOiJIUzI1NiIsInR5cCI6IkpXVCJ9.eyJ0b2tlbl90eXBlIjoicmVmcmVzaCIsImV4cCI6MTc0MjA2MDk3OSwiaWF0IjoxNzM5NDY4OTc5LCJqdGkiOiJkMTBkNzVkYThlNzE0YjNiOTc1NWQxY2UwMDE3MzI1YiIsInVzZXJfaWQiOjF9.jByhTxmGF3YQl425ctzt-o934GOVdRc3YT1MPuFgkYk	\N	2025-03-16 01:49:39+08	\N	d10d75da8e714b3b9755d1ce0017325b
547	eyJhbGciOiJIUzI1NiIsInR5cCI6IkpXVCJ9.eyJ0b2tlbl90eXBlIjoicmVmcmVzaCIsImV4cCI6MTc0MjA2MDk5MCwiaWF0IjoxNzM5NDY4OTkwLCJqdGkiOiIzMWY3NGFkNjcwNmM0NDQ3YWY5OWNjZGYyODA4YmYyYSIsInVzZXJfaWQiOjF9.Mv4OaLdxjBCoEuFOytGjXtRCiDiS8U0_I-ZlJUbx0Lo	\N	2025-03-16 01:49:50+08	\N	31f74ad6706c4447af99ccdf2808bf2a
548	eyJhbGciOiJIUzI1NiIsInR5cCI6IkpXVCJ9.eyJ0b2tlbl90eXBlIjoicmVmcmVzaCIsImV4cCI6MTc0MjA2MTA4MiwiaWF0IjoxNzM5NDY5MDgyLCJqdGkiOiI2Nzg4ODk5Y2Q2OTg0Njc3OThjZWM3NDZmY2MwM2U1NCIsInVzZXJfaWQiOjF9.6PvQqMaoLi0gmmRAsKRXo_wMgBRA7x9eYabxzIngvwk	\N	2025-03-16 01:51:22+08	\N	6788899cd698467798cec746fcc03e54
549	eyJhbGciOiJIUzI1NiIsInR5cCI6IkpXVCJ9.eyJ0b2tlbl90eXBlIjoicmVmcmVzaCIsImV4cCI6MTc0MjA2MTEzMywiaWF0IjoxNzM5NDY5MTMzLCJqdGkiOiJlMWU2Yjc4MjljYzI0YjFjODk3MDA1OTI3MmY2YzJkZSIsInVzZXJfaWQiOjF9.7AWkebiGmIUwxKG92a4f6e2HVaBK7OUdJeofYcdvvD8	\N	2025-03-16 01:52:13+08	\N	e1e6b7829cc24b1c8970059272f6c2de
550	eyJhbGciOiJIUzI1NiIsInR5cCI6IkpXVCJ9.eyJ0b2tlbl90eXBlIjoicmVmcmVzaCIsImV4cCI6MTc0MjA2MTE0NywiaWF0IjoxNzM5NDY5MTQ3LCJqdGkiOiJiNmFhYmM3NGQyNDk0ZjE3ODIxYTFhNjY4NDU3MzAxYyIsInVzZXJfaWQiOjF9.pVxJb-QHWGmeEiGJCp7rYz9-hfqPf47sM4lRGaOdJzE	\N	2025-03-16 01:52:27+08	\N	b6aabc74d2494f17821a1a668457301c
551	eyJhbGciOiJIUzI1NiIsInR5cCI6IkpXVCJ9.eyJ0b2tlbl90eXBlIjoicmVmcmVzaCIsImV4cCI6MTc0MjA2MTE2NSwiaWF0IjoxNzM5NDY5MTY1LCJqdGkiOiI0OWZmZTVlMjdhNjk0YTgzYmQyM2FhYjJjNTU4ZDQ3NiIsInVzZXJfaWQiOjF9._l3t4qojnQMKdGGk3pH_1SLfAwGwgN4TIMSt9X-ti0w	\N	2025-03-16 01:52:45+08	\N	49ffe5e27a694a83bd23aab2c558d476
552	eyJhbGciOiJIUzI1NiIsInR5cCI6IkpXVCJ9.eyJ0b2tlbl90eXBlIjoicmVmcmVzaCIsImV4cCI6MTc0MjA2MTMyNywiaWF0IjoxNzM5NDY5MzI3LCJqdGkiOiI1ZjBkZWRkYzQ4MmU0MTVkOWU2MjEwZjQxNDEwMWQ4NSIsInVzZXJfaWQiOjF9.jnPSi4ringrVJyIxOaFHwlZFH5xBvLGNRxNiUPCSjfI	\N	2025-03-16 01:55:27+08	\N	5f0deddc482e415d9e6210f414101d85
553	eyJhbGciOiJIUzI1NiIsInR5cCI6IkpXVCJ9.eyJ0b2tlbl90eXBlIjoicmVmcmVzaCIsImV4cCI6MTc0MjA2MTM4NSwiaWF0IjoxNzM5NDY5Mzg1LCJqdGkiOiJjNTc2ZjYzYWE3MWY0NTBhYjYwMDVkYmEyZTlhNWQ0MiIsInVzZXJfaWQiOjF9.RQ8VdQB8n9L-5vMHKIMQF9tDqz1UXo45iErZp7KYNwo	\N	2025-03-16 01:56:25+08	\N	c576f63aa71f450ab6005dba2e9a5d42
554	eyJhbGciOiJIUzI1NiIsInR5cCI6IkpXVCJ9.eyJ0b2tlbl90eXBlIjoicmVmcmVzaCIsImV4cCI6MTc0MjA2MTQwNSwiaWF0IjoxNzM5NDY5NDA1LCJqdGkiOiIxZDY3MDAyNzMzMzI0MThmOWUyYzY1NmFjZDQ4ODM4YiIsInVzZXJfaWQiOjF9.h7ZRDA-xxfdUJUN2oFjayEkSvevCGgttiRapb9Rh51s	\N	2025-03-16 01:56:45+08	\N	1d6700273332418f9e2c656acd48838b
555	eyJhbGciOiJIUzI1NiIsInR5cCI6IkpXVCJ9.eyJ0b2tlbl90eXBlIjoicmVmcmVzaCIsImV4cCI6MTc0MjA2MTQxOSwiaWF0IjoxNzM5NDY5NDE5LCJqdGkiOiIyNjM1NTBmMWY4MGI0MTBiYjRmZGVlNmExNDhlZTY3ZCIsInVzZXJfaWQiOjF9.NFgtujiyty7TplBcv6K_JZSbmlHe2BHAQPcQj8_-EaE	\N	2025-03-16 01:56:59+08	\N	263550f1f80b410bb4fdee6a148ee67d
556	eyJhbGciOiJIUzI1NiIsInR5cCI6IkpXVCJ9.eyJ0b2tlbl90eXBlIjoicmVmcmVzaCIsImV4cCI6MTc0MjA2MTQ0NSwiaWF0IjoxNzM5NDY5NDQ1LCJqdGkiOiI1OGZmMjVjYjRkOTQ0NTBiOWM3ZGQ0NmNhNTUyMzg1ZCIsInVzZXJfaWQiOjF9.kGgJ-HNcuDQ1e-Jlq2Tke-el25Qn846DL2GCAdhMfyY	\N	2025-03-16 01:57:25+08	\N	58ff25cb4d94450b9c7dd46ca552385d
557	eyJhbGciOiJIUzI1NiIsInR5cCI6IkpXVCJ9.eyJ0b2tlbl90eXBlIjoicmVmcmVzaCIsImV4cCI6MTc0MjA2MTQ1NywiaWF0IjoxNzM5NDY5NDU3LCJqdGkiOiJlNjJiMjJmZWQxN2Q0NjQxODA1YzQ5ZWU0NjM4Njg5NyIsInVzZXJfaWQiOjF9.B87GJLp66Zkdg8nOL85HbkO6dWqG9LIFCnBzhu8ScA4	\N	2025-03-16 01:57:37+08	\N	e62b22fed17d4641805c49ee46386897
558	eyJhbGciOiJIUzI1NiIsInR5cCI6IkpXVCJ9.eyJ0b2tlbl90eXBlIjoicmVmcmVzaCIsImV4cCI6MTc0MjA2MTQ2OSwiaWF0IjoxNzM5NDY5NDY5LCJqdGkiOiI0OWYzOTI3ZWIyNjQ0OGNkYjVkMDZlMzg2YzViY2Y2OCIsInVzZXJfaWQiOjF9.uIRI_Ps0f8Yh4knxW0BVNDjE90t-thm9lUN60-QH8sw	\N	2025-03-16 01:57:49+08	\N	49f3927eb26448cdb5d06e386c5bcf68
559	eyJhbGciOiJIUzI1NiIsInR5cCI6IkpXVCJ9.eyJ0b2tlbl90eXBlIjoicmVmcmVzaCIsImV4cCI6MTc0MjA2MTYzOSwiaWF0IjoxNzM5NDY5NjM5LCJqdGkiOiI2MDUwM2EwZjMwMmQ0OTdmYTIyNDcyMDVlMjkzMDY5OCIsInVzZXJfaWQiOjF9.7mOU5l49HoZqYmVsycaF_PZQ5rGg-mjEEjT5X9vyqc0	\N	2025-03-16 02:00:39+08	\N	60503a0f302d497fa2247205e2930698
560	eyJhbGciOiJIUzI1NiIsInR5cCI6IkpXVCJ9.eyJ0b2tlbl90eXBlIjoicmVmcmVzaCIsImV4cCI6MTc0MjA2MTc2MSwiaWF0IjoxNzM5NDY5NzYxLCJqdGkiOiIwNTI2MzY5YzBkYzE0MjczOWYyYTczY2M1YjE2OTRjYiIsInVzZXJfaWQiOjF9.HQj2HwmyIhaFSiPGJoAvDqoHhMnTiSqg3zQpLqvkVls	\N	2025-03-16 02:02:41+08	\N	0526369c0dc142739f2a73cc5b1694cb
561	eyJhbGciOiJIUzI1NiIsInR5cCI6IkpXVCJ9.eyJ0b2tlbl90eXBlIjoicmVmcmVzaCIsImV4cCI6MTc0MjA2MTc5NiwiaWF0IjoxNzM5NDY5Nzk2LCJqdGkiOiI3OGI4YTQ0NTVhMDg0YzA4YjhhZTY3M2VkYzM2MjBiNSIsInVzZXJfaWQiOjF9.G7-xvUrBUMm9mmQ358Bu0J4rnqcin5SjOsFcM1PAxbA	\N	2025-03-16 02:03:16+08	\N	78b8a4455a084c08b8ae673edc3620b5
562	eyJhbGciOiJIUzI1NiIsInR5cCI6IkpXVCJ9.eyJ0b2tlbl90eXBlIjoicmVmcmVzaCIsImV4cCI6MTc0MjA2MTgwNiwiaWF0IjoxNzM5NDY5ODA2LCJqdGkiOiJkMmM1ZTlhYzc1YTg0ZTExODhiNjhmZDM1YzE4OTk3OSIsInVzZXJfaWQiOjF9.P344wqL0guv3iSRFd6MQ5shiqIT_w_scu_4DVpf7uZA	\N	2025-03-16 02:03:26+08	\N	d2c5e9ac75a84e1188b68fd35c189979
563	eyJhbGciOiJIUzI1NiIsInR5cCI6IkpXVCJ9.eyJ0b2tlbl90eXBlIjoicmVmcmVzaCIsImV4cCI6MTc0MjA2MTgyMSwiaWF0IjoxNzM5NDY5ODIxLCJqdGkiOiIzZDk2YTlhY2Y5YTY0MmE3OWU0ZjI0MzVmMzhmZjgxNyIsInVzZXJfaWQiOjF9.UU117mzyg4QtYiKkS_WK8BpQDLYOnvBXfKE1XYSm024	\N	2025-03-16 02:03:41+08	\N	3d96a9acf9a642a79e4f2435f38ff817
564	eyJhbGciOiJIUzI1NiIsInR5cCI6IkpXVCJ9.eyJ0b2tlbl90eXBlIjoicmVmcmVzaCIsImV4cCI6MTc0MjA2MTgzOCwiaWF0IjoxNzM5NDY5ODM4LCJqdGkiOiI2YjA5MzkxNTJiMTQ0MWZhYTRlODdiN2Y1ZmI0M2M5OCIsInVzZXJfaWQiOjF9.VbxCFRkV9KIg8ksRFLv_qBjEavHsd0qkRScN028AEU4	\N	2025-03-16 02:03:58+08	\N	6b0939152b1441faa4e87b7f5fb43c98
565	eyJhbGciOiJIUzI1NiIsInR5cCI6IkpXVCJ9.eyJ0b2tlbl90eXBlIjoicmVmcmVzaCIsImV4cCI6MTc0MjA2MTg1NSwiaWF0IjoxNzM5NDY5ODU1LCJqdGkiOiJhY2QxZTQ2NDEzNDI0NjVlODU1NzA2ZDJmMjdmMjBlZiIsInVzZXJfaWQiOjF9.HQXPc3EWRe2pUdCGK8f_wBs4afTmjmSSPiF44TSCR6w	\N	2025-03-16 02:04:15+08	\N	acd1e4641342465e855706d2f27f20ef
566	eyJhbGciOiJIUzI1NiIsInR5cCI6IkpXVCJ9.eyJ0b2tlbl90eXBlIjoicmVmcmVzaCIsImV4cCI6MTc0MjA2MTkwOCwiaWF0IjoxNzM5NDY5OTA4LCJqdGkiOiJjNGEwZGM0MjA2M2Q0MTEzYmRlNTNlNWUyY2E0ZDFmZiIsInVzZXJfaWQiOjF9.AU6mbtuhIuF7epeG-bfOFoW68BGALndRzk0JI2NTx20	\N	2025-03-16 02:05:08+08	\N	c4a0dc42063d4113bde53e5e2ca4d1ff
567	eyJhbGciOiJIUzI1NiIsInR5cCI6IkpXVCJ9.eyJ0b2tlbl90eXBlIjoicmVmcmVzaCIsImV4cCI6MTc0MjA2MTkzMywiaWF0IjoxNzM5NDY5OTMzLCJqdGkiOiI0YTBiMmE5MDI2ZTM0MTFiOTEyZWIzOWYzMDFmZDdjYiIsInVzZXJfaWQiOjF9.KPqDAL7XPGnELHp5Gj6IrhbnV8D3m-eddCZmdwJH1Vs	\N	2025-03-16 02:05:33+08	\N	4a0b2a9026e3411b912eb39f301fd7cb
568	eyJhbGciOiJIUzI1NiIsInR5cCI6IkpXVCJ9.eyJ0b2tlbl90eXBlIjoicmVmcmVzaCIsImV4cCI6MTc0MjA2MTk1MCwiaWF0IjoxNzM5NDY5OTUwLCJqdGkiOiI2NDg0NWE4MTU3MGE0NTNkOTY4ZmQ5MWFkZDExYTlhNSIsInVzZXJfaWQiOjF9.5ADpjNycqj-ziGnzNGz0U6PeooC3C1JsbtppyJLj3vY	\N	2025-03-16 02:05:50+08	\N	64845a81570a453d968fd91add11a9a5
569	eyJhbGciOiJIUzI1NiIsInR5cCI6IkpXVCJ9.eyJ0b2tlbl90eXBlIjoicmVmcmVzaCIsImV4cCI6MTc0MjA2MTk2MiwiaWF0IjoxNzM5NDY5OTYyLCJqdGkiOiIyMzRkYmRiMWI0OTQ0NWQ5OGIzZDRiNDg3MjIwMzM0YyIsInVzZXJfaWQiOjF9.-8uIdfOYjh6g3K7pna0XIv5AhwJgR_cBPcN8CioAeB0	\N	2025-03-16 02:06:02+08	\N	234dbdb1b49445d98b3d4b487220334c
570	eyJhbGciOiJIUzI1NiIsInR5cCI6IkpXVCJ9.eyJ0b2tlbl90eXBlIjoicmVmcmVzaCIsImV4cCI6MTc0MjA2MjAwMSwiaWF0IjoxNzM5NDcwMDAxLCJqdGkiOiIwZTc0ZmI5OTBkYTQ0YzU3OGUxOWEzYjhiOGNjYjk1YyIsInVzZXJfaWQiOjF9.ZGH0Z3fECvbnLgzRmFc4MJiOPpVYQ9pCI0UYtSwBKa8	\N	2025-03-16 02:06:41+08	\N	0e74fb990da44c578e19a3b8b8ccb95c
571	eyJhbGciOiJIUzI1NiIsInR5cCI6IkpXVCJ9.eyJ0b2tlbl90eXBlIjoicmVmcmVzaCIsImV4cCI6MTc0MjA2MjAwOSwiaWF0IjoxNzM5NDcwMDA5LCJqdGkiOiI4NzBiN2IxZjA3YjA0NzAwYWI3ZmRlNzA1MmMyM2JiMSIsInVzZXJfaWQiOjF9.Vx_LF-jZw8Lxiyk4xw-aV88-yEMnT2h7ma8R9AlEqgQ	\N	2025-03-16 02:06:49+08	\N	870b7b1f07b04700ab7fde7052c23bb1
572	eyJhbGciOiJIUzI1NiIsInR5cCI6IkpXVCJ9.eyJ0b2tlbl90eXBlIjoicmVmcmVzaCIsImV4cCI6MTc0MjA2MjA0MCwiaWF0IjoxNzM5NDcwMDQwLCJqdGkiOiJiNGY3Yjc0NGM2NGI0MDM5YTdkMmZhNjU5NjU1YWY2ZCIsInVzZXJfaWQiOjF9.7TNp1eFI9EDn-GvAyjhNItvBtcGWGx-biXSYUcWN9k0	\N	2025-03-16 02:07:20+08	\N	b4f7b744c64b4039a7d2fa659655af6d
573	eyJhbGciOiJIUzI1NiIsInR5cCI6IkpXVCJ9.eyJ0b2tlbl90eXBlIjoicmVmcmVzaCIsImV4cCI6MTc0MjA2MjA1NSwiaWF0IjoxNzM5NDcwMDU1LCJqdGkiOiJmY2EyZjVkNWVlMmY0Yzk5OGRhOTg5NzEwMTY5M2UzOSIsInVzZXJfaWQiOjF9.tuCzWcfcsf-0lS_B9VCTR9xnExsdLgSUaeTSqMmMmXA	\N	2025-03-16 02:07:35+08	\N	fca2f5d5ee2f4c998da9897101693e39
574	eyJhbGciOiJIUzI1NiIsInR5cCI6IkpXVCJ9.eyJ0b2tlbl90eXBlIjoicmVmcmVzaCIsImV4cCI6MTc0MjA2MjA2MiwiaWF0IjoxNzM5NDcwMDYyLCJqdGkiOiJlMjIyMmI2MGY3YTc0MWJjYjlhYWUxOWMzMWY0YjliNSIsInVzZXJfaWQiOjF9.JpOXIjNwkz267Bun49vUkLqsZH_GLevvFJJfFkwuuUg	\N	2025-03-16 02:07:42+08	\N	e2222b60f7a741bcb9aae19c31f4b9b5
575	eyJhbGciOiJIUzI1NiIsInR5cCI6IkpXVCJ9.eyJ0b2tlbl90eXBlIjoicmVmcmVzaCIsImV4cCI6MTc0MjA2MjA3OCwiaWF0IjoxNzM5NDcwMDc4LCJqdGkiOiJhZWYwMGI3Njk0Nzg0NjEwYTEyZjdiYjUzMjAyZTkwMSIsInVzZXJfaWQiOjF9.hW1VeqsLmNNON1tuMX5pCKmKYfiY6ZTP5jwGElvgh7g	\N	2025-03-16 02:07:58+08	\N	aef00b7694784610a12f7bb53202e901
576	eyJhbGciOiJIUzI1NiIsInR5cCI6IkpXVCJ9.eyJ0b2tlbl90eXBlIjoicmVmcmVzaCIsImV4cCI6MTc0MjA2MjA4NiwiaWF0IjoxNzM5NDcwMDg2LCJqdGkiOiJhMjAwZDRkYjY0YmI0ODI3YWMxNDJiZDI3ZDNmMGRmOSIsInVzZXJfaWQiOjF9.ppJ4GE3W-8IkCjjR5ULQJcjio3NUuIwMG21nJb2uCtk	\N	2025-03-16 02:08:06+08	\N	a200d4db64bb4827ac142bd27d3f0df9
577	eyJhbGciOiJIUzI1NiIsInR5cCI6IkpXVCJ9.eyJ0b2tlbl90eXBlIjoicmVmcmVzaCIsImV4cCI6MTc0MjA2MjA5NCwiaWF0IjoxNzM5NDcwMDk0LCJqdGkiOiIwYmNmZGY3NmViNTM0ODkwYTE2MDliMzhlYjU4ZjhjZiIsInVzZXJfaWQiOjF9.Rtq5bIfx6gR1Rw7f_pBEnJa9HWYwrVdZNwVuoO1RK8U	\N	2025-03-16 02:08:14+08	\N	0bcfdf76eb534890a1609b38eb58f8cf
578	eyJhbGciOiJIUzI1NiIsInR5cCI6IkpXVCJ9.eyJ0b2tlbl90eXBlIjoicmVmcmVzaCIsImV4cCI6MTc0MjA2MjE2MiwiaWF0IjoxNzM5NDcwMTYyLCJqdGkiOiI4NmQ4NzZmZjc1YTU0ZmQwOWUzZWVhNGU5MmMzYWUxYyIsInVzZXJfaWQiOjF9.XfN5FKidnZue2zoOp4k5xbJVNoa4m9L-Ae73Kwdvvus	\N	2025-03-16 02:09:22+08	\N	86d876ff75a54fd09e3eea4e92c3ae1c
579	eyJhbGciOiJIUzI1NiIsInR5cCI6IkpXVCJ9.eyJ0b2tlbl90eXBlIjoicmVmcmVzaCIsImV4cCI6MTc0MjA2MjE3MSwiaWF0IjoxNzM5NDcwMTcxLCJqdGkiOiIzNWNjNTk0YTdmNWQ0NDEzOTNiMzRjOGY2YzlkZDE0OCIsInVzZXJfaWQiOjF9.rzLugFQt9igNXa1nlh4oWVcYXNkuGl5Oaj_FSUIw6U4	\N	2025-03-16 02:09:31+08	\N	35cc594a7f5d441393b34c8f6c9dd148
580	eyJhbGciOiJIUzI1NiIsInR5cCI6IkpXVCJ9.eyJ0b2tlbl90eXBlIjoicmVmcmVzaCIsImV4cCI6MTc0MjA2MjIzNywiaWF0IjoxNzM5NDcwMjM3LCJqdGkiOiI3NzRhMjRjMmQxNDM0Y2QxOWU4ZWFkYWIwZDVhOTQxOCIsInVzZXJfaWQiOjF9.z68YM5BOiSIu14lMvMDWw8YyoQKOsGmak9F-5JttGyg	\N	2025-03-16 02:10:37+08	\N	774a24c2d1434cd19e8eadab0d5a9418
581	eyJhbGciOiJIUzI1NiIsInR5cCI6IkpXVCJ9.eyJ0b2tlbl90eXBlIjoicmVmcmVzaCIsImV4cCI6MTc0MjA2MjI0NiwiaWF0IjoxNzM5NDcwMjQ2LCJqdGkiOiI4NTU0N2MxYjYwODk0YjQ2OWU5Y2UxNmJjOTY3MGQyZCIsInVzZXJfaWQiOjF9.GR8yqk7z4s5emDbOj9s96e5EkZSOYb5HznJnRYADyxY	\N	2025-03-16 02:10:46+08	\N	85547c1b60894b469e9ce16bc9670d2d
582	eyJhbGciOiJIUzI1NiIsInR5cCI6IkpXVCJ9.eyJ0b2tlbl90eXBlIjoicmVmcmVzaCIsImV4cCI6MTc0MjA2MjI1MSwiaWF0IjoxNzM5NDcwMjUxLCJqdGkiOiIwNTI0MjY2MTVlM2I0YzY3YTMzOTRjNjk2ZTgzM2ZkYSIsInVzZXJfaWQiOjF9.BE7PXOORbXkY9yjNSoKDY9bNsAvA06iN5G46Pf5vGzc	\N	2025-03-16 02:10:51+08	\N	052426615e3b4c67a3394c696e833fda
583	eyJhbGciOiJIUzI1NiIsInR5cCI6IkpXVCJ9.eyJ0b2tlbl90eXBlIjoicmVmcmVzaCIsImV4cCI6MTc0MjA2MjM3MCwiaWF0IjoxNzM5NDcwMzcwLCJqdGkiOiJjZmFiZTJjZjM4MDI0ZWQ4YWQ0ZWVmNzdiMjliNjBhMiIsInVzZXJfaWQiOjF9.LVL2bk8kfw6GnUzO_1DuX5saenfmoQgis63Ix9AuLdU	\N	2025-03-16 02:12:50+08	\N	cfabe2cf38024ed8ad4eef77b29b60a2
584	eyJhbGciOiJIUzI1NiIsInR5cCI6IkpXVCJ9.eyJ0b2tlbl90eXBlIjoicmVmcmVzaCIsImV4cCI6MTc0MjA2MjM3NiwiaWF0IjoxNzM5NDcwMzc2LCJqdGkiOiIwN2NkNWQwMjE5NDI0MTlhYWE3NjEzNTA5NDA2ZDY0NiIsInVzZXJfaWQiOjF9.S2Q1hYQ4TS_iXR0XkjWsquWfahJwLSOu8lZf5LkzR7o	\N	2025-03-16 02:12:56+08	\N	07cd5d021942419aaa7613509406d646
585	eyJhbGciOiJIUzI1NiIsInR5cCI6IkpXVCJ9.eyJ0b2tlbl90eXBlIjoicmVmcmVzaCIsImV4cCI6MTc0MjA2MjM4MSwiaWF0IjoxNzM5NDcwMzgxLCJqdGkiOiJiYjU5ZGQxN2IzY2U0MTY4YTE5Mjg3OTFiZWY3ODA0ZSIsInVzZXJfaWQiOjF9.aMFNtSDVoqlgh4p7sYX7nC_YZRUXawrxE3WPfY5sUZM	\N	2025-03-16 02:13:01+08	\N	bb59dd17b3ce4168a1928791bef7804e
586	eyJhbGciOiJIUzI1NiIsInR5cCI6IkpXVCJ9.eyJ0b2tlbl90eXBlIjoicmVmcmVzaCIsImV4cCI6MTc0MjA2MjQxMywiaWF0IjoxNzM5NDcwNDEzLCJqdGkiOiI2MGI3MzlmMjUwZDE0YTcxOTZjMThiZWQ1NzEyNjUwMiIsInVzZXJfaWQiOjF9.9TWTbgKbkoQL3ZaxGQzKHdbuotPQtLrPE8RFAZvNMOk	\N	2025-03-16 02:13:33+08	\N	60b739f250d14a7196c18bed57126502
587	eyJhbGciOiJIUzI1NiIsInR5cCI6IkpXVCJ9.eyJ0b2tlbl90eXBlIjoicmVmcmVzaCIsImV4cCI6MTc0MjA2MjQzNCwiaWF0IjoxNzM5NDcwNDM0LCJqdGkiOiJmZjljYTM2MGY1NWE0ZmIxYjFiOWRhMTlkYTQ3ZjdkNCIsInVzZXJfaWQiOjF9.vE-HndYTVS7I_ONkiCAoRdUNP42dSZpGTSfNPUAVfLc	\N	2025-03-16 02:13:54+08	\N	ff9ca360f55a4fb1b1b9da19da47f7d4
588	eyJhbGciOiJIUzI1NiIsInR5cCI6IkpXVCJ9.eyJ0b2tlbl90eXBlIjoicmVmcmVzaCIsImV4cCI6MTc0MjA2MjQ0NSwiaWF0IjoxNzM5NDcwNDQ1LCJqdGkiOiJlOTU1N2RhZDczNTY0ZTE5OGFiMTJhNzg2NDFkYTY0MCIsInVzZXJfaWQiOjF9.vpyNmdojDyCqAuWH8vWMBJpLWZN8mE1UeYSjoqgC6Lk	\N	2025-03-16 02:14:05+08	\N	e9557dad73564e198ab12a78641da640
589	eyJhbGciOiJIUzI1NiIsInR5cCI6IkpXVCJ9.eyJ0b2tlbl90eXBlIjoicmVmcmVzaCIsImV4cCI6MTc0MjA2NDExMiwiaWF0IjoxNzM5NDcyMTEyLCJqdGkiOiI4ZTE5ZTUxMTA5MWI0YWUwODRiMTE5ZjhlY2Q4ZjliZCIsInVzZXJfaWQiOjF9.IPHhVdPhrlj5yzsSvKqXUz76skrVCUZo1gY2faiC1lM	\N	2025-03-16 02:41:52+08	\N	8e19e511091b4ae084b119f8ecd8f9bd
590	eyJhbGciOiJIUzI1NiIsInR5cCI6IkpXVCJ9.eyJ0b2tlbl90eXBlIjoicmVmcmVzaCIsImV4cCI6MTc0MjA2NDE4NSwiaWF0IjoxNzM5NDcyMTg1LCJqdGkiOiI3YjMxZmFkNDMzMDc0NjgwYjI4ZWIxYzZiMzA0ZDAzMyIsInVzZXJfaWQiOjF9.yiIKhBM3v-Bf5goepryfSLr7eDKJHeQ27APPfRVZFk4	\N	2025-03-16 02:43:05+08	\N	7b31fad433074680b28eb1c6b304d033
591	eyJhbGciOiJIUzI1NiIsInR5cCI6IkpXVCJ9.eyJ0b2tlbl90eXBlIjoicmVmcmVzaCIsImV4cCI6MTc0MjA2NDU1NCwiaWF0IjoxNzM5NDcyNTU0LCJqdGkiOiI0Y2Y4Y2NkYjQ1MWM0Y2JmYTMwMWE2NzE1MTViYzliMCIsInVzZXJfaWQiOjF9.CTFgbczIpUIbHabJnLDtyYBHEIUFxwaOnEOW7gx4abM	\N	2025-03-16 02:49:14+08	\N	4cf8ccdb451c4cbfa301a671515bc9b0
592	eyJhbGciOiJIUzI1NiIsInR5cCI6IkpXVCJ9.eyJ0b2tlbl90eXBlIjoicmVmcmVzaCIsImV4cCI6MTc0MjA2NDU5NCwiaWF0IjoxNzM5NDcyNTk0LCJqdGkiOiJmYzI5ZTQzYmVjOGE0ZDY4ODllN2ZkNTNkZDU5MzFmYiIsInVzZXJfaWQiOjF9.6IlAzXpv2iuHsyQK6ZZGhR1OM-en6ZvPqflHsCxRuWE	\N	2025-03-16 02:49:54+08	\N	fc29e43bec8a4d6889e7fd53dd5931fb
593	eyJhbGciOiJIUzI1NiIsInR5cCI6IkpXVCJ9.eyJ0b2tlbl90eXBlIjoicmVmcmVzaCIsImV4cCI6MTc0MjA2NDYxMCwiaWF0IjoxNzM5NDcyNjEwLCJqdGkiOiIzMDFiNzkyODFhZmI0MjQ1YmIyOTAzZmMyOGJlMjg1ZSIsInVzZXJfaWQiOjF9.UBHmlhGHCCYQExVEPQjzwVj3Lr7hvLJHIvJltodslk4	\N	2025-03-16 02:50:10+08	\N	301b79281afb4245bb2903fc28be285e
594	eyJhbGciOiJIUzI1NiIsInR5cCI6IkpXVCJ9.eyJ0b2tlbl90eXBlIjoicmVmcmVzaCIsImV4cCI6MTc0MjA2NDYzNSwiaWF0IjoxNzM5NDcyNjM1LCJqdGkiOiIzZmIyYmY5NjFkYmQ0ZjhlOThjZmZkOTYwYjRiNjg1YSIsInVzZXJfaWQiOjF9.NHlw4GIGFad_ffWM8_GqvVZ1mG-hAsVk21CQMinT2xI	\N	2025-03-16 02:50:35+08	\N	3fb2bf961dbd4f8e98cffd960b4b685a
595	eyJhbGciOiJIUzI1NiIsInR5cCI6IkpXVCJ9.eyJ0b2tlbl90eXBlIjoicmVmcmVzaCIsImV4cCI6MTc0MjA2NDY1MCwiaWF0IjoxNzM5NDcyNjUwLCJqdGkiOiIyNjMxM2MxMjg3MTM0ZjcxOTg1NjNlM2EwOGVjMGQ0MyIsInVzZXJfaWQiOjF9.W0ulJ4k05TnBho2jmzxE2I9g1uEegvLT-BQEDp77OWc	\N	2025-03-16 02:50:50+08	\N	26313c1287134f7198563e3a08ec0d43
\.


--
-- TOC entry 3656 (class 0 OID 0)
-- Dependencies: 227
-- Name: account_user_groups_id_seq; Type: SEQUENCE SET; Schema: public; Owner: giantcld
--

SELECT pg_catalog.setval('public.account_user_groups_id_seq', 1, false);


--
-- TOC entry 3657 (class 0 OID 0)
-- Dependencies: 225
-- Name: account_user_id_seq; Type: SEQUENCE SET; Schema: public; Owner: giantcld
--

SELECT pg_catalog.setval('public.account_user_id_seq', 2, true);


--
-- TOC entry 3658 (class 0 OID 0)
-- Dependencies: 229
-- Name: account_user_user_permissions_id_seq; Type: SEQUENCE SET; Schema: public; Owner: giantcld
--

SELECT pg_catalog.setval('public.account_user_user_permissions_id_seq', 1, false);


--
-- TOC entry 3659 (class 0 OID 0)
-- Dependencies: 233
-- Name: admin_interface_theme_id_seq; Type: SEQUENCE SET; Schema: public; Owner: giantcld
--

SELECT pg_catalog.setval('public.admin_interface_theme_id_seq', 1, true);


--
-- TOC entry 3660 (class 0 OID 0)
-- Dependencies: 221
-- Name: auth_group_id_seq; Type: SEQUENCE SET; Schema: public; Owner: giantcld
--

SELECT pg_catalog.setval('public.auth_group_id_seq', 1, false);


--
-- TOC entry 3661 (class 0 OID 0)
-- Dependencies: 223
-- Name: auth_group_permissions_id_seq; Type: SEQUENCE SET; Schema: public; Owner: giantcld
--

SELECT pg_catalog.setval('public.auth_group_permissions_id_seq', 1, false);


--
-- TOC entry 3662 (class 0 OID 0)
-- Dependencies: 219
-- Name: auth_permission_id_seq; Type: SEQUENCE SET; Schema: public; Owner: giantcld
--

SELECT pg_catalog.setval('public.auth_permission_id_seq', 100, true);


--
-- TOC entry 3663 (class 0 OID 0)
-- Dependencies: 239
-- Name: core_autodeskcredentials_id_seq; Type: SEQUENCE SET; Schema: public; Owner: giantcld
--

SELECT pg_catalog.setval('public.core_autodeskcredentials_id_seq', 2, true);


--
-- TOC entry 3664 (class 0 OID 0)
-- Dependencies: 235
-- Name: core_company_id_seq; Type: SEQUENCE SET; Schema: public; Owner: giantcld
--

SELECT pg_catalog.setval('public.core_company_id_seq', 3, true);


--
-- TOC entry 3665 (class 0 OID 0)
-- Dependencies: 237
-- Name: core_locale_id_seq; Type: SEQUENCE SET; Schema: public; Owner: giantcld
--

SELECT pg_catalog.setval('public.core_locale_id_seq', 3, true);


--
-- TOC entry 3666 (class 0 OID 0)
-- Dependencies: 241
-- Name: core_navigation_id_seq; Type: SEQUENCE SET; Schema: public; Owner: giantcld
--

SELECT pg_catalog.setval('public.core_navigation_id_seq', 10, true);


--
-- TOC entry 3667 (class 0 OID 0)
-- Dependencies: 243
-- Name: core_navigation_permissions_id_seq; Type: SEQUENCE SET; Schema: public; Owner: giantcld
--

SELECT pg_catalog.setval('public.core_navigation_permissions_id_seq', 1, false);


--
-- TOC entry 3668 (class 0 OID 0)
-- Dependencies: 247
-- Name: core_translation_id_seq; Type: SEQUENCE SET; Schema: public; Owner: giantcld
--

SELECT pg_catalog.setval('public.core_translation_id_seq', 278, true);


--
-- TOC entry 3669 (class 0 OID 0)
-- Dependencies: 245
-- Name: core_userprofile_id_seq; Type: SEQUENCE SET; Schema: public; Owner: giantcld
--

SELECT pg_catalog.setval('public.core_userprofile_id_seq', 2, true);


--
-- TOC entry 3670 (class 0 OID 0)
-- Dependencies: 231
-- Name: django_admin_log_id_seq; Type: SEQUENCE SET; Schema: public; Owner: giantcld
--

SELECT pg_catalog.setval('public.django_admin_log_id_seq', 45, true);


--
-- TOC entry 3671 (class 0 OID 0)
-- Dependencies: 251
-- Name: django_celery_results_chordcounter_id_seq; Type: SEQUENCE SET; Schema: public; Owner: giantcld
--

SELECT pg_catalog.setval('public.django_celery_results_chordcounter_id_seq', 1, false);


--
-- TOC entry 3672 (class 0 OID 0)
-- Dependencies: 253
-- Name: django_celery_results_groupresult_id_seq; Type: SEQUENCE SET; Schema: public; Owner: giantcld
--

SELECT pg_catalog.setval('public.django_celery_results_groupresult_id_seq', 1, false);


--
-- TOC entry 3673 (class 0 OID 0)
-- Dependencies: 249
-- Name: django_celery_results_taskresult_id_seq; Type: SEQUENCE SET; Schema: public; Owner: giantcld
--

SELECT pg_catalog.setval('public.django_celery_results_taskresult_id_seq', 31, true);


--
-- TOC entry 3674 (class 0 OID 0)
-- Dependencies: 217
-- Name: django_content_type_id_seq; Type: SEQUENCE SET; Schema: public; Owner: giantcld
--

SELECT pg_catalog.setval('public.django_content_type_id_seq', 25, true);


--
-- TOC entry 3675 (class 0 OID 0)
-- Dependencies: 215
-- Name: django_migrations_id_seq; Type: SEQUENCE SET; Schema: public; Owner: giantcld
--

SELECT pg_catalog.setval('public.django_migrations_id_seq', 80, true);


--
-- TOC entry 3676 (class 0 OID 0)
-- Dependencies: 264
-- Name: forge_bimconversion_id_seq; Type: SEQUENCE SET; Schema: public; Owner: giantcld
--

SELECT pg_catalog.setval('public.forge_bimconversion_id_seq', 10, true);


--
-- TOC entry 3677 (class 0 OID 0)
-- Dependencies: 260
-- Name: forge_bimmodel_id_seq; Type: SEQUENCE SET; Schema: public; Owner: giantcld
--

SELECT pg_catalog.setval('public.forge_bimmodel_id_seq', 9, true);


--
-- TOC entry 3678 (class 0 OID 0)
-- Dependencies: 266
-- Name: forge_bimobject_id_seq; Type: SEQUENCE SET; Schema: public; Owner: giantcld
--

SELECT pg_catalog.setval('public.forge_bimobject_id_seq', 1, false);


--
-- TOC entry 3679 (class 0 OID 0)
-- Dependencies: 268
-- Name: forge_bimproperty_id_seq; Type: SEQUENCE SET; Schema: public; Owner: giantcld
--

SELECT pg_catalog.setval('public.forge_bimproperty_id_seq', 1, false);


--
-- TOC entry 3680 (class 0 OID 0)
-- Dependencies: 262
-- Name: forge_category_id_seq; Type: SEQUENCE SET; Schema: public; Owner: giantcld
--

SELECT pg_catalog.setval('public.forge_category_id_seq', 1, false);


--
-- TOC entry 3681 (class 0 OID 0)
-- Dependencies: 256
-- Name: token_blacklist_blacklistedtoken_id_seq; Type: SEQUENCE SET; Schema: public; Owner: giantcld
--

SELECT pg_catalog.setval('public.token_blacklist_blacklistedtoken_id_seq', 584, true);


--
-- TOC entry 3682 (class 0 OID 0)
-- Dependencies: 258
-- Name: token_blacklist_outstandingtoken_id_seq; Type: SEQUENCE SET; Schema: public; Owner: giantcld
--

SELECT pg_catalog.setval('public.token_blacklist_outstandingtoken_id_seq', 595, true);


--
-- TOC entry 3315 (class 2606 OID 126256)
-- Name: account_user account_user_email_key; Type: CONSTRAINT; Schema: public; Owner: giantcld
--

ALTER TABLE ONLY public.account_user
    ADD CONSTRAINT account_user_email_key UNIQUE (email);


--
-- TOC entry 3320 (class 2606 OID 126262)
-- Name: account_user_groups account_user_groups_pkey; Type: CONSTRAINT; Schema: public; Owner: giantcld
--

ALTER TABLE ONLY public.account_user_groups
    ADD CONSTRAINT account_user_groups_pkey PRIMARY KEY (id);


--
-- TOC entry 3323 (class 2606 OID 126271)
-- Name: account_user_groups account_user_groups_user_id_group_id_4d09af3e_uniq; Type: CONSTRAINT; Schema: public; Owner: giantcld
--

ALTER TABLE ONLY public.account_user_groups
    ADD CONSTRAINT account_user_groups_user_id_group_id_4d09af3e_uniq UNIQUE (user_id, group_id);


--
-- TOC entry 3317 (class 2606 OID 126254)
-- Name: account_user account_user_pkey; Type: CONSTRAINT; Schema: public; Owner: giantcld
--

ALTER TABLE ONLY public.account_user
    ADD CONSTRAINT account_user_pkey PRIMARY KEY (id);


--
-- TOC entry 3325 (class 2606 OID 126285)
-- Name: account_user_user_permissions account_user_user_permis_user_id_permission_id_48bdd28b_uniq; Type: CONSTRAINT; Schema: public; Owner: giantcld
--

ALTER TABLE ONLY public.account_user_user_permissions
    ADD CONSTRAINT account_user_user_permis_user_id_permission_id_48bdd28b_uniq UNIQUE (user_id, permission_id);


--
-- TOC entry 3328 (class 2606 OID 126268)
-- Name: account_user_user_permissions account_user_user_permissions_pkey; Type: CONSTRAINT; Schema: public; Owner: giantcld
--

ALTER TABLE ONLY public.account_user_user_permissions
    ADD CONSTRAINT account_user_user_permissions_pkey PRIMARY KEY (id);


--
-- TOC entry 3336 (class 2606 OID 126341)
-- Name: admin_interface_theme admin_interface_theme_name_30bda70f_uniq; Type: CONSTRAINT; Schema: public; Owner: giantcld
--

ALTER TABLE ONLY public.admin_interface_theme
    ADD CONSTRAINT admin_interface_theme_name_30bda70f_uniq UNIQUE (name);


--
-- TOC entry 3338 (class 2606 OID 126326)
-- Name: admin_interface_theme admin_interface_theme_pkey; Type: CONSTRAINT; Schema: public; Owner: giantcld
--

ALTER TABLE ONLY public.admin_interface_theme
    ADD CONSTRAINT admin_interface_theme_pkey PRIMARY KEY (id);


--
-- TOC entry 3304 (class 2606 OID 126245)
-- Name: auth_group auth_group_name_key; Type: CONSTRAINT; Schema: public; Owner: giantcld
--

ALTER TABLE ONLY public.auth_group
    ADD CONSTRAINT auth_group_name_key UNIQUE (name);


--
-- TOC entry 3309 (class 2606 OID 126231)
-- Name: auth_group_permissions auth_group_permissions_group_id_permission_id_0cd325b0_uniq; Type: CONSTRAINT; Schema: public; Owner: giantcld
--

ALTER TABLE ONLY public.auth_group_permissions
    ADD CONSTRAINT auth_group_permissions_group_id_permission_id_0cd325b0_uniq UNIQUE (group_id, permission_id);


--
-- TOC entry 3312 (class 2606 OID 126220)
-- Name: auth_group_permissions auth_group_permissions_pkey; Type: CONSTRAINT; Schema: public; Owner: giantcld
--

ALTER TABLE ONLY public.auth_group_permissions
    ADD CONSTRAINT auth_group_permissions_pkey PRIMARY KEY (id);


--
-- TOC entry 3306 (class 2606 OID 126212)
-- Name: auth_group auth_group_pkey; Type: CONSTRAINT; Schema: public; Owner: giantcld
--

ALTER TABLE ONLY public.auth_group
    ADD CONSTRAINT auth_group_pkey PRIMARY KEY (id);


--
-- TOC entry 3299 (class 2606 OID 126222)
-- Name: auth_permission auth_permission_content_type_id_codename_01ab375a_uniq; Type: CONSTRAINT; Schema: public; Owner: giantcld
--

ALTER TABLE ONLY public.auth_permission
    ADD CONSTRAINT auth_permission_content_type_id_codename_01ab375a_uniq UNIQUE (content_type_id, codename);


--
-- TOC entry 3301 (class 2606 OID 126206)
-- Name: auth_permission auth_permission_pkey; Type: CONSTRAINT; Schema: public; Owner: giantcld
--

ALTER TABLE ONLY public.auth_permission
    ADD CONSTRAINT auth_permission_pkey PRIMARY KEY (id);


--
-- TOC entry 3351 (class 2606 OID 126388)
-- Name: core_apscredentials core_autodeskcredentials_pkey; Type: CONSTRAINT; Schema: public; Owner: giantcld
--

ALTER TABLE ONLY public.core_apscredentials
    ADD CONSTRAINT core_autodeskcredentials_pkey PRIMARY KEY (id);


--
-- TOC entry 3341 (class 2606 OID 126372)
-- Name: core_company core_company_name_key; Type: CONSTRAINT; Schema: public; Owner: giantcld
--

ALTER TABLE ONLY public.core_company
    ADD CONSTRAINT core_company_name_key UNIQUE (name);


--
-- TOC entry 3343 (class 2606 OID 126370)
-- Name: core_company core_company_pkey; Type: CONSTRAINT; Schema: public; Owner: giantcld
--

ALTER TABLE ONLY public.core_company
    ADD CONSTRAINT core_company_pkey PRIMARY KEY (id);


--
-- TOC entry 3346 (class 2606 OID 126380)
-- Name: core_locale core_locale_lang_key; Type: CONSTRAINT; Schema: public; Owner: giantcld
--

ALTER TABLE ONLY public.core_locale
    ADD CONSTRAINT core_locale_lang_key UNIQUE (lang);


--
-- TOC entry 3348 (class 2606 OID 126378)
-- Name: core_locale core_locale_pkey; Type: CONSTRAINT; Schema: public; Owner: giantcld
--

ALTER TABLE ONLY public.core_locale
    ADD CONSTRAINT core_locale_pkey PRIMARY KEY (id);


--
-- TOC entry 3357 (class 2606 OID 126442)
-- Name: core_navigation_permissions core_navigation_permissi_navigation_id_permission_4d4bd10a_uniq; Type: CONSTRAINT; Schema: public; Owner: giantcld
--

ALTER TABLE ONLY public.core_navigation_permissions
    ADD CONSTRAINT core_navigation_permissi_navigation_id_permission_4d4bd10a_uniq UNIQUE (navigation_id, permission_id);


--
-- TOC entry 3361 (class 2606 OID 126408)
-- Name: core_navigation_permissions core_navigation_permissions_pkey; Type: CONSTRAINT; Schema: public; Owner: giantcld
--

ALTER TABLE ONLY public.core_navigation_permissions
    ADD CONSTRAINT core_navigation_permissions_pkey PRIMARY KEY (id);


--
-- TOC entry 3354 (class 2606 OID 126402)
-- Name: core_navigation core_navigation_pkey; Type: CONSTRAINT; Schema: public; Owner: giantcld
--

ALTER TABLE ONLY public.core_navigation
    ADD CONSTRAINT core_navigation_pkey PRIMARY KEY (id);


--
-- TOC entry 3368 (class 2606 OID 126467)
-- Name: core_translation core_translation_key_locale_id_29de90de_uniq; Type: CONSTRAINT; Schema: public; Owner: giantcld
--

ALTER TABLE ONLY public.core_translation
    ADD CONSTRAINT core_translation_key_locale_id_29de90de_uniq UNIQUE (key, locale_id);


--
-- TOC entry 3371 (class 2606 OID 126424)
-- Name: core_translation core_translation_pkey; Type: CONSTRAINT; Schema: public; Owner: giantcld
--

ALTER TABLE ONLY public.core_translation
    ADD CONSTRAINT core_translation_pkey PRIMARY KEY (id);


--
-- TOC entry 3364 (class 2606 OID 126414)
-- Name: core_userprofile core_userprofile_pkey; Type: CONSTRAINT; Schema: public; Owner: giantcld
--

ALTER TABLE ONLY public.core_userprofile
    ADD CONSTRAINT core_userprofile_pkey PRIMARY KEY (id);


--
-- TOC entry 3366 (class 2606 OID 126416)
-- Name: core_userprofile core_userprofile_user_id_key; Type: CONSTRAINT; Schema: public; Owner: giantcld
--

ALTER TABLE ONLY public.core_userprofile
    ADD CONSTRAINT core_userprofile_user_id_key UNIQUE (user_id);


--
-- TOC entry 3332 (class 2606 OID 126306)
-- Name: django_admin_log django_admin_log_pkey; Type: CONSTRAINT; Schema: public; Owner: giantcld
--

ALTER TABLE ONLY public.django_admin_log
    ADD CONSTRAINT django_admin_log_pkey PRIMARY KEY (id);


--
-- TOC entry 3384 (class 2606 OID 126505)
-- Name: django_celery_results_chordcounter django_celery_results_chordcounter_group_id_key; Type: CONSTRAINT; Schema: public; Owner: giantcld
--

ALTER TABLE ONLY public.django_celery_results_chordcounter
    ADD CONSTRAINT django_celery_results_chordcounter_group_id_key UNIQUE (group_id);


--
-- TOC entry 3386 (class 2606 OID 126503)
-- Name: django_celery_results_chordcounter django_celery_results_chordcounter_pkey; Type: CONSTRAINT; Schema: public; Owner: giantcld
--

ALTER TABLE ONLY public.django_celery_results_chordcounter
    ADD CONSTRAINT django_celery_results_chordcounter_pkey PRIMARY KEY (id);


--
-- TOC entry 3391 (class 2606 OID 126516)
-- Name: django_celery_results_groupresult django_celery_results_groupresult_group_id_key; Type: CONSTRAINT; Schema: public; Owner: giantcld
--

ALTER TABLE ONLY public.django_celery_results_groupresult
    ADD CONSTRAINT django_celery_results_groupresult_group_id_key UNIQUE (group_id);


--
-- TOC entry 3393 (class 2606 OID 126514)
-- Name: django_celery_results_groupresult django_celery_results_groupresult_pkey; Type: CONSTRAINT; Schema: public; Owner: giantcld
--

ALTER TABLE ONLY public.django_celery_results_groupresult
    ADD CONSTRAINT django_celery_results_groupresult_pkey PRIMARY KEY (id);


--
-- TOC entry 3378 (class 2606 OID 126481)
-- Name: django_celery_results_taskresult django_celery_results_taskresult_pkey; Type: CONSTRAINT; Schema: public; Owner: giantcld
--

ALTER TABLE ONLY public.django_celery_results_taskresult
    ADD CONSTRAINT django_celery_results_taskresult_pkey PRIMARY KEY (id);


--
-- TOC entry 3381 (class 2606 OID 126483)
-- Name: django_celery_results_taskresult django_celery_results_taskresult_task_id_key; Type: CONSTRAINT; Schema: public; Owner: giantcld
--

ALTER TABLE ONLY public.django_celery_results_taskresult
    ADD CONSTRAINT django_celery_results_taskresult_task_id_key UNIQUE (task_id);


--
-- TOC entry 3294 (class 2606 OID 126200)
-- Name: django_content_type django_content_type_app_label_model_76bd3d3b_uniq; Type: CONSTRAINT; Schema: public; Owner: giantcld
--

ALTER TABLE ONLY public.django_content_type
    ADD CONSTRAINT django_content_type_app_label_model_76bd3d3b_uniq UNIQUE (app_label, model);


--
-- TOC entry 3296 (class 2606 OID 126198)
-- Name: django_content_type django_content_type_pkey; Type: CONSTRAINT; Schema: public; Owner: giantcld
--

ALTER TABLE ONLY public.django_content_type
    ADD CONSTRAINT django_content_type_pkey PRIMARY KEY (id);


--
-- TOC entry 3292 (class 2606 OID 126192)
-- Name: django_migrations django_migrations_pkey; Type: CONSTRAINT; Schema: public; Owner: giantcld
--

ALTER TABLE ONLY public.django_migrations
    ADD CONSTRAINT django_migrations_pkey PRIMARY KEY (id);


--
-- TOC entry 3396 (class 2606 OID 126531)
-- Name: django_session django_session_pkey; Type: CONSTRAINT; Schema: public; Owner: giantcld
--

ALTER TABLE ONLY public.django_session
    ADD CONSTRAINT django_session_pkey PRIMARY KEY (session_key);


--
-- TOC entry 3417 (class 2606 OID 128333)
-- Name: forge_bimconversion forge_bimconversion_bim_model_id_version_13afc0b0_uniq; Type: CONSTRAINT; Schema: public; Owner: giantcld
--

ALTER TABLE ONLY public.forge_bimconversion
    ADD CONSTRAINT forge_bimconversion_bim_model_id_version_13afc0b0_uniq UNIQUE (bim_model_id, version);


--
-- TOC entry 3419 (class 2606 OID 128310)
-- Name: forge_bimconversion forge_bimconversion_pkey; Type: CONSTRAINT; Schema: public; Owner: giantcld
--

ALTER TABLE ONLY public.forge_bimconversion
    ADD CONSTRAINT forge_bimconversion_pkey PRIMARY KEY (id);


--
-- TOC entry 3409 (class 2606 OID 128292)
-- Name: forge_bimmodel forge_bimmodel_pkey; Type: CONSTRAINT; Schema: public; Owner: giantcld
--

ALTER TABLE ONLY public.forge_bimmodel
    ADD CONSTRAINT forge_bimmodel_pkey PRIMARY KEY (id);


--
-- TOC entry 3424 (class 2606 OID 128322)
-- Name: forge_bimobject forge_bimobject_object_id_key; Type: CONSTRAINT; Schema: public; Owner: giantcld
--

ALTER TABLE ONLY public.forge_bimobject
    ADD CONSTRAINT forge_bimobject_object_id_key UNIQUE (object_id);


--
-- TOC entry 3426 (class 2606 OID 128320)
-- Name: forge_bimobject forge_bimobject_pkey; Type: CONSTRAINT; Schema: public; Owner: giantcld
--

ALTER TABLE ONLY public.forge_bimobject
    ADD CONSTRAINT forge_bimobject_pkey PRIMARY KEY (id);


--
-- TOC entry 3429 (class 2606 OID 128330)
-- Name: forge_bimproperty forge_bimproperty_pkey; Type: CONSTRAINT; Schema: public; Owner: giantcld
--

ALTER TABLE ONLY public.forge_bimproperty
    ADD CONSTRAINT forge_bimproperty_pkey PRIMARY KEY (id);


--
-- TOC entry 3412 (class 2606 OID 128302)
-- Name: forge_category forge_category_name_key; Type: CONSTRAINT; Schema: public; Owner: giantcld
--

ALTER TABLE ONLY public.forge_category
    ADD CONSTRAINT forge_category_name_key UNIQUE (name);


--
-- TOC entry 3414 (class 2606 OID 128300)
-- Name: forge_category forge_category_pkey; Type: CONSTRAINT; Schema: public; Owner: giantcld
--

ALTER TABLE ONLY public.forge_category
    ADD CONSTRAINT forge_category_pkey PRIMARY KEY (id);


--
-- TOC entry 3399 (class 2606 OID 126573)
-- Name: token_blacklist_blacklistedtoken token_blacklist_blacklistedtoken_pkey; Type: CONSTRAINT; Schema: public; Owner: giantcld
--

ALTER TABLE ONLY public.token_blacklist_blacklistedtoken
    ADD CONSTRAINT token_blacklist_blacklistedtoken_pkey PRIMARY KEY (id);


--
-- TOC entry 3401 (class 2606 OID 126594)
-- Name: token_blacklist_blacklistedtoken token_blacklist_blacklistedtoken_token_id_key; Type: CONSTRAINT; Schema: public; Owner: giantcld
--

ALTER TABLE ONLY public.token_blacklist_blacklistedtoken
    ADD CONSTRAINT token_blacklist_blacklistedtoken_token_id_key UNIQUE (token_id);


--
-- TOC entry 3404 (class 2606 OID 126564)
-- Name: token_blacklist_outstandingtoken token_blacklist_outstandingtoken_jti_hex_d9bdf6f7_uniq; Type: CONSTRAINT; Schema: public; Owner: giantcld
--

ALTER TABLE ONLY public.token_blacklist_outstandingtoken
    ADD CONSTRAINT token_blacklist_outstandingtoken_jti_hex_d9bdf6f7_uniq UNIQUE (jti);


--
-- TOC entry 3406 (class 2606 OID 126582)
-- Name: token_blacklist_outstandingtoken token_blacklist_outstandingtoken_pkey; Type: CONSTRAINT; Schema: public; Owner: giantcld
--

ALTER TABLE ONLY public.token_blacklist_outstandingtoken
    ADD CONSTRAINT token_blacklist_outstandingtoken_pkey PRIMARY KEY (id);


--
-- TOC entry 3313 (class 1259 OID 126269)
-- Name: account_user_email_0bd7c421_like; Type: INDEX; Schema: public; Owner: giantcld
--

CREATE INDEX account_user_email_0bd7c421_like ON public.account_user USING btree (email varchar_pattern_ops);


--
-- TOC entry 3318 (class 1259 OID 126283)
-- Name: account_user_groups_group_id_6c71f749; Type: INDEX; Schema: public; Owner: giantcld
--

CREATE INDEX account_user_groups_group_id_6c71f749 ON public.account_user_groups USING btree (group_id);


--
-- TOC entry 3321 (class 1259 OID 126282)
-- Name: account_user_groups_user_id_14345e7b; Type: INDEX; Schema: public; Owner: giantcld
--

CREATE INDEX account_user_groups_user_id_14345e7b ON public.account_user_groups USING btree (user_id);


--
-- TOC entry 3326 (class 1259 OID 126297)
-- Name: account_user_user_permissions_permission_id_66c44191; Type: INDEX; Schema: public; Owner: giantcld
--

CREATE INDEX account_user_user_permissions_permission_id_66c44191 ON public.account_user_user_permissions USING btree (permission_id);


--
-- TOC entry 3329 (class 1259 OID 126296)
-- Name: account_user_user_permissions_user_id_cc42d270; Type: INDEX; Schema: public; Owner: giantcld
--

CREATE INDEX account_user_user_permissions_user_id_cc42d270 ON public.account_user_user_permissions USING btree (user_id);


--
-- TOC entry 3334 (class 1259 OID 126342)
-- Name: admin_interface_theme_name_30bda70f_like; Type: INDEX; Schema: public; Owner: giantcld
--

CREATE INDEX admin_interface_theme_name_30bda70f_like ON public.admin_interface_theme USING btree (name varchar_pattern_ops);


--
-- TOC entry 3302 (class 1259 OID 126246)
-- Name: auth_group_name_a6ea08ec_like; Type: INDEX; Schema: public; Owner: giantcld
--

CREATE INDEX auth_group_name_a6ea08ec_like ON public.auth_group USING btree (name varchar_pattern_ops);


--
-- TOC entry 3307 (class 1259 OID 126242)
-- Name: auth_group_permissions_group_id_b120cbf9; Type: INDEX; Schema: public; Owner: giantcld
--

CREATE INDEX auth_group_permissions_group_id_b120cbf9 ON public.auth_group_permissions USING btree (group_id);


--
-- TOC entry 3310 (class 1259 OID 126243)
-- Name: auth_group_permissions_permission_id_84c5c92e; Type: INDEX; Schema: public; Owner: giantcld
--

CREATE INDEX auth_group_permissions_permission_id_84c5c92e ON public.auth_group_permissions USING btree (permission_id);


--
-- TOC entry 3297 (class 1259 OID 126228)
-- Name: auth_permission_content_type_id_2f476e4b; Type: INDEX; Schema: public; Owner: giantcld
--

CREATE INDEX auth_permission_content_type_id_2f476e4b ON public.auth_permission USING btree (content_type_id);


--
-- TOC entry 3349 (class 1259 OID 126433)
-- Name: core_autodeskcredentials_company_id_63fc5c77; Type: INDEX; Schema: public; Owner: giantcld
--

CREATE INDEX core_autodeskcredentials_company_id_63fc5c77 ON public.core_apscredentials USING btree (company_id);


--
-- TOC entry 3339 (class 1259 OID 126425)
-- Name: core_company_name_230c8031_like; Type: INDEX; Schema: public; Owner: giantcld
--

CREATE INDEX core_company_name_230c8031_like ON public.core_company USING btree (name varchar_pattern_ops);


--
-- TOC entry 3344 (class 1259 OID 126426)
-- Name: core_locale_lang_7e4234f0_like; Type: INDEX; Schema: public; Owner: giantcld
--

CREATE INDEX core_locale_lang_7e4234f0_like ON public.core_locale USING btree (lang varchar_pattern_ops);


--
-- TOC entry 3352 (class 1259 OID 126440)
-- Name: core_navigation_parent_id_0a0ee36b; Type: INDEX; Schema: public; Owner: giantcld
--

CREATE INDEX core_navigation_parent_id_0a0ee36b ON public.core_navigation USING btree (parent_id);


--
-- TOC entry 3358 (class 1259 OID 126453)
-- Name: core_navigation_permissions_navigation_id_5025399d; Type: INDEX; Schema: public; Owner: giantcld
--

CREATE INDEX core_navigation_permissions_navigation_id_5025399d ON public.core_navigation_permissions USING btree (navigation_id);


--
-- TOC entry 3359 (class 1259 OID 126454)
-- Name: core_navigation_permissions_permission_id_dfacc148; Type: INDEX; Schema: public; Owner: giantcld
--

CREATE INDEX core_navigation_permissions_permission_id_dfacc148 ON public.core_navigation_permissions USING btree (permission_id);


--
-- TOC entry 3355 (class 1259 OID 126439)
-- Name: core_navigation_tree_id_9651f31f; Type: INDEX; Schema: public; Owner: giantcld
--

CREATE INDEX core_navigation_tree_id_9651f31f ON public.core_navigation USING btree (tree_id);


--
-- TOC entry 3369 (class 1259 OID 126473)
-- Name: core_translation_locale_id_af238300; Type: INDEX; Schema: public; Owner: giantcld
--

CREATE INDEX core_translation_locale_id_af238300 ON public.core_translation USING btree (locale_id);


--
-- TOC entry 3362 (class 1259 OID 126465)
-- Name: core_userprofile_company_id_f3f7e395; Type: INDEX; Schema: public; Owner: giantcld
--

CREATE INDEX core_userprofile_company_id_f3f7e395 ON public.core_userprofile USING btree (company_id);


--
-- TOC entry 3330 (class 1259 OID 126317)
-- Name: django_admin_log_content_type_id_c4bce8eb; Type: INDEX; Schema: public; Owner: giantcld
--

CREATE INDEX django_admin_log_content_type_id_c4bce8eb ON public.django_admin_log USING btree (content_type_id);


--
-- TOC entry 3333 (class 1259 OID 126318)
-- Name: django_admin_log_user_id_c564eba6; Type: INDEX; Schema: public; Owner: giantcld
--

CREATE INDEX django_admin_log_user_id_c564eba6 ON public.django_admin_log USING btree (user_id);


--
-- TOC entry 3387 (class 1259 OID 126522)
-- Name: django_cele_date_cr_bd6c1d_idx; Type: INDEX; Schema: public; Owner: giantcld
--

CREATE INDEX django_cele_date_cr_bd6c1d_idx ON public.django_celery_results_groupresult USING btree (date_created);


--
-- TOC entry 3372 (class 1259 OID 126520)
-- Name: django_cele_date_cr_f04a50_idx; Type: INDEX; Schema: public; Owner: giantcld
--

CREATE INDEX django_cele_date_cr_f04a50_idx ON public.django_celery_results_taskresult USING btree (date_created);


--
-- TOC entry 3388 (class 1259 OID 126523)
-- Name: django_cele_date_do_caae0e_idx; Type: INDEX; Schema: public; Owner: giantcld
--

CREATE INDEX django_cele_date_do_caae0e_idx ON public.django_celery_results_groupresult USING btree (date_done);


--
-- TOC entry 3373 (class 1259 OID 126521)
-- Name: django_cele_date_do_f59aad_idx; Type: INDEX; Schema: public; Owner: giantcld
--

CREATE INDEX django_cele_date_do_f59aad_idx ON public.django_celery_results_taskresult USING btree (date_done);


--
-- TOC entry 3374 (class 1259 OID 126518)
-- Name: django_cele_status_9b6201_idx; Type: INDEX; Schema: public; Owner: giantcld
--

CREATE INDEX django_cele_status_9b6201_idx ON public.django_celery_results_taskresult USING btree (status);


--
-- TOC entry 3375 (class 1259 OID 126517)
-- Name: django_cele_task_na_08aec9_idx; Type: INDEX; Schema: public; Owner: giantcld
--

CREATE INDEX django_cele_task_na_08aec9_idx ON public.django_celery_results_taskresult USING btree (task_name);


--
-- TOC entry 3376 (class 1259 OID 126519)
-- Name: django_cele_worker_d54dd8_idx; Type: INDEX; Schema: public; Owner: giantcld
--

CREATE INDEX django_cele_worker_d54dd8_idx ON public.django_celery_results_taskresult USING btree (worker);


--
-- TOC entry 3382 (class 1259 OID 126506)
-- Name: django_celery_results_chordcounter_group_id_1f70858c_like; Type: INDEX; Schema: public; Owner: giantcld
--

CREATE INDEX django_celery_results_chordcounter_group_id_1f70858c_like ON public.django_celery_results_chordcounter USING btree (group_id varchar_pattern_ops);


--
-- TOC entry 3389 (class 1259 OID 126524)
-- Name: django_celery_results_groupresult_group_id_a085f1a9_like; Type: INDEX; Schema: public; Owner: giantcld
--

CREATE INDEX django_celery_results_groupresult_group_id_a085f1a9_like ON public.django_celery_results_groupresult USING btree (group_id varchar_pattern_ops);


--
-- TOC entry 3379 (class 1259 OID 126484)
-- Name: django_celery_results_taskresult_task_id_de0d95bf_like; Type: INDEX; Schema: public; Owner: giantcld
--

CREATE INDEX django_celery_results_taskresult_task_id_de0d95bf_like ON public.django_celery_results_taskresult USING btree (task_id varchar_pattern_ops);


--
-- TOC entry 3394 (class 1259 OID 126533)
-- Name: django_session_expire_date_a5c62663; Type: INDEX; Schema: public; Owner: giantcld
--

CREATE INDEX django_session_expire_date_a5c62663 ON public.django_session USING btree (expire_date);


--
-- TOC entry 3397 (class 1259 OID 126532)
-- Name: django_session_session_key_c0390e0f_like; Type: INDEX; Schema: public; Owner: giantcld
--

CREATE INDEX django_session_session_key_c0390e0f_like ON public.django_session USING btree (session_key varchar_pattern_ops);


--
-- TOC entry 3415 (class 1259 OID 128340)
-- Name: forge_bimconversion_bim_model_id_d98b2617; Type: INDEX; Schema: public; Owner: giantcld
--

CREATE INDEX forge_bimconversion_bim_model_id_d98b2617 ON public.forge_bimconversion USING btree (bim_model_id);


--
-- TOC entry 3420 (class 1259 OID 128352)
-- Name: forge_bimobject_bim_conversion_id_bef2ce74; Type: INDEX; Schema: public; Owner: giantcld
--

CREATE INDEX forge_bimobject_bim_conversion_id_bef2ce74 ON public.forge_bimobject USING btree (bim_conversion_id);


--
-- TOC entry 3421 (class 1259 OID 128353)
-- Name: forge_bimobject_category_id_ab70f58a; Type: INDEX; Schema: public; Owner: giantcld
--

CREATE INDEX forge_bimobject_category_id_ab70f58a ON public.forge_bimobject USING btree (category_id);


--
-- TOC entry 3422 (class 1259 OID 128351)
-- Name: forge_bimobject_object_id_9d0be1b0_like; Type: INDEX; Schema: public; Owner: giantcld
--

CREATE INDEX forge_bimobject_object_id_9d0be1b0_like ON public.forge_bimobject USING btree (object_id varchar_pattern_ops);


--
-- TOC entry 3427 (class 1259 OID 128359)
-- Name: forge_bimproperty_bim_object_id_2ba8b110; Type: INDEX; Schema: public; Owner: giantcld
--

CREATE INDEX forge_bimproperty_bim_object_id_2ba8b110 ON public.forge_bimproperty USING btree (bim_object_id);


--
-- TOC entry 3410 (class 1259 OID 128331)
-- Name: forge_category_name_9e745d14_like; Type: INDEX; Schema: public; Owner: giantcld
--

CREATE INDEX forge_category_name_9e745d14_like ON public.forge_category USING btree (name varchar_pattern_ops);


--
-- TOC entry 3402 (class 1259 OID 126565)
-- Name: token_blacklist_outstandingtoken_jti_hex_d9bdf6f7_like; Type: INDEX; Schema: public; Owner: giantcld
--

CREATE INDEX token_blacklist_outstandingtoken_jti_hex_d9bdf6f7_like ON public.token_blacklist_outstandingtoken USING btree (jti varchar_pattern_ops);


--
-- TOC entry 3407 (class 1259 OID 126562)
-- Name: token_blacklist_outstandingtoken_user_id_83bc629a; Type: INDEX; Schema: public; Owner: giantcld
--

CREATE INDEX token_blacklist_outstandingtoken_user_id_83bc629a ON public.token_blacklist_outstandingtoken USING btree (user_id);


--
-- TOC entry 3433 (class 2606 OID 126277)
-- Name: account_user_groups account_user_groups_group_id_6c71f749_fk_auth_group_id; Type: FK CONSTRAINT; Schema: public; Owner: giantcld
--

ALTER TABLE ONLY public.account_user_groups
    ADD CONSTRAINT account_user_groups_group_id_6c71f749_fk_auth_group_id FOREIGN KEY (group_id) REFERENCES public.auth_group(id) DEFERRABLE INITIALLY DEFERRED;


--
-- TOC entry 3434 (class 2606 OID 126272)
-- Name: account_user_groups account_user_groups_user_id_14345e7b_fk_account_user_id; Type: FK CONSTRAINT; Schema: public; Owner: giantcld
--

ALTER TABLE ONLY public.account_user_groups
    ADD CONSTRAINT account_user_groups_user_id_14345e7b_fk_account_user_id FOREIGN KEY (user_id) REFERENCES public.account_user(id) DEFERRABLE INITIALLY DEFERRED;


--
-- TOC entry 3435 (class 2606 OID 126291)
-- Name: account_user_user_permissions account_user_user_pe_permission_id_66c44191_fk_auth_perm; Type: FK CONSTRAINT; Schema: public; Owner: giantcld
--

ALTER TABLE ONLY public.account_user_user_permissions
    ADD CONSTRAINT account_user_user_pe_permission_id_66c44191_fk_auth_perm FOREIGN KEY (permission_id) REFERENCES public.auth_permission(id) DEFERRABLE INITIALLY DEFERRED;


--
-- TOC entry 3436 (class 2606 OID 126286)
-- Name: account_user_user_permissions account_user_user_pe_user_id_cc42d270_fk_account_u; Type: FK CONSTRAINT; Schema: public; Owner: giantcld
--

ALTER TABLE ONLY public.account_user_user_permissions
    ADD CONSTRAINT account_user_user_pe_user_id_cc42d270_fk_account_u FOREIGN KEY (user_id) REFERENCES public.account_user(id) DEFERRABLE INITIALLY DEFERRED;


--
-- TOC entry 3431 (class 2606 OID 126237)
-- Name: auth_group_permissions auth_group_permissio_permission_id_84c5c92e_fk_auth_perm; Type: FK CONSTRAINT; Schema: public; Owner: giantcld
--

ALTER TABLE ONLY public.auth_group_permissions
    ADD CONSTRAINT auth_group_permissio_permission_id_84c5c92e_fk_auth_perm FOREIGN KEY (permission_id) REFERENCES public.auth_permission(id) DEFERRABLE INITIALLY DEFERRED;


--
-- TOC entry 3432 (class 2606 OID 126232)
-- Name: auth_group_permissions auth_group_permissions_group_id_b120cbf9_fk_auth_group_id; Type: FK CONSTRAINT; Schema: public; Owner: giantcld
--

ALTER TABLE ONLY public.auth_group_permissions
    ADD CONSTRAINT auth_group_permissions_group_id_b120cbf9_fk_auth_group_id FOREIGN KEY (group_id) REFERENCES public.auth_group(id) DEFERRABLE INITIALLY DEFERRED;


--
-- TOC entry 3430 (class 2606 OID 126223)
-- Name: auth_permission auth_permission_content_type_id_2f476e4b_fk_django_co; Type: FK CONSTRAINT; Schema: public; Owner: giantcld
--

ALTER TABLE ONLY public.auth_permission
    ADD CONSTRAINT auth_permission_content_type_id_2f476e4b_fk_django_co FOREIGN KEY (content_type_id) REFERENCES public.django_content_type(id) DEFERRABLE INITIALLY DEFERRED;


--
-- TOC entry 3439 (class 2606 OID 126427)
-- Name: core_apscredentials core_autodeskcredentials_company_id_63fc5c77_fk_core_company_id; Type: FK CONSTRAINT; Schema: public; Owner: giantcld
--

ALTER TABLE ONLY public.core_apscredentials
    ADD CONSTRAINT core_autodeskcredentials_company_id_63fc5c77_fk_core_company_id FOREIGN KEY (company_id) REFERENCES public.core_company(id) DEFERRABLE INITIALLY DEFERRED;


--
-- TOC entry 3440 (class 2606 OID 126434)
-- Name: core_navigation core_navigation_parent_id_0a0ee36b_fk_core_navigation_id; Type: FK CONSTRAINT; Schema: public; Owner: giantcld
--

ALTER TABLE ONLY public.core_navigation
    ADD CONSTRAINT core_navigation_parent_id_0a0ee36b_fk_core_navigation_id FOREIGN KEY (parent_id) REFERENCES public.core_navigation(id) DEFERRABLE INITIALLY DEFERRED;


--
-- TOC entry 3441 (class 2606 OID 126443)
-- Name: core_navigation_permissions core_navigation_perm_navigation_id_5025399d_fk_core_navi; Type: FK CONSTRAINT; Schema: public; Owner: giantcld
--

ALTER TABLE ONLY public.core_navigation_permissions
    ADD CONSTRAINT core_navigation_perm_navigation_id_5025399d_fk_core_navi FOREIGN KEY (navigation_id) REFERENCES public.core_navigation(id) DEFERRABLE INITIALLY DEFERRED;


--
-- TOC entry 3442 (class 2606 OID 126448)
-- Name: core_navigation_permissions core_navigation_perm_permission_id_dfacc148_fk_auth_perm; Type: FK CONSTRAINT; Schema: public; Owner: giantcld
--

ALTER TABLE ONLY public.core_navigation_permissions
    ADD CONSTRAINT core_navigation_perm_permission_id_dfacc148_fk_auth_perm FOREIGN KEY (permission_id) REFERENCES public.auth_permission(id) DEFERRABLE INITIALLY DEFERRED;


--
-- TOC entry 3445 (class 2606 OID 126468)
-- Name: core_translation core_translation_locale_id_af238300_fk_core_locale_id; Type: FK CONSTRAINT; Schema: public; Owner: giantcld
--

ALTER TABLE ONLY public.core_translation
    ADD CONSTRAINT core_translation_locale_id_af238300_fk_core_locale_id FOREIGN KEY (locale_id) REFERENCES public.core_locale(id) DEFERRABLE INITIALLY DEFERRED;


--
-- TOC entry 3443 (class 2606 OID 126455)
-- Name: core_userprofile core_userprofile_company_id_f3f7e395_fk_core_company_id; Type: FK CONSTRAINT; Schema: public; Owner: giantcld
--

ALTER TABLE ONLY public.core_userprofile
    ADD CONSTRAINT core_userprofile_company_id_f3f7e395_fk_core_company_id FOREIGN KEY (company_id) REFERENCES public.core_company(id) DEFERRABLE INITIALLY DEFERRED;


--
-- TOC entry 3444 (class 2606 OID 126460)
-- Name: core_userprofile core_userprofile_user_id_5141ad90_fk_account_user_id; Type: FK CONSTRAINT; Schema: public; Owner: giantcld
--

ALTER TABLE ONLY public.core_userprofile
    ADD CONSTRAINT core_userprofile_user_id_5141ad90_fk_account_user_id FOREIGN KEY (user_id) REFERENCES public.account_user(id) DEFERRABLE INITIALLY DEFERRED;


--
-- TOC entry 3437 (class 2606 OID 126307)
-- Name: django_admin_log django_admin_log_content_type_id_c4bce8eb_fk_django_co; Type: FK CONSTRAINT; Schema: public; Owner: giantcld
--

ALTER TABLE ONLY public.django_admin_log
    ADD CONSTRAINT django_admin_log_content_type_id_c4bce8eb_fk_django_co FOREIGN KEY (content_type_id) REFERENCES public.django_content_type(id) DEFERRABLE INITIALLY DEFERRED;


--
-- TOC entry 3438 (class 2606 OID 126312)
-- Name: django_admin_log django_admin_log_user_id_c564eba6_fk_account_user_id; Type: FK CONSTRAINT; Schema: public; Owner: giantcld
--

ALTER TABLE ONLY public.django_admin_log
    ADD CONSTRAINT django_admin_log_user_id_c564eba6_fk_account_user_id FOREIGN KEY (user_id) REFERENCES public.account_user(id) DEFERRABLE INITIALLY DEFERRED;


--
-- TOC entry 3448 (class 2606 OID 128334)
-- Name: forge_bimconversion forge_bimconversion_bim_model_id_d98b2617_fk_forge_bimmodel_id; Type: FK CONSTRAINT; Schema: public; Owner: giantcld
--

ALTER TABLE ONLY public.forge_bimconversion
    ADD CONSTRAINT forge_bimconversion_bim_model_id_d98b2617_fk_forge_bimmodel_id FOREIGN KEY (bim_model_id) REFERENCES public.forge_bimmodel(id) DEFERRABLE INITIALLY DEFERRED;


--
-- TOC entry 3449 (class 2606 OID 128341)
-- Name: forge_bimobject forge_bimobject_bim_conversion_id_bef2ce74_fk_forge_bim; Type: FK CONSTRAINT; Schema: public; Owner: giantcld
--

ALTER TABLE ONLY public.forge_bimobject
    ADD CONSTRAINT forge_bimobject_bim_conversion_id_bef2ce74_fk_forge_bim FOREIGN KEY (bim_conversion_id) REFERENCES public.forge_bimconversion(id) DEFERRABLE INITIALLY DEFERRED;


--
-- TOC entry 3450 (class 2606 OID 128346)
-- Name: forge_bimobject forge_bimobject_category_id_ab70f58a_fk_forge_category_id; Type: FK CONSTRAINT; Schema: public; Owner: giantcld
--

ALTER TABLE ONLY public.forge_bimobject
    ADD CONSTRAINT forge_bimobject_category_id_ab70f58a_fk_forge_category_id FOREIGN KEY (category_id) REFERENCES public.forge_category(id) DEFERRABLE INITIALLY DEFERRED;


--
-- TOC entry 3451 (class 2606 OID 128354)
-- Name: forge_bimproperty forge_bimproperty_bim_object_id_2ba8b110_fk_forge_bimobject_id; Type: FK CONSTRAINT; Schema: public; Owner: giantcld
--

ALTER TABLE ONLY public.forge_bimproperty
    ADD CONSTRAINT forge_bimproperty_bim_object_id_2ba8b110_fk_forge_bimobject_id FOREIGN KEY (bim_object_id) REFERENCES public.forge_bimobject(id) DEFERRABLE INITIALLY DEFERRED;


--
-- TOC entry 3446 (class 2606 OID 126600)
-- Name: token_blacklist_blacklistedtoken token_blacklist_blacklistedtoken_token_id_3cc7fe56_fk; Type: FK CONSTRAINT; Schema: public; Owner: giantcld
--

ALTER TABLE ONLY public.token_blacklist_blacklistedtoken
    ADD CONSTRAINT token_blacklist_blacklistedtoken_token_id_3cc7fe56_fk FOREIGN KEY (token_id) REFERENCES public.token_blacklist_outstandingtoken(id) DEFERRABLE INITIALLY DEFERRED;


--
-- TOC entry 3447 (class 2606 OID 126566)
-- Name: token_blacklist_outstandingtoken token_blacklist_outs_user_id_83bc629a_fk_account_u; Type: FK CONSTRAINT; Schema: public; Owner: giantcld
--

ALTER TABLE ONLY public.token_blacklist_outstandingtoken
    ADD CONSTRAINT token_blacklist_outs_user_id_83bc629a_fk_account_u FOREIGN KEY (user_id) REFERENCES public.account_user(id) DEFERRABLE INITIALLY DEFERRED;


--
-- TOC entry 3655 (class 0 OID 0)
-- Dependencies: 5
-- Name: SCHEMA public; Type: ACL; Schema: -; Owner: postgres
--

REVOKE USAGE ON SCHEMA public FROM PUBLIC;
GRANT ALL ON SCHEMA public TO PUBLIC;


-- Completed on 2025-02-14 03:03:41

--
-- PostgreSQL database dump complete
--

